filename,label,R_100,R_150,R_200,G_150,G_200,B_150,B_200
pink (1).jpg,pink,0.1123046875,0.203125,0.5234375,0.7431640625,0.96875,0.6640625,0.978515625
pink (10).jpg,pink,0.2685546875,0.3837890625,0.578125,0.595703125,0.9013671875,0.533203125,0.8916015625
pink (100).jpg,pink,0.1767578125,0.3095703125,0.5576171875,0.4404296875,0.806640625,0.451171875,0.80078125
pink (1000).jpg,pink,0.1767578125,0.3095703125,0.5576171875,0.4404296875,0.806640625,0.451171875,0.80078125
pink (1001).jpg,pink,0.25390625,0.3349609375,0.5185546875,0.5947265625,0.90625,0.4443359375,0.822265625
pink (1002).jpg,pink,0.1123046875,0.203125,0.5234375,0.7431640625,0.96875,0.6640625,0.978515625
pink (1003).jpg,pink,0.2685546875,0.3837890625,0.578125,0.595703125,0.9013671875,0.533203125,0.8916015625
pink (1004).jpg,pink,0.1767578125,0.3095703125,0.5576171875,0.4404296875,0.806640625,0.451171875,0.80078125
pink (1005).jpg,pink,0.25390625,0.3349609375,0.5185546875,0.5947265625,0.90625,0.4443359375,0.822265625
pink (1006).jpg,pink,0.25390625,0.3349609375,0.5185546875,0.5947265625,0.90625,0.4443359375,0.822265625
pink (1007).jpg,pink,0.1767578125,0.3095703125,0.5576171875,0.4404296875,0.806640625,0.451171875,0.80078125
pink (1008).jpg,pink,0.25390625,0.3349609375,0.5185546875,0.5947265625,0.90625,0.4443359375,0.822265625
pink (1009).jpg,pink,0.2685546875,0.3837890625,0.578125,0.595703125,0.9013671875,0.533203125,0.8916015625
pink (101).jpg,pink,0.25390625,0.3349609375,0.5185546875,0.5947265625,0.90625,0.4443359375,0.822265625
pink (1010).jpg,pink,0.1767578125,0.3095703125,0.5576171875,0.4404296875,0.806640625,0.451171875,0.80078125
pink (1011).jpg,pink,0.25390625,0.3349609375,0.5185546875,0.5947265625,0.90625,0.4443359375,0.822265625
pink (1012).jpg,pink,0.2685546875,0.3837890625,0.578125,0.595703125,0.9013671875,0.533203125,0.8916015625
pink (1013).jpg,pink,0.1767578125,0.3095703125,0.5576171875,0.4404296875,0.806640625,0.451171875,0.80078125
pink (1014).jpg,pink,0.25390625,0.3349609375,0.5185546875,0.5947265625,0.90625,0.4443359375,0.822265625
pink (1015).jpg,pink,0.1123046875,0.203125,0.5234375,0.7431640625,0.96875,0.6640625,0.978515625
pink (1016).jpg,pink,0.2685546875,0.3837890625,0.578125,0.595703125,0.9013671875,0.533203125,0.8916015625
pink (1017).jpg,pink,0.1767578125,0.3095703125,0.5576171875,0.4404296875,0.806640625,0.451171875,0.80078125
pink (1018).jpg,pink,0.25390625,0.3349609375,0.5185546875,0.5947265625,0.90625,0.4443359375,0.822265625
pink (1019).jpg,pink,0.25390625,0.3349609375,0.5185546875,0.5947265625,0.90625,0.4443359375,0.822265625
pink (102).jpg,pink,0.2685546875,0.3837890625,0.578125,0.595703125,0.9013671875,0.533203125,0.8916015625
pink (1020).jpg,pink,0.1767578125,0.3095703125,0.5576171875,0.4404296875,0.806640625,0.451171875,0.80078125
pink (1021).jpg,pink,0.25390625,0.3349609375,0.5185546875,0.5947265625,0.90625,0.4443359375,0.822265625
pink (1022).jpg,pink,0.2685546875,0.3837890625,0.578125,0.595703125,0.9013671875,0.533203125,0.8916015625
pink (1023).jpg,pink,0.1767578125,0.3095703125,0.5576171875,0.4404296875,0.806640625,0.451171875,0.80078125
pink (1024).jpg,pink,0.25390625,0.3349609375,0.5185546875,0.5947265625,0.90625,0.4443359375,0.822265625
pink (1025).jpg,pink,0.2685546875,0.3837890625,0.578125,0.595703125,0.9013671875,0.533203125,0.8916015625
pink (1026).jpg,pink,0.1767578125,0.3095703125,0.5576171875,0.4404296875,0.806640625,0.451171875,0.80078125
pink (1027).jpg,pink,0.25390625,0.3349609375,0.5185546875,0.5947265625,0.90625,0.4443359375,0.822265625
pink (1028).jpg,pink,0.1123046875,0.203125,0.5234375,0.7431640625,0.96875,0.6640625,0.978515625
pink (1029).jpg,pink,0.2685546875,0.3837890625,0.578125,0.595703125,0.9013671875,0.533203125,0.8916015625
pink (103).jpg,pink,0.1767578125,0.3095703125,0.5576171875,0.4404296875,0.806640625,0.451171875,0.80078125
pink (1030).jpg,pink,0.1767578125,0.3095703125,0.5576171875,0.4404296875,0.806640625,0.451171875,0.80078125
pink (1031).jpg,pink,0.25390625,0.3349609375,0.5185546875,0.5947265625,0.90625,0.4443359375,0.822265625
pink (1032).jpg,pink,0.25390625,0.3349609375,0.5185546875,0.5947265625,0.90625,0.4443359375,0.822265625
pink (1033).jpg,pink,0.1767578125,0.3095703125,0.5576171875,0.4404296875,0.806640625,0.451171875,0.80078125
pink (1034).jpg,pink,0.25390625,0.3349609375,0.5185546875,0.5947265625,0.90625,0.4443359375,0.822265625
pink (1035).jpg,pink,0.2685546875,0.3837890625,0.578125,0.595703125,0.9013671875,0.533203125,0.8916015625
pink (1036).jpg,pink,0.1767578125,0.3095703125,0.5576171875,0.4404296875,0.806640625,0.451171875,0.80078125
pink (1037).jpg,pink,0.25390625,0.3349609375,0.5185546875,0.5947265625,0.90625,0.4443359375,0.822265625
pink (1038).jpg,pink,0.2685546875,0.3837890625,0.578125,0.595703125,0.9013671875,0.533203125,0.8916015625
pink (1039).jpg,pink,0.1767578125,0.3095703125,0.5576171875,0.4404296875,0.806640625,0.451171875,0.80078125
pink (104).jpg,pink,0.25390625,0.3349609375,0.5185546875,0.5947265625,0.90625,0.4443359375,0.822265625
pink (1040).jpg,pink,0.25390625,0.3349609375,0.5185546875,0.5947265625,0.90625,0.4443359375,0.822265625
pink (1041).jpg,pink,0.1123046875,0.203125,0.5234375,0.7431640625,0.96875,0.6640625,0.978515625
pink (1042).jpg,pink,0.2685546875,0.3837890625,0.578125,0.595703125,0.9013671875,0.533203125,0.8916015625
pink (1043).jpg,pink,0.1767578125,0.3095703125,0.5576171875,0.4404296875,0.806640625,0.451171875,0.80078125
pink (1044).jpg,pink,0.25390625,0.3349609375,0.5185546875,0.5947265625,0.90625,0.4443359375,0.822265625
pink (1045).jpg,pink,0.25390625,0.3349609375,0.5185546875,0.5947265625,0.90625,0.4443359375,0.822265625
pink (1046).jpg,pink,0.1767578125,0.3095703125,0.5576171875,0.4404296875,0.806640625,0.451171875,0.80078125
pink (1047).jpg,pink,0.25390625,0.3349609375,0.5185546875,0.5947265625,0.90625,0.4443359375,0.822265625
pink (1048).jpg,pink,0.2685546875,0.3837890625,0.578125,0.595703125,0.9013671875,0.533203125,0.8916015625
pink (1049).jpg,pink,0.1767578125,0.3095703125,0.5576171875,0.4404296875,0.806640625,0.451171875,0.80078125
pink (105).jpg,pink,0.1123046875,0.203125,0.5234375,0.7431640625,0.96875,0.6640625,0.978515625
pink (1050).jpg,pink,0.25390625,0.3349609375,0.5185546875,0.5947265625,0.90625,0.4443359375,0.822265625
pink (1051).jpg,pink,0.2685546875,0.3837890625,0.578125,0.595703125,0.9013671875,0.533203125,0.8916015625
pink (1052).jpg,pink,0.1767578125,0.3095703125,0.5576171875,0.4404296875,0.806640625,0.451171875,0.80078125
pink (1053).jpg,pink,0.25390625,0.3349609375,0.5185546875,0.5947265625,0.90625,0.4443359375,0.822265625
pink (1054).jpg,pink,0.1123046875,0.203125,0.5234375,0.7431640625,0.96875,0.6640625,0.978515625
pink (1055).jpg,pink,0.2685546875,0.3837890625,0.578125,0.595703125,0.9013671875,0.533203125,0.8916015625
pink (1056).jpg,pink,0.1767578125,0.3095703125,0.5576171875,0.4404296875,0.806640625,0.451171875,0.80078125
pink (1057).jpg,pink,0.25390625,0.3349609375,0.5185546875,0.5947265625,0.90625,0.4443359375,0.822265625
pink (1058).jpg,pink,0.25390625,0.3349609375,0.5185546875,0.5947265625,0.90625,0.4443359375,0.822265625
pink (1059).jpg,pink,0.1767578125,0.3095703125,0.5576171875,0.4404296875,0.806640625,0.451171875,0.80078125
pink (106).jpg,pink,0.2685546875,0.3837890625,0.578125,0.595703125,0.9013671875,0.533203125,0.8916015625
pink (1060).jpg,pink,0.25390625,0.3349609375,0.5185546875,0.5947265625,0.90625,0.4443359375,0.822265625
pink (1061).jpg,pink,0.2685546875,0.3837890625,0.578125,0.595703125,0.9013671875,0.533203125,0.8916015625
pink (1062).jpg,pink,0.1767578125,0.3095703125,0.5576171875,0.4404296875,0.806640625,0.451171875,0.80078125
pink (1063).jpg,pink,0.25390625,0.3349609375,0.5185546875,0.5947265625,0.90625,0.4443359375,0.822265625
pink (1064).jpg,pink,0.2685546875,0.3837890625,0.578125,0.595703125,0.9013671875,0.533203125,0.8916015625
pink (1065).jpg,pink,0.1767578125,0.3095703125,0.5576171875,0.4404296875,0.806640625,0.451171875,0.80078125
pink (1066).jpg,pink,0.25390625,0.3349609375,0.5185546875,0.5947265625,0.90625,0.4443359375,0.822265625
pink (1067).jpg,pink,0.1123046875,0.203125,0.5234375,0.7431640625,0.96875,0.6640625,0.978515625
pink (1068).jpg,pink,0.2685546875,0.3837890625,0.578125,0.595703125,0.9013671875,0.533203125,0.8916015625
pink (1069).jpg,pink,0.1767578125,0.3095703125,0.5576171875,0.4404296875,0.806640625,0.451171875,0.80078125
pink (107).jpg,pink,0.1767578125,0.3095703125,0.5576171875,0.4404296875,0.806640625,0.451171875,0.80078125
pink (1070).jpg,pink,0.25390625,0.3349609375,0.5185546875,0.5947265625,0.90625,0.4443359375,0.822265625
pink (1071).jpg,pink,0.25390625,0.3349609375,0.5185546875,0.5947265625,0.90625,0.4443359375,0.822265625
pink (1072).jpg,pink,0.1767578125,0.3095703125,0.5576171875,0.4404296875,0.806640625,0.451171875,0.80078125
pink (1073).jpg,pink,0.25390625,0.3349609375,0.5185546875,0.5947265625,0.90625,0.4443359375,0.822265625
pink (1074).jpg,pink,0.2685546875,0.3837890625,0.578125,0.595703125,0.9013671875,0.533203125,0.8916015625
pink (1075).jpg,pink,0.1767578125,0.3095703125,0.5576171875,0.4404296875,0.806640625,0.451171875,0.80078125
pink (1076).jpg,pink,0.25390625,0.3349609375,0.5185546875,0.5947265625,0.90625,0.4443359375,0.822265625
pink (1077).jpg,pink,0.2685546875,0.3837890625,0.578125,0.595703125,0.9013671875,0.533203125,0.8916015625
pink (1078).jpg,pink,0.1767578125,0.3095703125,0.5576171875,0.4404296875,0.806640625,0.451171875,0.80078125
pink (1079).jpg,pink,0.25390625,0.3349609375,0.5185546875,0.5947265625,0.90625,0.4443359375,0.822265625
pink (108).jpg,pink,0.25390625,0.3349609375,0.5185546875,0.5947265625,0.90625,0.4443359375,0.822265625
pink (1080).jpg,pink,0.1123046875,0.203125,0.5234375,0.7431640625,0.96875,0.6640625,0.978515625
pink (1081).jpg,pink,0.2685546875,0.3837890625,0.578125,0.595703125,0.9013671875,0.533203125,0.8916015625
pink (1082).jpg,pink,0.1767578125,0.3095703125,0.5576171875,0.4404296875,0.806640625,0.451171875,0.80078125
pink (1083).jpg,pink,0.25390625,0.3349609375,0.5185546875,0.5947265625,0.90625,0.4443359375,0.822265625
pink (1084).jpg,pink,0.25390625,0.3349609375,0.5185546875,0.5947265625,0.90625,0.4443359375,0.822265625
pink (1085).jpg,pink,0.1767578125,0.3095703125,0.5576171875,0.4404296875,0.806640625,0.451171875,0.80078125
pink (1086).jpg,pink,0.25390625,0.3349609375,0.5185546875,0.5947265625,0.90625,0.4443359375,0.822265625
pink (1087).jpg,pink,0.2685546875,0.3837890625,0.578125,0.595703125,0.9013671875,0.533203125,0.8916015625
pink (1088).jpg,pink,0.1767578125,0.3095703125,0.5576171875,0.4404296875,0.806640625,0.451171875,0.80078125
pink (1089).jpg,pink,0.25390625,0.3349609375,0.5185546875,0.5947265625,0.90625,0.4443359375,0.822265625
pink (109).jpg,pink,0.25390625,0.3349609375,0.5185546875,0.5947265625,0.90625,0.4443359375,0.822265625
pink (1090).jpg,pink,0.2685546875,0.3837890625,0.578125,0.595703125,0.9013671875,0.533203125,0.8916015625
pink (1091).jpg,pink,0.1767578125,0.3095703125,0.5576171875,0.4404296875,0.806640625,0.451171875,0.80078125
pink (1092).jpg,pink,0.25390625,0.3349609375,0.5185546875,0.5947265625,0.90625,0.4443359375,0.822265625
pink (1093).jpg,pink,0.1123046875,0.203125,0.5234375,0.7431640625,0.96875,0.6640625,0.978515625
pink (1094).jpg,pink,0.2685546875,0.3837890625,0.578125,0.595703125,0.9013671875,0.533203125,0.8916015625
pink (1095).jpg,pink,0.1767578125,0.3095703125,0.5576171875,0.4404296875,0.806640625,0.451171875,0.80078125
pink (1096).jpg,pink,0.25390625,0.3349609375,0.5185546875,0.5947265625,0.90625,0.4443359375,0.822265625
pink (1097).jpg,pink,0.25390625,0.3349609375,0.5185546875,0.5947265625,0.90625,0.4443359375,0.822265625
pink (1098).jpg,pink,0.1767578125,0.3095703125,0.5576171875,0.4404296875,0.806640625,0.451171875,0.80078125
pink (1099).jpg,pink,0.25390625,0.3349609375,0.5185546875,0.5947265625,0.90625,0.4443359375,0.822265625
pink (11).jpg,pink,0.1767578125,0.3095703125,0.5576171875,0.4404296875,0.806640625,0.451171875,0.80078125
pink (110).jpg,pink,0.1767578125,0.3095703125,0.5576171875,0.4404296875,0.806640625,0.451171875,0.80078125
pink (1100).jpg,pink,0.2685546875,0.3837890625,0.578125,0.595703125,0.9013671875,0.533203125,0.8916015625
pink (111).jpg,pink,0.25390625,0.3349609375,0.5185546875,0.5947265625,0.90625,0.4443359375,0.822265625
pink (112).jpg,pink,0.2685546875,0.3837890625,0.578125,0.595703125,0.9013671875,0.533203125,0.8916015625
pink (113).jpg,pink,0.1767578125,0.3095703125,0.5576171875,0.4404296875,0.806640625,0.451171875,0.80078125
pink (114).jpg,pink,0.25390625,0.3349609375,0.5185546875,0.5947265625,0.90625,0.4443359375,0.822265625
pink (115).jpg,pink,0.2685546875,0.3837890625,0.578125,0.595703125,0.9013671875,0.533203125,0.8916015625
pink (116).jpg,pink,0.1767578125,0.3095703125,0.5576171875,0.4404296875,0.806640625,0.451171875,0.80078125
pink (117).jpg,pink,0.25390625,0.3349609375,0.5185546875,0.5947265625,0.90625,0.4443359375,0.822265625
pink (118).jpg,pink,0.1123046875,0.203125,0.5234375,0.7431640625,0.96875,0.6640625,0.978515625
pink (119).jpg,pink,0.2685546875,0.3837890625,0.578125,0.595703125,0.9013671875,0.533203125,0.8916015625
pink (12).jpg,pink,0.25390625,0.3349609375,0.5185546875,0.5947265625,0.90625,0.4443359375,0.822265625
pink (120).jpg,pink,0.1767578125,0.3095703125,0.5576171875,0.4404296875,0.806640625,0.451171875,0.80078125
pink (121).jpg,pink,0.25390625,0.3349609375,0.5185546875,0.5947265625,0.90625,0.4443359375,0.822265625
pink (122).jpg,pink,0.25390625,0.3349609375,0.5185546875,0.5947265625,0.90625,0.4443359375,0.822265625
pink (123).jpg,pink,0.1767578125,0.3095703125,0.5576171875,0.4404296875,0.806640625,0.451171875,0.80078125
pink (124).jpg,pink,0.25390625,0.3349609375,0.5185546875,0.5947265625,0.90625,0.4443359375,0.822265625
pink (125).jpg,pink,0.2685546875,0.3837890625,0.578125,0.595703125,0.9013671875,0.533203125,0.8916015625
pink (126).jpg,pink,0.1767578125,0.3095703125,0.5576171875,0.4404296875,0.806640625,0.451171875,0.80078125
pink (127).jpg,pink,0.25390625,0.3349609375,0.5185546875,0.5947265625,0.90625,0.4443359375,0.822265625
pink (128).jpg,pink,0.2685546875,0.3837890625,0.578125,0.595703125,0.9013671875,0.533203125,0.8916015625
pink (129).jpg,pink,0.1767578125,0.3095703125,0.5576171875,0.4404296875,0.806640625,0.451171875,0.80078125
pink (13).jpg,pink,0.25390625,0.3349609375,0.5185546875,0.5947265625,0.90625,0.4443359375,0.822265625
pink (130).jpg,pink,0.25390625,0.3349609375,0.5185546875,0.5947265625,0.90625,0.4443359375,0.822265625
pink (131).jpg,pink,0.1123046875,0.203125,0.5234375,0.7431640625,0.96875,0.6640625,0.978515625
pink (132).jpg,pink,0.2685546875,0.3837890625,0.578125,0.595703125,0.9013671875,0.533203125,0.8916015625
pink (133).jpg,pink,0.1767578125,0.3095703125,0.5576171875,0.4404296875,0.806640625,0.451171875,0.80078125
pink (134).jpg,pink,0.25390625,0.3349609375,0.5185546875,0.5947265625,0.90625,0.4443359375,0.822265625
pink (135).jpg,pink,0.25390625,0.3349609375,0.5185546875,0.5947265625,0.90625,0.4443359375,0.822265625
pink (136).jpg,pink,0.1767578125,0.3095703125,0.5576171875,0.4404296875,0.806640625,0.451171875,0.80078125
pink (137).jpg,pink,0.25390625,0.3349609375,0.5185546875,0.5947265625,0.90625,0.4443359375,0.822265625
pink (138).jpg,pink,0.2685546875,0.3837890625,0.578125,0.595703125,0.9013671875,0.533203125,0.8916015625
pink (139).jpg,pink,0.1767578125,0.3095703125,0.5576171875,0.4404296875,0.806640625,0.451171875,0.80078125
pink (14).jpg,pink,0.1123046875,0.203125,0.5234375,0.7431640625,0.96875,0.6640625,0.978515625
pink (140).jpg,pink,0.25390625,0.3349609375,0.5185546875,0.5947265625,0.90625,0.4443359375,0.822265625
pink (141).jpg,pink,0.2685546875,0.3837890625,0.578125,0.595703125,0.9013671875,0.533203125,0.8916015625
pink (142).jpg,pink,0.1767578125,0.3095703125,0.5576171875,0.4404296875,0.806640625,0.451171875,0.80078125
pink (143).jpg,pink,0.25390625,0.3349609375,0.5185546875,0.5947265625,0.90625,0.4443359375,0.822265625
pink (144).jpg,pink,0.1123046875,0.203125,0.5234375,0.7431640625,0.96875,0.6640625,0.978515625
pink (145).jpg,pink,0.2685546875,0.3837890625,0.578125,0.595703125,0.9013671875,0.533203125,0.8916015625
pink (146).jpg,pink,0.1767578125,0.3095703125,0.5576171875,0.4404296875,0.806640625,0.451171875,0.80078125
pink (147).jpg,pink,0.25390625,0.3349609375,0.5185546875,0.5947265625,0.90625,0.4443359375,0.822265625
pink (148).jpg,pink,0.25390625,0.3349609375,0.5185546875,0.5947265625,0.90625,0.4443359375,0.822265625
pink (149).jpg,pink,0.1767578125,0.3095703125,0.5576171875,0.4404296875,0.806640625,0.451171875,0.80078125
pink (15).jpg,pink,0.2685546875,0.3837890625,0.578125,0.595703125,0.9013671875,0.533203125,0.8916015625
pink (150).jpg,pink,0.25390625,0.3349609375,0.5185546875,0.5947265625,0.90625,0.4443359375,0.822265625
pink (151).jpg,pink,0.2685546875,0.3837890625,0.578125,0.595703125,0.9013671875,0.533203125,0.8916015625
pink (152).jpg,pink,0.1767578125,0.3095703125,0.5576171875,0.4404296875,0.806640625,0.451171875,0.80078125
pink (153).jpg,pink,0.25390625,0.3349609375,0.5185546875,0.5947265625,0.90625,0.4443359375,0.822265625
pink (154).jpg,pink,0.2685546875,0.3837890625,0.578125,0.595703125,0.9013671875,0.533203125,0.8916015625
pink (155).jpg,pink,0.1767578125,0.3095703125,0.5576171875,0.4404296875,0.806640625,0.451171875,0.80078125
pink (156).jpg,pink,0.25390625,0.3349609375,0.5185546875,0.5947265625,0.90625,0.4443359375,0.822265625
pink (157).jpg,pink,0.1123046875,0.203125,0.5234375,0.7431640625,0.96875,0.6640625,0.978515625
pink (158).jpg,pink,0.2685546875,0.3837890625,0.578125,0.595703125,0.9013671875,0.533203125,0.8916015625
pink (159).jpg,pink,0.1767578125,0.3095703125,0.5576171875,0.4404296875,0.806640625,0.451171875,0.80078125
pink (16).jpg,pink,0.1767578125,0.3095703125,0.5576171875,0.4404296875,0.806640625,0.451171875,0.80078125
pink (160).jpg,pink,0.25390625,0.3349609375,0.5185546875,0.5947265625,0.90625,0.4443359375,0.822265625
pink (161).jpg,pink,0.25390625,0.3349609375,0.5185546875,0.5947265625,0.90625,0.4443359375,0.822265625
pink (162).jpg,pink,0.1767578125,0.3095703125,0.5576171875,0.4404296875,0.806640625,0.451171875,0.80078125
pink (163).jpg,pink,0.25390625,0.3349609375,0.5185546875,0.5947265625,0.90625,0.4443359375,0.822265625
pink (164).jpg,pink,0.2685546875,0.3837890625,0.578125,0.595703125,0.9013671875,0.533203125,0.8916015625
pink (165).jpg,pink,0.1767578125,0.3095703125,0.5576171875,0.4404296875,0.806640625,0.451171875,0.80078125
pink (166).jpg,pink,0.25390625,0.3349609375,0.5185546875,0.5947265625,0.90625,0.4443359375,0.822265625
pink (167).jpg,pink,0.2685546875,0.3837890625,0.578125,0.595703125,0.9013671875,0.533203125,0.8916015625
pink (168).jpg,pink,0.1767578125,0.3095703125,0.5576171875,0.4404296875,0.806640625,0.451171875,0.80078125
pink (169).jpg,pink,0.25390625,0.3349609375,0.5185546875,0.5947265625,0.90625,0.4443359375,0.822265625
pink (17).jpg,pink,0.25390625,0.3349609375,0.5185546875,0.5947265625,0.90625,0.4443359375,0.822265625
pink (170).jpg,pink,0.1123046875,0.203125,0.5234375,0.7431640625,0.96875,0.6640625,0.978515625
pink (171).jpg,pink,0.2685546875,0.3837890625,0.578125,0.595703125,0.9013671875,0.533203125,0.8916015625
pink (172).jpg,pink,0.1767578125,0.3095703125,0.5576171875,0.4404296875,0.806640625,0.451171875,0.80078125
pink (173).jpg,pink,0.25390625,0.3349609375,0.5185546875,0.5947265625,0.90625,0.4443359375,0.822265625
pink (174).jpg,pink,0.25390625,0.3349609375,0.5185546875,0.5947265625,0.90625,0.4443359375,0.822265625
pink (175).jpg,pink,0.1767578125,0.3095703125,0.5576171875,0.4404296875,0.806640625,0.451171875,0.80078125
pink (176).jpg,pink,0.25390625,0.3349609375,0.5185546875,0.5947265625,0.90625,0.4443359375,0.822265625
pink (177).jpg,pink,0.2685546875,0.3837890625,0.578125,0.595703125,0.9013671875,0.533203125,0.8916015625
pink (178).jpg,pink,0.1767578125,0.3095703125,0.5576171875,0.4404296875,0.806640625,0.451171875,0.80078125
pink (179).jpg,pink,0.25390625,0.3349609375,0.5185546875,0.5947265625,0.90625,0.4443359375,0.822265625
pink (18).jpg,pink,0.25390625,0.3349609375,0.5185546875,0.5947265625,0.90625,0.4443359375,0.822265625
pink (180).jpg,pink,0.2685546875,0.3837890625,0.578125,0.595703125,0.9013671875,0.533203125,0.8916015625
pink (181).jpg,pink,0.1767578125,0.3095703125,0.5576171875,0.4404296875,0.806640625,0.451171875,0.80078125
pink (182).jpg,pink,0.25390625,0.3349609375,0.5185546875,0.5947265625,0.90625,0.4443359375,0.822265625
pink (183).jpg,pink,0.1123046875,0.203125,0.5234375,0.7431640625,0.96875,0.6640625,0.978515625
pink (184).jpg,pink,0.2685546875,0.3837890625,0.578125,0.595703125,0.9013671875,0.533203125,0.8916015625
pink (185).jpg,pink,0.1767578125,0.3095703125,0.5576171875,0.4404296875,0.806640625,0.451171875,0.80078125
pink (186).jpg,pink,0.25390625,0.3349609375,0.5185546875,0.5947265625,0.90625,0.4443359375,0.822265625
pink (187).jpg,pink,0.25390625,0.3349609375,0.5185546875,0.5947265625,0.90625,0.4443359375,0.822265625
pink (188).jpg,pink,0.1767578125,0.3095703125,0.5576171875,0.4404296875,0.806640625,0.451171875,0.80078125
pink (189).jpg,pink,0.25390625,0.3349609375,0.5185546875,0.5947265625,0.90625,0.4443359375,0.822265625
pink (19).jpg,pink,0.1767578125,0.3095703125,0.5576171875,0.4404296875,0.806640625,0.451171875,0.80078125
pink (190).jpg,pink,0.2685546875,0.3837890625,0.578125,0.595703125,0.9013671875,0.533203125,0.8916015625
pink (191).jpg,pink,0.1767578125,0.3095703125,0.5576171875,0.4404296875,0.806640625,0.451171875,0.80078125
pink (192).jpg,pink,0.25390625,0.3349609375,0.5185546875,0.5947265625,0.90625,0.4443359375,0.822265625
pink (193).jpg,pink,0.2685546875,0.3837890625,0.578125,0.595703125,0.9013671875,0.533203125,0.8916015625
pink (194).jpg,pink,0.1767578125,0.3095703125,0.5576171875,0.4404296875,0.806640625,0.451171875,0.80078125
pink (195).jpg,pink,0.25390625,0.3349609375,0.5185546875,0.5947265625,0.90625,0.4443359375,0.822265625
pink (196).jpg,pink,0.1123046875,0.203125,0.5234375,0.7431640625,0.96875,0.6640625,0.978515625
pink (197).jpg,pink,0.2685546875,0.3837890625,0.578125,0.595703125,0.9013671875,0.533203125,0.8916015625
pink (198).jpg,pink,0.1767578125,0.3095703125,0.5576171875,0.4404296875,0.806640625,0.451171875,0.80078125
pink (199).jpg,pink,0.25390625,0.3349609375,0.5185546875,0.5947265625,0.90625,0.4443359375,0.822265625
pink (2).jpg,pink,0.1767578125,0.3095703125,0.5576171875,0.4404296875,0.806640625,0.451171875,0.80078125
pink (20).jpg,pink,0.25390625,0.3349609375,0.5185546875,0.5947265625,0.90625,0.4443359375,0.822265625
pink (200).jpg,pink,0.25390625,0.3349609375,0.5185546875,0.5947265625,0.90625,0.4443359375,0.822265625
pink (201).jpg,pink,0.1767578125,0.3095703125,0.5576171875,0.4404296875,0.806640625,0.451171875,0.80078125
pink (202).jpg,pink,0.25390625,0.3349609375,0.5185546875,0.5947265625,0.90625,0.4443359375,0.822265625
pink (203).jpg,pink,0.2685546875,0.3837890625,0.578125,0.595703125,0.9013671875,0.533203125,0.8916015625
pink (204).jpg,pink,0.1767578125,0.3095703125,0.5576171875,0.4404296875,0.806640625,0.451171875,0.80078125
pink (205).jpg,pink,0.25390625,0.3349609375,0.5185546875,0.5947265625,0.90625,0.4443359375,0.822265625
pink (206).jpg,pink,0.2685546875,0.3837890625,0.578125,0.595703125,0.9013671875,0.533203125,0.8916015625
pink (207).jpg,pink,0.1767578125,0.3095703125,0.5576171875,0.4404296875,0.806640625,0.451171875,0.80078125
pink (208).jpg,pink,0.25390625,0.3349609375,0.5185546875,0.5947265625,0.90625,0.4443359375,0.822265625
pink (209).jpg,pink,0.1123046875,0.203125,0.5234375,0.7431640625,0.96875,0.6640625,0.978515625
pink (21).jpg,pink,0.2685546875,0.3837890625,0.578125,0.595703125,0.9013671875,0.533203125,0.8916015625
pink (210).jpg,pink,0.2685546875,0.3837890625,0.578125,0.595703125,0.9013671875,0.533203125,0.8916015625
pink (211).jpg,pink,0.1767578125,0.3095703125,0.5576171875,0.4404296875,0.806640625,0.451171875,0.80078125
pink (212).jpg,pink,0.25390625,0.3349609375,0.5185546875,0.5947265625,0.90625,0.4443359375,0.822265625
pink (213).jpg,pink,0.25390625,0.3349609375,0.5185546875,0.5947265625,0.90625,0.4443359375,0.822265625
pink (214).jpg,pink,0.1767578125,0.3095703125,0.5576171875,0.4404296875,0.806640625,0.451171875,0.80078125
pink (215).jpg,pink,0.25390625,0.3349609375,0.5185546875,0.5947265625,0.90625,0.4443359375,0.822265625
pink (216).jpg,pink,0.2685546875,0.3837890625,0.578125,0.595703125,0.9013671875,0.533203125,0.8916015625
pink (217).jpg,pink,0.1767578125,0.3095703125,0.5576171875,0.4404296875,0.806640625,0.451171875,0.80078125
pink (218).jpg,pink,0.25390625,0.3349609375,0.5185546875,0.5947265625,0.90625,0.4443359375,0.822265625
pink (219).jpg,pink,0.2685546875,0.3837890625,0.578125,0.595703125,0.9013671875,0.533203125,0.8916015625
pink (22).jpg,pink,0.1767578125,0.3095703125,0.5576171875,0.4404296875,0.806640625,0.451171875,0.80078125
pink (220).jpg,pink,0.1767578125,0.3095703125,0.5576171875,0.4404296875,0.806640625,0.451171875,0.80078125
pink (221).jpg,pink,0.25390625,0.3349609375,0.5185546875,0.5947265625,0.90625,0.4443359375,0.822265625
pink (222).jpg,pink,0.1123046875,0.203125,0.5234375,0.7431640625,0.96875,0.6640625,0.978515625
pink (223).jpg,pink,0.2685546875,0.3837890625,0.578125,0.595703125,0.9013671875,0.533203125,0.8916015625
pink (224).jpg,pink,0.1767578125,0.3095703125,0.5576171875,0.4404296875,0.806640625,0.451171875,0.80078125
pink (225).jpg,pink,0.25390625,0.3349609375,0.5185546875,0.5947265625,0.90625,0.4443359375,0.822265625
pink (226).jpg,pink,0.25390625,0.3349609375,0.5185546875,0.5947265625,0.90625,0.4443359375,0.822265625
pink (227).jpg,pink,0.1767578125,0.3095703125,0.5576171875,0.4404296875,0.806640625,0.451171875,0.80078125
pink (228).jpg,pink,0.25390625,0.3349609375,0.5185546875,0.5947265625,0.90625,0.4443359375,0.822265625
pink (229).jpg,pink,0.2685546875,0.3837890625,0.578125,0.595703125,0.9013671875,0.533203125,0.8916015625
pink (23).jpg,pink,0.25390625,0.3349609375,0.5185546875,0.5947265625,0.90625,0.4443359375,0.822265625
pink (230).jpg,pink,0.1767578125,0.3095703125,0.5576171875,0.4404296875,0.806640625,0.451171875,0.80078125
pink (231).jpg,pink,0.25390625,0.3349609375,0.5185546875,0.5947265625,0.90625,0.4443359375,0.822265625
pink (232).jpg,pink,0.2685546875,0.3837890625,0.578125,0.595703125,0.9013671875,0.533203125,0.8916015625
pink (233).jpg,pink,0.1767578125,0.3095703125,0.5576171875,0.4404296875,0.806640625,0.451171875,0.80078125
pink (234).jpg,pink,0.25390625,0.3349609375,0.5185546875,0.5947265625,0.90625,0.4443359375,0.822265625
pink (235).jpg,pink,0.1123046875,0.203125,0.5234375,0.7431640625,0.96875,0.6640625,0.978515625
pink (236).jpg,pink,0.2685546875,0.3837890625,0.578125,0.595703125,0.9013671875,0.533203125,0.8916015625
pink (237).jpg,pink,0.1767578125,0.3095703125,0.5576171875,0.4404296875,0.806640625,0.451171875,0.80078125
pink (238).jpg,pink,0.25390625,0.3349609375,0.5185546875,0.5947265625,0.90625,0.4443359375,0.822265625
pink (239).jpg,pink,0.25390625,0.3349609375,0.5185546875,0.5947265625,0.90625,0.4443359375,0.822265625
pink (24).jpg,pink,0.2685546875,0.3837890625,0.578125,0.595703125,0.9013671875,0.533203125,0.8916015625
pink (240).jpg,pink,0.1767578125,0.3095703125,0.5576171875,0.4404296875,0.806640625,0.451171875,0.80078125
pink (241).jpg,pink,0.25390625,0.3349609375,0.5185546875,0.5947265625,0.90625,0.4443359375,0.822265625
pink (242).jpg,pink,0.2685546875,0.3837890625,0.578125,0.595703125,0.9013671875,0.533203125,0.8916015625
pink (243).jpg,pink,0.1767578125,0.3095703125,0.5576171875,0.4404296875,0.806640625,0.451171875,0.80078125
pink (244).jpg,pink,0.25390625,0.3349609375,0.5185546875,0.5947265625,0.90625,0.4443359375,0.822265625
pink (245).jpg,pink,0.2685546875,0.3837890625,0.578125,0.595703125,0.9013671875,0.533203125,0.8916015625
pink (246).jpg,pink,0.1767578125,0.3095703125,0.5576171875,0.4404296875,0.806640625,0.451171875,0.80078125
pink (247).jpg,pink,0.25390625,0.3349609375,0.5185546875,0.5947265625,0.90625,0.4443359375,0.822265625
pink (248).jpg,pink,0.1123046875,0.203125,0.5234375,0.7431640625,0.96875,0.6640625,0.978515625
pink (249).jpg,pink,0.2685546875,0.3837890625,0.578125,0.595703125,0.9013671875,0.533203125,0.8916015625
pink (25).jpg,pink,0.1767578125,0.3095703125,0.5576171875,0.4404296875,0.806640625,0.451171875,0.80078125
pink (250).jpg,pink,0.1767578125,0.3095703125,0.5576171875,0.4404296875,0.806640625,0.451171875,0.80078125
pink (251).jpg,pink,0.25390625,0.3349609375,0.5185546875,0.5947265625,0.90625,0.4443359375,0.822265625
pink (252).jpg,pink,0.25390625,0.3349609375,0.5185546875,0.5947265625,0.90625,0.4443359375,0.822265625
pink (253).jpg,pink,0.1767578125,0.3095703125,0.5576171875,0.4404296875,0.806640625,0.451171875,0.80078125
pink (254).jpg,pink,0.25390625,0.3349609375,0.5185546875,0.5947265625,0.90625,0.4443359375,0.822265625
pink (255).jpg,pink,0.2685546875,0.3837890625,0.578125,0.595703125,0.9013671875,0.533203125,0.8916015625
pink (256).jpg,pink,0.1767578125,0.3095703125,0.5576171875,0.4404296875,0.806640625,0.451171875,0.80078125
pink (257).jpg,pink,0.25390625,0.3349609375,0.5185546875,0.5947265625,0.90625,0.4443359375,0.822265625
pink (258).jpg,pink,0.2685546875,0.3837890625,0.578125,0.595703125,0.9013671875,0.533203125,0.8916015625
pink (259).jpg,pink,0.1767578125,0.3095703125,0.5576171875,0.4404296875,0.806640625,0.451171875,0.80078125
pink (26).jpg,pink,0.25390625,0.3349609375,0.5185546875,0.5947265625,0.90625,0.4443359375,0.822265625
pink (260).jpg,pink,0.25390625,0.3349609375,0.5185546875,0.5947265625,0.90625,0.4443359375,0.822265625
pink (261).jpg,pink,0.1123046875,0.203125,0.5234375,0.7431640625,0.96875,0.6640625,0.978515625
pink (262).jpg,pink,0.2685546875,0.3837890625,0.578125,0.595703125,0.9013671875,0.533203125,0.8916015625
pink (263).jpg,pink,0.1767578125,0.3095703125,0.5576171875,0.4404296875,0.806640625,0.451171875,0.80078125
pink (264).jpg,pink,0.25390625,0.3349609375,0.5185546875,0.5947265625,0.90625,0.4443359375,0.822265625
pink (265).jpg,pink,0.25390625,0.3349609375,0.5185546875,0.5947265625,0.90625,0.4443359375,0.822265625
pink (266).jpg,pink,0.1767578125,0.3095703125,0.5576171875,0.4404296875,0.806640625,0.451171875,0.80078125
pink (267).jpg,pink,0.25390625,0.3349609375,0.5185546875,0.5947265625,0.90625,0.4443359375,0.822265625
pink (268).jpg,pink,0.2685546875,0.3837890625,0.578125,0.595703125,0.9013671875,0.533203125,0.8916015625
pink (269).jpg,pink,0.1767578125,0.3095703125,0.5576171875,0.4404296875,0.806640625,0.451171875,0.80078125
pink (27).jpg,pink,0.1123046875,0.203125,0.5234375,0.7431640625,0.96875,0.6640625,0.978515625
pink (270).jpg,pink,0.25390625,0.3349609375,0.5185546875,0.5947265625,0.90625,0.4443359375,0.822265625
pink (271).jpg,pink,0.2685546875,0.3837890625,0.578125,0.595703125,0.9013671875,0.533203125,0.8916015625
pink (272).jpg,pink,0.1767578125,0.3095703125,0.5576171875,0.4404296875,0.806640625,0.451171875,0.80078125
pink (273).jpg,pink,0.25390625,0.3349609375,0.5185546875,0.5947265625,0.90625,0.4443359375,0.822265625
pink (274).jpg,pink,0.1123046875,0.203125,0.5234375,0.7431640625,0.96875,0.6640625,0.978515625
pink (275).jpg,pink,0.2685546875,0.3837890625,0.578125,0.595703125,0.9013671875,0.533203125,0.8916015625
pink (276).jpg,pink,0.1767578125,0.3095703125,0.5576171875,0.4404296875,0.806640625,0.451171875,0.80078125
pink (277).jpg,pink,0.25390625,0.3349609375,0.5185546875,0.5947265625,0.90625,0.4443359375,0.822265625
pink (278).jpg,pink,0.25390625,0.3349609375,0.5185546875,0.5947265625,0.90625,0.4443359375,0.822265625
pink (279).jpg,pink,0.1767578125,0.3095703125,0.5576171875,0.4404296875,0.806640625,0.451171875,0.80078125
pink (28).jpg,pink,0.2685546875,0.3837890625,0.578125,0.595703125,0.9013671875,0.533203125,0.8916015625
pink (280).jpg,pink,0.25390625,0.3349609375,0.5185546875,0.5947265625,0.90625,0.4443359375,0.822265625
pink (281).jpg,pink,0.2685546875,0.3837890625,0.578125,0.595703125,0.9013671875,0.533203125,0.8916015625
pink (282).jpg,pink,0.1767578125,0.3095703125,0.5576171875,0.4404296875,0.806640625,0.451171875,0.80078125
pink (283).jpg,pink,0.25390625,0.3349609375,0.5185546875,0.5947265625,0.90625,0.4443359375,0.822265625
pink (284).jpg,pink,0.2685546875,0.3837890625,0.578125,0.595703125,0.9013671875,0.533203125,0.8916015625
pink (285).jpg,pink,0.1767578125,0.3095703125,0.5576171875,0.4404296875,0.806640625,0.451171875,0.80078125
pink (286).jpg,pink,0.25390625,0.3349609375,0.5185546875,0.5947265625,0.90625,0.4443359375,0.822265625
pink (287).jpg,pink,0.1123046875,0.203125,0.5234375,0.7431640625,0.96875,0.6640625,0.978515625
pink (288).jpg,pink,0.2685546875,0.3837890625,0.578125,0.595703125,0.9013671875,0.533203125,0.8916015625
pink (289).jpg,pink,0.1767578125,0.3095703125,0.5576171875,0.4404296875,0.806640625,0.451171875,0.80078125
pink (29).jpg,pink,0.1767578125,0.3095703125,0.5576171875,0.4404296875,0.806640625,0.451171875,0.80078125
pink (290).jpg,pink,0.25390625,0.3349609375,0.5185546875,0.5947265625,0.90625,0.4443359375,0.822265625
pink (291).jpg,pink,0.25390625,0.3349609375,0.5185546875,0.5947265625,0.90625,0.4443359375,0.822265625
pink (292).jpg,pink,0.1767578125,0.3095703125,0.5576171875,0.4404296875,0.806640625,0.451171875,0.80078125
pink (293).jpg,pink,0.25390625,0.3349609375,0.5185546875,0.5947265625,0.90625,0.4443359375,0.822265625
pink (294).jpg,pink,0.2685546875,0.3837890625,0.578125,0.595703125,0.9013671875,0.533203125,0.8916015625
pink (295).jpg,pink,0.1767578125,0.3095703125,0.5576171875,0.4404296875,0.806640625,0.451171875,0.80078125
pink (296).jpg,pink,0.25390625,0.3349609375,0.5185546875,0.5947265625,0.90625,0.4443359375,0.822265625
pink (297).jpg,pink,0.2685546875,0.3837890625,0.578125,0.595703125,0.9013671875,0.533203125,0.8916015625
pink (298).jpg,pink,0.1767578125,0.3095703125,0.5576171875,0.4404296875,0.806640625,0.451171875,0.80078125
pink (299).jpg,pink,0.25390625,0.3349609375,0.5185546875,0.5947265625,0.90625,0.4443359375,0.822265625
pink (3).jpg,pink,0.25390625,0.3349609375,0.5185546875,0.5947265625,0.90625,0.4443359375,0.822265625
pink (30).jpg,pink,0.25390625,0.3349609375,0.5185546875,0.5947265625,0.90625,0.4443359375,0.822265625
pink (300).jpg,pink,0.1123046875,0.203125,0.5234375,0.7431640625,0.96875,0.6640625,0.978515625
pink (301).jpg,pink,0.2685546875,0.3837890625,0.578125,0.595703125,0.9013671875,0.533203125,0.8916015625
pink (302).jpg,pink,0.1767578125,0.3095703125,0.5576171875,0.4404296875,0.806640625,0.451171875,0.80078125
pink (303).jpg,pink,0.25390625,0.3349609375,0.5185546875,0.5947265625,0.90625,0.4443359375,0.822265625
pink (304).jpg,pink,0.25390625,0.3349609375,0.5185546875,0.5947265625,0.90625,0.4443359375,0.822265625
pink (305).jpg,pink,0.1767578125,0.3095703125,0.5576171875,0.4404296875,0.806640625,0.451171875,0.80078125
pink (306).jpg,pink,0.25390625,0.3349609375,0.5185546875,0.5947265625,0.90625,0.4443359375,0.822265625
pink (307).jpg,pink,0.2685546875,0.3837890625,0.578125,0.595703125,0.9013671875,0.533203125,0.8916015625
pink (308).jpg,pink,0.1767578125,0.3095703125,0.5576171875,0.4404296875,0.806640625,0.451171875,0.80078125
pink (309).jpg,pink,0.25390625,0.3349609375,0.5185546875,0.5947265625,0.90625,0.4443359375,0.822265625
pink (31).jpg,pink,0.25390625,0.3349609375,0.5185546875,0.5947265625,0.90625,0.4443359375,0.822265625
pink (310).jpg,pink,0.2685546875,0.3837890625,0.578125,0.595703125,0.9013671875,0.533203125,0.8916015625
pink (311).jpg,pink,0.1767578125,0.3095703125,0.5576171875,0.4404296875,0.806640625,0.451171875,0.80078125
pink (312).jpg,pink,0.25390625,0.3349609375,0.5185546875,0.5947265625,0.90625,0.4443359375,0.822265625
pink (313).jpg,pink,0.1123046875,0.203125,0.5234375,0.7431640625,0.96875,0.6640625,0.978515625
pink (314).jpg,pink,0.2685546875,0.3837890625,0.578125,0.595703125,0.9013671875,0.533203125,0.8916015625
pink (315).jpg,pink,0.1767578125,0.3095703125,0.5576171875,0.4404296875,0.806640625,0.451171875,0.80078125
pink (316).jpg,pink,0.25390625,0.3349609375,0.5185546875,0.5947265625,0.90625,0.4443359375,0.822265625
pink (317).jpg,pink,0.25390625,0.3349609375,0.5185546875,0.5947265625,0.90625,0.4443359375,0.822265625
pink (318).jpg,pink,0.1767578125,0.3095703125,0.5576171875,0.4404296875,0.806640625,0.451171875,0.80078125
pink (319).jpg,pink,0.25390625,0.3349609375,0.5185546875,0.5947265625,0.90625,0.4443359375,0.822265625
pink (32).jpg,pink,0.1767578125,0.3095703125,0.5576171875,0.4404296875,0.806640625,0.451171875,0.80078125
pink (320).jpg,pink,0.2685546875,0.3837890625,0.578125,0.595703125,0.9013671875,0.533203125,0.8916015625
pink (321).jpg,pink,0.1767578125,0.3095703125,0.5576171875,0.4404296875,0.806640625,0.451171875,0.80078125
pink (322).jpg,pink,0.25390625,0.3349609375,0.5185546875,0.5947265625,0.90625,0.4443359375,0.822265625
pink (323).jpg,pink,0.2685546875,0.3837890625,0.578125,0.595703125,0.9013671875,0.533203125,0.8916015625
pink (324).jpg,pink,0.1767578125,0.3095703125,0.5576171875,0.4404296875,0.806640625,0.451171875,0.80078125
pink (325).jpg,pink,0.25390625,0.3349609375,0.5185546875,0.5947265625,0.90625,0.4443359375,0.822265625
pink (326).jpg,pink,0.1123046875,0.203125,0.5234375,0.7431640625,0.96875,0.6640625,0.978515625
pink (327).jpg,pink,0.2685546875,0.3837890625,0.578125,0.595703125,0.9013671875,0.533203125,0.8916015625
pink (328).jpg,pink,0.1767578125,0.3095703125,0.5576171875,0.4404296875,0.806640625,0.451171875,0.80078125
pink (329).jpg,pink,0.25390625,0.3349609375,0.5185546875,0.5947265625,0.90625,0.4443359375,0.822265625
pink (33).jpg,pink,0.25390625,0.3349609375,0.5185546875,0.5947265625,0.90625,0.4443359375,0.822265625
pink (330).jpg,pink,0.25390625,0.3349609375,0.5185546875,0.5947265625,0.90625,0.4443359375,0.822265625
pink (331).jpg,pink,0.1767578125,0.3095703125,0.5576171875,0.4404296875,0.806640625,0.451171875,0.80078125
pink (332).jpg,pink,0.25390625,0.3349609375,0.5185546875,0.5947265625,0.90625,0.4443359375,0.822265625
pink (333).jpg,pink,0.2685546875,0.3837890625,0.578125,0.595703125,0.9013671875,0.533203125,0.8916015625
pink (334).jpg,pink,0.1767578125,0.3095703125,0.5576171875,0.4404296875,0.806640625,0.451171875,0.80078125
pink (335).jpg,pink,0.25390625,0.3349609375,0.5185546875,0.5947265625,0.90625,0.4443359375,0.822265625
pink (336).jpg,pink,0.2685546875,0.3837890625,0.578125,0.595703125,0.9013671875,0.533203125,0.8916015625
pink (337).jpg,pink,0.1767578125,0.3095703125,0.5576171875,0.4404296875,0.806640625,0.451171875,0.80078125
pink (338).jpg,pink,0.25390625,0.3349609375,0.5185546875,0.5947265625,0.90625,0.4443359375,0.822265625
pink (339).jpg,pink,0.1123046875,0.203125,0.5234375,0.7431640625,0.96875,0.6640625,0.978515625
pink (34).jpg,pink,0.2685546875,0.3837890625,0.578125,0.595703125,0.9013671875,0.533203125,0.8916015625
pink (340).jpg,pink,0.2685546875,0.3837890625,0.578125,0.595703125,0.9013671875,0.533203125,0.8916015625
pink (341).jpg,pink,0.1767578125,0.3095703125,0.5576171875,0.4404296875,0.806640625,0.451171875,0.80078125
pink (342).jpg,pink,0.25390625,0.3349609375,0.5185546875,0.5947265625,0.90625,0.4443359375,0.822265625
pink (343).jpg,pink,0.25390625,0.3349609375,0.5185546875,0.5947265625,0.90625,0.4443359375,0.822265625
pink (344).jpg,pink,0.1767578125,0.3095703125,0.5576171875,0.4404296875,0.806640625,0.451171875,0.80078125
pink (345).jpg,pink,0.25390625,0.3349609375,0.5185546875,0.5947265625,0.90625,0.4443359375,0.822265625
pink (346).jpg,pink,0.2685546875,0.3837890625,0.578125,0.595703125,0.9013671875,0.533203125,0.8916015625
pink (347).jpg,pink,0.1767578125,0.3095703125,0.5576171875,0.4404296875,0.806640625,0.451171875,0.80078125
pink (348).jpg,pink,0.25390625,0.3349609375,0.5185546875,0.5947265625,0.90625,0.4443359375,0.822265625
pink (349).jpg,pink,0.2685546875,0.3837890625,0.578125,0.595703125,0.9013671875,0.533203125,0.8916015625
pink (35).jpg,pink,0.1767578125,0.3095703125,0.5576171875,0.4404296875,0.806640625,0.451171875,0.80078125
pink (350).jpg,pink,0.1767578125,0.3095703125,0.5576171875,0.4404296875,0.806640625,0.451171875,0.80078125
pink (351).jpg,pink,0.25390625,0.3349609375,0.5185546875,0.5947265625,0.90625,0.4443359375,0.822265625
pink (352).jpg,pink,0.1123046875,0.203125,0.5234375,0.7431640625,0.96875,0.6640625,0.978515625
pink (353).jpg,pink,0.2685546875,0.3837890625,0.578125,0.595703125,0.9013671875,0.533203125,0.8916015625
pink (354).jpg,pink,0.1767578125,0.3095703125,0.5576171875,0.4404296875,0.806640625,0.451171875,0.80078125
pink (355).jpg,pink,0.25390625,0.3349609375,0.5185546875,0.5947265625,0.90625,0.4443359375,0.822265625
pink (356).jpg,pink,0.25390625,0.3349609375,0.5185546875,0.5947265625,0.90625,0.4443359375,0.822265625
pink (357).jpg,pink,0.1767578125,0.3095703125,0.5576171875,0.4404296875,0.806640625,0.451171875,0.80078125
pink (358).jpg,pink,0.25390625,0.3349609375,0.5185546875,0.5947265625,0.90625,0.4443359375,0.822265625
pink (359).jpg,pink,0.2685546875,0.3837890625,0.578125,0.595703125,0.9013671875,0.533203125,0.8916015625
pink (36).jpg,pink,0.25390625,0.3349609375,0.5185546875,0.5947265625,0.90625,0.4443359375,0.822265625
pink (360).jpg,pink,0.1767578125,0.3095703125,0.5576171875,0.4404296875,0.806640625,0.451171875,0.80078125
pink (361).jpg,pink,0.25390625,0.3349609375,0.5185546875,0.5947265625,0.90625,0.4443359375,0.822265625
pink (362).jpg,pink,0.2685546875,0.3837890625,0.578125,0.595703125,0.9013671875,0.533203125,0.8916015625
pink (363).jpg,pink,0.1767578125,0.3095703125,0.5576171875,0.4404296875,0.806640625,0.451171875,0.80078125
pink (364).jpg,pink,0.25390625,0.3349609375,0.5185546875,0.5947265625,0.90625,0.4443359375,0.822265625
pink (365).jpg,pink,0.1123046875,0.203125,0.5234375,0.7431640625,0.96875,0.6640625,0.978515625
pink (366).jpg,pink,0.2685546875,0.3837890625,0.578125,0.595703125,0.9013671875,0.533203125,0.8916015625
pink (367).jpg,pink,0.1767578125,0.3095703125,0.5576171875,0.4404296875,0.806640625,0.451171875,0.80078125
pink (368).jpg,pink,0.25390625,0.3349609375,0.5185546875,0.5947265625,0.90625,0.4443359375,0.822265625
pink (369).jpg,pink,0.25390625,0.3349609375,0.5185546875,0.5947265625,0.90625,0.4443359375,0.822265625
pink (37).jpg,pink,0.2685546875,0.3837890625,0.578125,0.595703125,0.9013671875,0.533203125,0.8916015625
pink (370).jpg,pink,0.1767578125,0.3095703125,0.5576171875,0.4404296875,0.806640625,0.451171875,0.80078125
pink (371).jpg,pink,0.25390625,0.3349609375,0.5185546875,0.5947265625,0.90625,0.4443359375,0.822265625
pink (372).jpg,pink,0.2685546875,0.3837890625,0.578125,0.595703125,0.9013671875,0.533203125,0.8916015625
pink (373).jpg,pink,0.1767578125,0.3095703125,0.5576171875,0.4404296875,0.806640625,0.451171875,0.80078125
pink (374).jpg,pink,0.25390625,0.3349609375,0.5185546875,0.5947265625,0.90625,0.4443359375,0.822265625
pink (375).jpg,pink,0.2685546875,0.3837890625,0.578125,0.595703125,0.9013671875,0.533203125,0.8916015625
pink (376).jpg,pink,0.1767578125,0.3095703125,0.5576171875,0.4404296875,0.806640625,0.451171875,0.80078125
pink (377).jpg,pink,0.25390625,0.3349609375,0.5185546875,0.5947265625,0.90625,0.4443359375,0.822265625
pink (378).jpg,pink,0.1123046875,0.203125,0.5234375,0.7431640625,0.96875,0.6640625,0.978515625
pink (379).jpg,pink,0.2685546875,0.3837890625,0.578125,0.595703125,0.9013671875,0.533203125,0.8916015625
pink (38).jpg,pink,0.1767578125,0.3095703125,0.5576171875,0.4404296875,0.806640625,0.451171875,0.80078125
pink (380).jpg,pink,0.1767578125,0.3095703125,0.5576171875,0.4404296875,0.806640625,0.451171875,0.80078125
pink (381).jpg,pink,0.25390625,0.3349609375,0.5185546875,0.5947265625,0.90625,0.4443359375,0.822265625
pink (382).jpg,pink,0.25390625,0.3349609375,0.5185546875,0.5947265625,0.90625,0.4443359375,0.822265625
pink (383).jpg,pink,0.1767578125,0.3095703125,0.5576171875,0.4404296875,0.806640625,0.451171875,0.80078125
pink (384).jpg,pink,0.25390625,0.3349609375,0.5185546875,0.5947265625,0.90625,0.4443359375,0.822265625
pink (385).jpg,pink,0.2685546875,0.3837890625,0.578125,0.595703125,0.9013671875,0.533203125,0.8916015625
pink (386).jpg,pink,0.1767578125,0.3095703125,0.5576171875,0.4404296875,0.806640625,0.451171875,0.80078125
pink (387).jpg,pink,0.25390625,0.3349609375,0.5185546875,0.5947265625,0.90625,0.4443359375,0.822265625
pink (388).jpg,pink,0.2685546875,0.3837890625,0.578125,0.595703125,0.9013671875,0.533203125,0.8916015625
pink (389).jpg,pink,0.1767578125,0.3095703125,0.5576171875,0.4404296875,0.806640625,0.451171875,0.80078125
pink (39).jpg,pink,0.25390625,0.3349609375,0.5185546875,0.5947265625,0.90625,0.4443359375,0.822265625
pink (390).jpg,pink,0.25390625,0.3349609375,0.5185546875,0.5947265625,0.90625,0.4443359375,0.822265625
pink (391).jpg,pink,0.1123046875,0.203125,0.5234375,0.7431640625,0.96875,0.6640625,0.978515625
pink (392).jpg,pink,0.2685546875,0.3837890625,0.578125,0.595703125,0.9013671875,0.533203125,0.8916015625
pink (393).jpg,pink,0.1767578125,0.3095703125,0.5576171875,0.4404296875,0.806640625,0.451171875,0.80078125
pink (394).jpg,pink,0.25390625,0.3349609375,0.5185546875,0.5947265625,0.90625,0.4443359375,0.822265625
pink (395).jpg,pink,0.25390625,0.3349609375,0.5185546875,0.5947265625,0.90625,0.4443359375,0.822265625
pink (396).jpg,pink,0.1767578125,0.3095703125,0.5576171875,0.4404296875,0.806640625,0.451171875,0.80078125
pink (397).jpg,pink,0.25390625,0.3349609375,0.5185546875,0.5947265625,0.90625,0.4443359375,0.822265625
pink (398).jpg,pink,0.2685546875,0.3837890625,0.578125,0.595703125,0.9013671875,0.533203125,0.8916015625
pink (399).jpg,pink,0.1767578125,0.3095703125,0.5576171875,0.4404296875,0.806640625,0.451171875,0.80078125
pink (4).jpg,pink,0.2685546875,0.3837890625,0.578125,0.595703125,0.9013671875,0.533203125,0.8916015625
pink (40).jpg,pink,0.1123046875,0.203125,0.5234375,0.7431640625,0.96875,0.6640625,0.978515625
pink (400).jpg,pink,0.25390625,0.3349609375,0.5185546875,0.5947265625,0.90625,0.4443359375,0.822265625
pink (401).jpg,pink,0.2685546875,0.3837890625,0.578125,0.595703125,0.9013671875,0.533203125,0.8916015625
pink (402).jpg,pink,0.1767578125,0.3095703125,0.5576171875,0.4404296875,0.806640625,0.451171875,0.80078125
pink (403).jpg,pink,0.25390625,0.3349609375,0.5185546875,0.5947265625,0.90625,0.4443359375,0.822265625
pink (404).jpg,pink,0.1123046875,0.203125,0.5234375,0.7431640625,0.96875,0.6640625,0.978515625
pink (405).jpg,pink,0.2685546875,0.3837890625,0.578125,0.595703125,0.9013671875,0.533203125,0.8916015625
pink (406).jpg,pink,0.1767578125,0.3095703125,0.5576171875,0.4404296875,0.806640625,0.451171875,0.80078125
pink (407).jpg,pink,0.25390625,0.3349609375,0.5185546875,0.5947265625,0.90625,0.4443359375,0.822265625
pink (408).jpg,pink,0.25390625,0.3349609375,0.5185546875,0.5947265625,0.90625,0.4443359375,0.822265625
pink (409).jpg,pink,0.1767578125,0.3095703125,0.5576171875,0.4404296875,0.806640625,0.451171875,0.80078125
pink (41).jpg,pink,0.2685546875,0.3837890625,0.578125,0.595703125,0.9013671875,0.533203125,0.8916015625
pink (410).jpg,pink,0.25390625,0.3349609375,0.5185546875,0.5947265625,0.90625,0.4443359375,0.822265625
pink (411).jpg,pink,0.2685546875,0.3837890625,0.578125,0.595703125,0.9013671875,0.533203125,0.8916015625
pink (412).jpg,pink,0.1767578125,0.3095703125,0.5576171875,0.4404296875,0.806640625,0.451171875,0.80078125
pink (413).jpg,pink,0.25390625,0.3349609375,0.5185546875,0.5947265625,0.90625,0.4443359375,0.822265625
pink (414).jpg,pink,0.2685546875,0.3837890625,0.578125,0.595703125,0.9013671875,0.533203125,0.8916015625
pink (415).jpg,pink,0.1767578125,0.3095703125,0.5576171875,0.4404296875,0.806640625,0.451171875,0.80078125
pink (416).jpg,pink,0.25390625,0.3349609375,0.5185546875,0.5947265625,0.90625,0.4443359375,0.822265625
pink (417).jpg,pink,0.1123046875,0.203125,0.5234375,0.7431640625,0.96875,0.6640625,0.978515625
pink (418).jpg,pink,0.2685546875,0.3837890625,0.578125,0.595703125,0.9013671875,0.533203125,0.8916015625
pink (419).jpg,pink,0.1767578125,0.3095703125,0.5576171875,0.4404296875,0.806640625,0.451171875,0.80078125
pink (42).jpg,pink,0.1767578125,0.3095703125,0.5576171875,0.4404296875,0.806640625,0.451171875,0.80078125
pink (420).jpg,pink,0.25390625,0.3349609375,0.5185546875,0.5947265625,0.90625,0.4443359375,0.822265625
pink (421).jpg,pink,0.25390625,0.3349609375,0.5185546875,0.5947265625,0.90625,0.4443359375,0.822265625
pink (422).jpg,pink,0.1767578125,0.3095703125,0.5576171875,0.4404296875,0.806640625,0.451171875,0.80078125
pink (423).jpg,pink,0.25390625,0.3349609375,0.5185546875,0.5947265625,0.90625,0.4443359375,0.822265625
pink (424).jpg,pink,0.2685546875,0.3837890625,0.578125,0.595703125,0.9013671875,0.533203125,0.8916015625
pink (425).jpg,pink,0.1767578125,0.3095703125,0.5576171875,0.4404296875,0.806640625,0.451171875,0.80078125
pink (426).jpg,pink,0.25390625,0.3349609375,0.5185546875,0.5947265625,0.90625,0.4443359375,0.822265625
pink (427).jpg,pink,0.2685546875,0.3837890625,0.578125,0.595703125,0.9013671875,0.533203125,0.8916015625
pink (428).jpg,pink,0.1767578125,0.3095703125,0.5576171875,0.4404296875,0.806640625,0.451171875,0.80078125
pink (429).jpg,pink,0.25390625,0.3349609375,0.5185546875,0.5947265625,0.90625,0.4443359375,0.822265625
pink (43).jpg,pink,0.25390625,0.3349609375,0.5185546875,0.5947265625,0.90625,0.4443359375,0.822265625
pink (430).jpg,pink,0.1123046875,0.203125,0.5234375,0.7431640625,0.96875,0.6640625,0.978515625
pink (431).jpg,pink,0.2685546875,0.3837890625,0.578125,0.595703125,0.9013671875,0.533203125,0.8916015625
pink (432).jpg,pink,0.1767578125,0.3095703125,0.5576171875,0.4404296875,0.806640625,0.451171875,0.80078125
pink (433).jpg,pink,0.25390625,0.3349609375,0.5185546875,0.5947265625,0.90625,0.4443359375,0.822265625
pink (434).jpg,pink,0.25390625,0.3349609375,0.5185546875,0.5947265625,0.90625,0.4443359375,0.822265625
pink (435).jpg,pink,0.1767578125,0.3095703125,0.5576171875,0.4404296875,0.806640625,0.451171875,0.80078125
pink (436).jpg,pink,0.25390625,0.3349609375,0.5185546875,0.5947265625,0.90625,0.4443359375,0.822265625
pink (437).jpg,pink,0.2685546875,0.3837890625,0.578125,0.595703125,0.9013671875,0.533203125,0.8916015625
pink (438).jpg,pink,0.1767578125,0.3095703125,0.5576171875,0.4404296875,0.806640625,0.451171875,0.80078125
pink (439).jpg,pink,0.25390625,0.3349609375,0.5185546875,0.5947265625,0.90625,0.4443359375,0.822265625
pink (44).jpg,pink,0.25390625,0.3349609375,0.5185546875,0.5947265625,0.90625,0.4443359375,0.822265625
pink (440).jpg,pink,0.2685546875,0.3837890625,0.578125,0.595703125,0.9013671875,0.533203125,0.8916015625
pink (441).jpg,pink,0.1767578125,0.3095703125,0.5576171875,0.4404296875,0.806640625,0.451171875,0.80078125
pink (442).jpg,pink,0.25390625,0.3349609375,0.5185546875,0.5947265625,0.90625,0.4443359375,0.822265625
pink (443).jpg,pink,0.1123046875,0.203125,0.5234375,0.7431640625,0.96875,0.6640625,0.978515625
pink (444).jpg,pink,0.2685546875,0.3837890625,0.578125,0.595703125,0.9013671875,0.533203125,0.8916015625
pink (445).jpg,pink,0.1767578125,0.3095703125,0.5576171875,0.4404296875,0.806640625,0.451171875,0.80078125
pink (446).jpg,pink,0.25390625,0.3349609375,0.5185546875,0.5947265625,0.90625,0.4443359375,0.822265625
pink (447).jpg,pink,0.25390625,0.3349609375,0.5185546875,0.5947265625,0.90625,0.4443359375,0.822265625
pink (448).jpg,pink,0.1767578125,0.3095703125,0.5576171875,0.4404296875,0.806640625,0.451171875,0.80078125
pink (449).jpg,pink,0.25390625,0.3349609375,0.5185546875,0.5947265625,0.90625,0.4443359375,0.822265625
pink (45).jpg,pink,0.1767578125,0.3095703125,0.5576171875,0.4404296875,0.806640625,0.451171875,0.80078125
pink (450).jpg,pink,0.2685546875,0.3837890625,0.578125,0.595703125,0.9013671875,0.533203125,0.8916015625
pink (451).jpg,pink,0.1767578125,0.3095703125,0.5576171875,0.4404296875,0.806640625,0.451171875,0.80078125
pink (452).jpg,pink,0.25390625,0.3349609375,0.5185546875,0.5947265625,0.90625,0.4443359375,0.822265625
pink (453).jpg,pink,0.2685546875,0.3837890625,0.578125,0.595703125,0.9013671875,0.533203125,0.8916015625
pink (454).jpg,pink,0.1767578125,0.3095703125,0.5576171875,0.4404296875,0.806640625,0.451171875,0.80078125
pink (455).jpg,pink,0.25390625,0.3349609375,0.5185546875,0.5947265625,0.90625,0.4443359375,0.822265625
pink (456).jpg,pink,0.1123046875,0.203125,0.5234375,0.7431640625,0.96875,0.6640625,0.978515625
pink (457).jpg,pink,0.2685546875,0.3837890625,0.578125,0.595703125,0.9013671875,0.533203125,0.8916015625
pink (458).jpg,pink,0.1767578125,0.3095703125,0.5576171875,0.4404296875,0.806640625,0.451171875,0.80078125
pink (459).jpg,pink,0.25390625,0.3349609375,0.5185546875,0.5947265625,0.90625,0.4443359375,0.822265625
pink (46).jpg,pink,0.25390625,0.3349609375,0.5185546875,0.5947265625,0.90625,0.4443359375,0.822265625
pink (460).jpg,pink,0.25390625,0.3349609375,0.5185546875,0.5947265625,0.90625,0.4443359375,0.822265625
pink (461).jpg,pink,0.1767578125,0.3095703125,0.5576171875,0.4404296875,0.806640625,0.451171875,0.80078125
pink (462).jpg,pink,0.25390625,0.3349609375,0.5185546875,0.5947265625,0.90625,0.4443359375,0.822265625
pink (463).jpg,pink,0.2685546875,0.3837890625,0.578125,0.595703125,0.9013671875,0.533203125,0.8916015625
pink (464).jpg,pink,0.1767578125,0.3095703125,0.5576171875,0.4404296875,0.806640625,0.451171875,0.80078125
pink (465).jpg,pink,0.25390625,0.3349609375,0.5185546875,0.5947265625,0.90625,0.4443359375,0.822265625
pink (466).jpg,pink,0.2685546875,0.3837890625,0.578125,0.595703125,0.9013671875,0.533203125,0.8916015625
pink (467).jpg,pink,0.1767578125,0.3095703125,0.5576171875,0.4404296875,0.806640625,0.451171875,0.80078125
pink (468).jpg,pink,0.25390625,0.3349609375,0.5185546875,0.5947265625,0.90625,0.4443359375,0.822265625
pink (469).jpg,pink,0.1123046875,0.203125,0.5234375,0.7431640625,0.96875,0.6640625,0.978515625
pink (47).jpg,pink,0.2685546875,0.3837890625,0.578125,0.595703125,0.9013671875,0.533203125,0.8916015625
pink (470).jpg,pink,0.2685546875,0.3837890625,0.578125,0.595703125,0.9013671875,0.533203125,0.8916015625
pink (471).jpg,pink,0.1767578125,0.3095703125,0.5576171875,0.4404296875,0.806640625,0.451171875,0.80078125
pink (472).jpg,pink,0.25390625,0.3349609375,0.5185546875,0.5947265625,0.90625,0.4443359375,0.822265625
pink (473).jpg,pink,0.25390625,0.3349609375,0.5185546875,0.5947265625,0.90625,0.4443359375,0.822265625
pink (474).jpg,pink,0.1767578125,0.3095703125,0.5576171875,0.4404296875,0.806640625,0.451171875,0.80078125
pink (475).jpg,pink,0.25390625,0.3349609375,0.5185546875,0.5947265625,0.90625,0.4443359375,0.822265625
pink (476).jpg,pink,0.2685546875,0.3837890625,0.578125,0.595703125,0.9013671875,0.533203125,0.8916015625
pink (477).jpg,pink,0.1767578125,0.3095703125,0.5576171875,0.4404296875,0.806640625,0.451171875,0.80078125
pink (478).jpg,pink,0.25390625,0.3349609375,0.5185546875,0.5947265625,0.90625,0.4443359375,0.822265625
pink (479).jpg,pink,0.2685546875,0.3837890625,0.578125,0.595703125,0.9013671875,0.533203125,0.8916015625
pink (48).jpg,pink,0.1767578125,0.3095703125,0.5576171875,0.4404296875,0.806640625,0.451171875,0.80078125
pink (480).jpg,pink,0.1767578125,0.3095703125,0.5576171875,0.4404296875,0.806640625,0.451171875,0.80078125
pink (481).jpg,pink,0.25390625,0.3349609375,0.5185546875,0.5947265625,0.90625,0.4443359375,0.822265625
pink (482).jpg,pink,0.1123046875,0.203125,0.5234375,0.7431640625,0.96875,0.6640625,0.978515625
pink (483).jpg,pink,0.2685546875,0.3837890625,0.578125,0.595703125,0.9013671875,0.533203125,0.8916015625
pink (484).jpg,pink,0.1767578125,0.3095703125,0.5576171875,0.4404296875,0.806640625,0.451171875,0.80078125
pink (485).jpg,pink,0.25390625,0.3349609375,0.5185546875,0.5947265625,0.90625,0.4443359375,0.822265625
pink (486).jpg,pink,0.25390625,0.3349609375,0.5185546875,0.5947265625,0.90625,0.4443359375,0.822265625
pink (487).jpg,pink,0.1767578125,0.3095703125,0.5576171875,0.4404296875,0.806640625,0.451171875,0.80078125
pink (488).jpg,pink,0.25390625,0.3349609375,0.5185546875,0.5947265625,0.90625,0.4443359375,0.822265625
pink (489).jpg,pink,0.2685546875,0.3837890625,0.578125,0.595703125,0.9013671875,0.533203125,0.8916015625
pink (49).jpg,pink,0.25390625,0.3349609375,0.5185546875,0.5947265625,0.90625,0.4443359375,0.822265625
pink (490).jpg,pink,0.1767578125,0.3095703125,0.5576171875,0.4404296875,0.806640625,0.451171875,0.80078125
pink (491).jpg,pink,0.25390625,0.3349609375,0.5185546875,0.5947265625,0.90625,0.4443359375,0.822265625
pink (492).jpg,pink,0.2685546875,0.3837890625,0.578125,0.595703125,0.9013671875,0.533203125,0.8916015625
pink (493).jpg,pink,0.1767578125,0.3095703125,0.5576171875,0.4404296875,0.806640625,0.451171875,0.80078125
pink (494).jpg,pink,0.25390625,0.3349609375,0.5185546875,0.5947265625,0.90625,0.4443359375,0.822265625
pink (495).jpg,pink,0.1123046875,0.203125,0.5234375,0.7431640625,0.96875,0.6640625,0.978515625
pink (496).jpg,pink,0.2685546875,0.3837890625,0.578125,0.595703125,0.9013671875,0.533203125,0.8916015625
pink (497).jpg,pink,0.1767578125,0.3095703125,0.5576171875,0.4404296875,0.806640625,0.451171875,0.80078125
pink (498).jpg,pink,0.25390625,0.3349609375,0.5185546875,0.5947265625,0.90625,0.4443359375,0.822265625
pink (499).jpg,pink,0.25390625,0.3349609375,0.5185546875,0.5947265625,0.90625,0.4443359375,0.822265625
pink (5).jpg,pink,0.1767578125,0.3095703125,0.5576171875,0.4404296875,0.806640625,0.451171875,0.80078125
pink (50).jpg,pink,0.2685546875,0.3837890625,0.578125,0.595703125,0.9013671875,0.533203125,0.8916015625
pink (500).jpg,pink,0.1767578125,0.3095703125,0.5576171875,0.4404296875,0.806640625,0.451171875,0.80078125
pink (501).jpg,pink,0.25390625,0.3349609375,0.5185546875,0.5947265625,0.90625,0.4443359375,0.822265625
pink (502).jpg,pink,0.2685546875,0.3837890625,0.578125,0.595703125,0.9013671875,0.533203125,0.8916015625
pink (503).jpg,pink,0.1767578125,0.3095703125,0.5576171875,0.4404296875,0.806640625,0.451171875,0.80078125
pink (504).jpg,pink,0.25390625,0.3349609375,0.5185546875,0.5947265625,0.90625,0.4443359375,0.822265625
pink (505).jpg,pink,0.2685546875,0.3837890625,0.578125,0.595703125,0.9013671875,0.533203125,0.8916015625
pink (506).jpg,pink,0.1767578125,0.3095703125,0.5576171875,0.4404296875,0.806640625,0.451171875,0.80078125
pink (507).jpg,pink,0.25390625,0.3349609375,0.5185546875,0.5947265625,0.90625,0.4443359375,0.822265625
pink (508).jpg,pink,0.1123046875,0.203125,0.5234375,0.7431640625,0.96875,0.6640625,0.978515625
pink (509).jpg,pink,0.2685546875,0.3837890625,0.578125,0.595703125,0.9013671875,0.533203125,0.8916015625
pink (51).jpg,pink,0.1767578125,0.3095703125,0.5576171875,0.4404296875,0.806640625,0.451171875,0.80078125
pink (510).jpg,pink,0.1767578125,0.3095703125,0.5576171875,0.4404296875,0.806640625,0.451171875,0.80078125
pink (511).jpg,pink,0.25390625,0.3349609375,0.5185546875,0.5947265625,0.90625,0.4443359375,0.822265625
pink (512).jpg,pink,0.25390625,0.3349609375,0.5185546875,0.5947265625,0.90625,0.4443359375,0.822265625
pink (513).jpg,pink,0.1767578125,0.3095703125,0.5576171875,0.4404296875,0.806640625,0.451171875,0.80078125
pink (514).jpg,pink,0.25390625,0.3349609375,0.5185546875,0.5947265625,0.90625,0.4443359375,0.822265625
pink (515).jpg,pink,0.2685546875,0.3837890625,0.578125,0.595703125,0.9013671875,0.533203125,0.8916015625
pink (516).jpg,pink,0.1767578125,0.3095703125,0.5576171875,0.4404296875,0.806640625,0.451171875,0.80078125
pink (517).jpg,pink,0.25390625,0.3349609375,0.5185546875,0.5947265625,0.90625,0.4443359375,0.822265625
pink (518).jpg,pink,0.2685546875,0.3837890625,0.578125,0.595703125,0.9013671875,0.533203125,0.8916015625
pink (519).jpg,pink,0.1767578125,0.3095703125,0.5576171875,0.4404296875,0.806640625,0.451171875,0.80078125
pink (52).jpg,pink,0.25390625,0.3349609375,0.5185546875,0.5947265625,0.90625,0.4443359375,0.822265625
pink (520).jpg,pink,0.25390625,0.3349609375,0.5185546875,0.5947265625,0.90625,0.4443359375,0.822265625
pink (521).jpg,pink,0.1123046875,0.203125,0.5234375,0.7431640625,0.96875,0.6640625,0.978515625
pink (522).jpg,pink,0.2685546875,0.3837890625,0.578125,0.595703125,0.9013671875,0.533203125,0.8916015625
pink (523).jpg,pink,0.1767578125,0.3095703125,0.5576171875,0.4404296875,0.806640625,0.451171875,0.80078125
pink (524).jpg,pink,0.25390625,0.3349609375,0.5185546875,0.5947265625,0.90625,0.4443359375,0.822265625
pink (525).jpg,pink,0.25390625,0.3349609375,0.5185546875,0.5947265625,0.90625,0.4443359375,0.822265625
pink (526).jpg,pink,0.1767578125,0.3095703125,0.5576171875,0.4404296875,0.806640625,0.451171875,0.80078125
pink (527).jpg,pink,0.25390625,0.3349609375,0.5185546875,0.5947265625,0.90625,0.4443359375,0.822265625
pink (528).jpg,pink,0.2685546875,0.3837890625,0.578125,0.595703125,0.9013671875,0.533203125,0.8916015625
pink (529).jpg,pink,0.1767578125,0.3095703125,0.5576171875,0.4404296875,0.806640625,0.451171875,0.80078125
pink (53).jpg,pink,0.1123046875,0.203125,0.5234375,0.7431640625,0.96875,0.6640625,0.978515625
pink (530).jpg,pink,0.25390625,0.3349609375,0.5185546875,0.5947265625,0.90625,0.4443359375,0.822265625
pink (531).jpg,pink,0.2685546875,0.3837890625,0.578125,0.595703125,0.9013671875,0.533203125,0.8916015625
pink (532).jpg,pink,0.1767578125,0.3095703125,0.5576171875,0.4404296875,0.806640625,0.451171875,0.80078125
pink (533).jpg,pink,0.25390625,0.3349609375,0.5185546875,0.5947265625,0.90625,0.4443359375,0.822265625
pink (534).jpg,pink,0.1123046875,0.203125,0.5234375,0.7431640625,0.96875,0.6640625,0.978515625
pink (535).jpg,pink,0.2685546875,0.3837890625,0.578125,0.595703125,0.9013671875,0.533203125,0.8916015625
pink (536).jpg,pink,0.1767578125,0.3095703125,0.5576171875,0.4404296875,0.806640625,0.451171875,0.80078125
pink (537).jpg,pink,0.25390625,0.3349609375,0.5185546875,0.5947265625,0.90625,0.4443359375,0.822265625
pink (538).jpg,pink,0.25390625,0.3349609375,0.5185546875,0.5947265625,0.90625,0.4443359375,0.822265625
pink (539).jpg,pink,0.1767578125,0.3095703125,0.5576171875,0.4404296875,0.806640625,0.451171875,0.80078125
pink (54).jpg,pink,0.2685546875,0.3837890625,0.578125,0.595703125,0.9013671875,0.533203125,0.8916015625
pink (540).jpg,pink,0.25390625,0.3349609375,0.5185546875,0.5947265625,0.90625,0.4443359375,0.822265625
pink (541).jpg,pink,0.2685546875,0.3837890625,0.578125,0.595703125,0.9013671875,0.533203125,0.8916015625
pink (542).jpg,pink,0.1767578125,0.3095703125,0.5576171875,0.4404296875,0.806640625,0.451171875,0.80078125
pink (543).jpg,pink,0.25390625,0.3349609375,0.5185546875,0.5947265625,0.90625,0.4443359375,0.822265625
pink (544).jpg,pink,0.2685546875,0.3837890625,0.578125,0.595703125,0.9013671875,0.533203125,0.8916015625
pink (545).jpg,pink,0.1767578125,0.3095703125,0.5576171875,0.4404296875,0.806640625,0.451171875,0.80078125
pink (546).jpg,pink,0.25390625,0.3349609375,0.5185546875,0.5947265625,0.90625,0.4443359375,0.822265625
pink (547).jpg,pink,0.1123046875,0.203125,0.5234375,0.7431640625,0.96875,0.6640625,0.978515625
pink (548).jpg,pink,0.2685546875,0.3837890625,0.578125,0.595703125,0.9013671875,0.533203125,0.8916015625
pink (549).jpg,pink,0.1767578125,0.3095703125,0.5576171875,0.4404296875,0.806640625,0.451171875,0.80078125
pink (55).jpg,pink,0.1767578125,0.3095703125,0.5576171875,0.4404296875,0.806640625,0.451171875,0.80078125
pink (550).jpg,pink,0.25390625,0.3349609375,0.5185546875,0.5947265625,0.90625,0.4443359375,0.822265625
pink (551).jpg,pink,0.25390625,0.3349609375,0.5185546875,0.5947265625,0.90625,0.4443359375,0.822265625
pink (552).jpg,pink,0.1767578125,0.3095703125,0.5576171875,0.4404296875,0.806640625,0.451171875,0.80078125
pink (553).jpg,pink,0.25390625,0.3349609375,0.5185546875,0.5947265625,0.90625,0.4443359375,0.822265625
pink (554).jpg,pink,0.2685546875,0.3837890625,0.578125,0.595703125,0.9013671875,0.533203125,0.8916015625
pink (555).jpg,pink,0.1767578125,0.3095703125,0.5576171875,0.4404296875,0.806640625,0.451171875,0.80078125
pink (556).jpg,pink,0.25390625,0.3349609375,0.5185546875,0.5947265625,0.90625,0.4443359375,0.822265625
pink (557).jpg,pink,0.2685546875,0.3837890625,0.578125,0.595703125,0.9013671875,0.533203125,0.8916015625
pink (558).jpg,pink,0.1767578125,0.3095703125,0.5576171875,0.4404296875,0.806640625,0.451171875,0.80078125
pink (559).jpg,pink,0.25390625,0.3349609375,0.5185546875,0.5947265625,0.90625,0.4443359375,0.822265625
pink (56).jpg,pink,0.25390625,0.3349609375,0.5185546875,0.5947265625,0.90625,0.4443359375,0.822265625
pink (560).jpg,pink,0.1123046875,0.203125,0.5234375,0.7431640625,0.96875,0.6640625,0.978515625
pink (561).jpg,pink,0.2685546875,0.3837890625,0.578125,0.595703125,0.9013671875,0.533203125,0.8916015625
pink (562).jpg,pink,0.1767578125,0.3095703125,0.5576171875,0.4404296875,0.806640625,0.451171875,0.80078125
pink (563).jpg,pink,0.25390625,0.3349609375,0.5185546875,0.5947265625,0.90625,0.4443359375,0.822265625
pink (564).jpg,pink,0.25390625,0.3349609375,0.5185546875,0.5947265625,0.90625,0.4443359375,0.822265625
pink (565).jpg,pink,0.1767578125,0.3095703125,0.5576171875,0.4404296875,0.806640625,0.451171875,0.80078125
pink (566).jpg,pink,0.25390625,0.3349609375,0.5185546875,0.5947265625,0.90625,0.4443359375,0.822265625
pink (567).jpg,pink,0.2685546875,0.3837890625,0.578125,0.595703125,0.9013671875,0.533203125,0.8916015625
pink (568).jpg,pink,0.1767578125,0.3095703125,0.5576171875,0.4404296875,0.806640625,0.451171875,0.80078125
pink (569).jpg,pink,0.25390625,0.3349609375,0.5185546875,0.5947265625,0.90625,0.4443359375,0.822265625
pink (57).jpg,pink,0.25390625,0.3349609375,0.5185546875,0.5947265625,0.90625,0.4443359375,0.822265625
pink (570).jpg,pink,0.2685546875,0.3837890625,0.578125,0.595703125,0.9013671875,0.533203125,0.8916015625
pink (571).jpg,pink,0.1767578125,0.3095703125,0.5576171875,0.4404296875,0.806640625,0.451171875,0.80078125
pink (572).jpg,pink,0.25390625,0.3349609375,0.5185546875,0.5947265625,0.90625,0.4443359375,0.822265625
pink (573).jpg,pink,0.1123046875,0.203125,0.5234375,0.7431640625,0.96875,0.6640625,0.978515625
pink (574).jpg,pink,0.2685546875,0.3837890625,0.578125,0.595703125,0.9013671875,0.533203125,0.8916015625
pink (575).jpg,pink,0.1767578125,0.3095703125,0.5576171875,0.4404296875,0.806640625,0.451171875,0.80078125
pink (576).jpg,pink,0.25390625,0.3349609375,0.5185546875,0.5947265625,0.90625,0.4443359375,0.822265625
pink (577).jpg,pink,0.25390625,0.3349609375,0.5185546875,0.5947265625,0.90625,0.4443359375,0.822265625
pink (578).jpg,pink,0.1767578125,0.3095703125,0.5576171875,0.4404296875,0.806640625,0.451171875,0.80078125
pink (579).jpg,pink,0.25390625,0.3349609375,0.5185546875,0.5947265625,0.90625,0.4443359375,0.822265625
pink (58).jpg,pink,0.1767578125,0.3095703125,0.5576171875,0.4404296875,0.806640625,0.451171875,0.80078125
pink (580).jpg,pink,0.2685546875,0.3837890625,0.578125,0.595703125,0.9013671875,0.533203125,0.8916015625
pink (581).jpg,pink,0.1767578125,0.3095703125,0.5576171875,0.4404296875,0.806640625,0.451171875,0.80078125
pink (582).jpg,pink,0.25390625,0.3349609375,0.5185546875,0.5947265625,0.90625,0.4443359375,0.822265625
pink (583).jpg,pink,0.2685546875,0.3837890625,0.578125,0.595703125,0.9013671875,0.533203125,0.8916015625
pink (584).jpg,pink,0.1767578125,0.3095703125,0.5576171875,0.4404296875,0.806640625,0.451171875,0.80078125
pink (585).jpg,pink,0.25390625,0.3349609375,0.5185546875,0.5947265625,0.90625,0.4443359375,0.822265625
pink (586).jpg,pink,0.1123046875,0.203125,0.5234375,0.7431640625,0.96875,0.6640625,0.978515625
pink (587).jpg,pink,0.2685546875,0.3837890625,0.578125,0.595703125,0.9013671875,0.533203125,0.8916015625
pink (588).jpg,pink,0.1767578125,0.3095703125,0.5576171875,0.4404296875,0.806640625,0.451171875,0.80078125
pink (589).jpg,pink,0.25390625,0.3349609375,0.5185546875,0.5947265625,0.90625,0.4443359375,0.822265625
pink (59).jpg,pink,0.25390625,0.3349609375,0.5185546875,0.5947265625,0.90625,0.4443359375,0.822265625
pink (590).jpg,pink,0.25390625,0.3349609375,0.5185546875,0.5947265625,0.90625,0.4443359375,0.822265625
pink (591).jpg,pink,0.1767578125,0.3095703125,0.5576171875,0.4404296875,0.806640625,0.451171875,0.80078125
pink (592).jpg,pink,0.25390625,0.3349609375,0.5185546875,0.5947265625,0.90625,0.4443359375,0.822265625
pink (593).jpg,pink,0.2685546875,0.3837890625,0.578125,0.595703125,0.9013671875,0.533203125,0.8916015625
pink (594).jpg,pink,0.1767578125,0.3095703125,0.5576171875,0.4404296875,0.806640625,0.451171875,0.80078125
pink (595).jpg,pink,0.25390625,0.3349609375,0.5185546875,0.5947265625,0.90625,0.4443359375,0.822265625
pink (596).jpg,pink,0.2685546875,0.3837890625,0.578125,0.595703125,0.9013671875,0.533203125,0.8916015625
pink (597).jpg,pink,0.1767578125,0.3095703125,0.5576171875,0.4404296875,0.806640625,0.451171875,0.80078125
pink (598).jpg,pink,0.25390625,0.3349609375,0.5185546875,0.5947265625,0.90625,0.4443359375,0.822265625
pink (599).jpg,pink,0.1123046875,0.203125,0.5234375,0.7431640625,0.96875,0.6640625,0.978515625
pink (6).jpg,pink,0.25390625,0.3349609375,0.5185546875,0.5947265625,0.90625,0.4443359375,0.822265625
pink (60).jpg,pink,0.2685546875,0.3837890625,0.578125,0.595703125,0.9013671875,0.533203125,0.8916015625
pink (600).jpg,pink,0.2685546875,0.3837890625,0.578125,0.595703125,0.9013671875,0.533203125,0.8916015625
pink (601).jpg,pink,0.1767578125,0.3095703125,0.5576171875,0.4404296875,0.806640625,0.451171875,0.80078125
pink (602).jpg,pink,0.25390625,0.3349609375,0.5185546875,0.5947265625,0.90625,0.4443359375,0.822265625
pink (603).jpg,pink,0.25390625,0.3349609375,0.5185546875,0.5947265625,0.90625,0.4443359375,0.822265625
pink (604).jpg,pink,0.1767578125,0.3095703125,0.5576171875,0.4404296875,0.806640625,0.451171875,0.80078125
pink (605).jpg,pink,0.25390625,0.3349609375,0.5185546875,0.5947265625,0.90625,0.4443359375,0.822265625
pink (606).jpg,pink,0.2685546875,0.3837890625,0.578125,0.595703125,0.9013671875,0.533203125,0.8916015625
pink (607).jpg,pink,0.1767578125,0.3095703125,0.5576171875,0.4404296875,0.806640625,0.451171875,0.80078125
pink (608).jpg,pink,0.25390625,0.3349609375,0.5185546875,0.5947265625,0.90625,0.4443359375,0.822265625
pink (609).jpg,pink,0.2685546875,0.3837890625,0.578125,0.595703125,0.9013671875,0.533203125,0.8916015625
pink (61).jpg,pink,0.1767578125,0.3095703125,0.5576171875,0.4404296875,0.806640625,0.451171875,0.80078125
pink (610).jpg,pink,0.1767578125,0.3095703125,0.5576171875,0.4404296875,0.806640625,0.451171875,0.80078125
pink (611).jpg,pink,0.25390625,0.3349609375,0.5185546875,0.5947265625,0.90625,0.4443359375,0.822265625
pink (612).jpg,pink,0.1123046875,0.203125,0.5234375,0.7431640625,0.96875,0.6640625,0.978515625
pink (613).jpg,pink,0.2685546875,0.3837890625,0.578125,0.595703125,0.9013671875,0.533203125,0.8916015625
pink (614).jpg,pink,0.1767578125,0.3095703125,0.5576171875,0.4404296875,0.806640625,0.451171875,0.80078125
pink (615).jpg,pink,0.25390625,0.3349609375,0.5185546875,0.5947265625,0.90625,0.4443359375,0.822265625
pink (616).jpg,pink,0.25390625,0.3349609375,0.5185546875,0.5947265625,0.90625,0.4443359375,0.822265625
pink (617).jpg,pink,0.1767578125,0.3095703125,0.5576171875,0.4404296875,0.806640625,0.451171875,0.80078125
pink (618).jpg,pink,0.25390625,0.3349609375,0.5185546875,0.5947265625,0.90625,0.4443359375,0.822265625
pink (619).jpg,pink,0.2685546875,0.3837890625,0.578125,0.595703125,0.9013671875,0.533203125,0.8916015625
pink (62).jpg,pink,0.25390625,0.3349609375,0.5185546875,0.5947265625,0.90625,0.4443359375,0.822265625
pink (620).jpg,pink,0.1767578125,0.3095703125,0.5576171875,0.4404296875,0.806640625,0.451171875,0.80078125
pink (621).jpg,pink,0.25390625,0.3349609375,0.5185546875,0.5947265625,0.90625,0.4443359375,0.822265625
pink (622).jpg,pink,0.2685546875,0.3837890625,0.578125,0.595703125,0.9013671875,0.533203125,0.8916015625
pink (623).jpg,pink,0.1767578125,0.3095703125,0.5576171875,0.4404296875,0.806640625,0.451171875,0.80078125
pink (624).jpg,pink,0.25390625,0.3349609375,0.5185546875,0.5947265625,0.90625,0.4443359375,0.822265625
pink (625).jpg,pink,0.1123046875,0.203125,0.5234375,0.7431640625,0.96875,0.6640625,0.978515625
pink (626).jpg,pink,0.2685546875,0.3837890625,0.578125,0.595703125,0.9013671875,0.533203125,0.8916015625
pink (627).jpg,pink,0.1767578125,0.3095703125,0.5576171875,0.4404296875,0.806640625,0.451171875,0.80078125
pink (628).jpg,pink,0.25390625,0.3349609375,0.5185546875,0.5947265625,0.90625,0.4443359375,0.822265625
pink (629).jpg,pink,0.25390625,0.3349609375,0.5185546875,0.5947265625,0.90625,0.4443359375,0.822265625
pink (63).jpg,pink,0.2685546875,0.3837890625,0.578125,0.595703125,0.9013671875,0.533203125,0.8916015625
pink (630).jpg,pink,0.1767578125,0.3095703125,0.5576171875,0.4404296875,0.806640625,0.451171875,0.80078125
pink (631).jpg,pink,0.25390625,0.3349609375,0.5185546875,0.5947265625,0.90625,0.4443359375,0.822265625
pink (632).jpg,pink,0.2685546875,0.3837890625,0.578125,0.595703125,0.9013671875,0.533203125,0.8916015625
pink (633).jpg,pink,0.1767578125,0.3095703125,0.5576171875,0.4404296875,0.806640625,0.451171875,0.80078125
pink (634).jpg,pink,0.25390625,0.3349609375,0.5185546875,0.5947265625,0.90625,0.4443359375,0.822265625
pink (635).jpg,pink,0.2685546875,0.3837890625,0.578125,0.595703125,0.9013671875,0.533203125,0.8916015625
pink (636).jpg,pink,0.1767578125,0.3095703125,0.5576171875,0.4404296875,0.806640625,0.451171875,0.80078125
pink (637).jpg,pink,0.25390625,0.3349609375,0.5185546875,0.5947265625,0.90625,0.4443359375,0.822265625
pink (638).jpg,pink,0.1123046875,0.203125,0.5234375,0.7431640625,0.96875,0.6640625,0.978515625
pink (639).jpg,pink,0.2685546875,0.3837890625,0.578125,0.595703125,0.9013671875,0.533203125,0.8916015625
pink (64).jpg,pink,0.1767578125,0.3095703125,0.5576171875,0.4404296875,0.806640625,0.451171875,0.80078125
pink (640).jpg,pink,0.1767578125,0.3095703125,0.5576171875,0.4404296875,0.806640625,0.451171875,0.80078125
pink (641).jpg,pink,0.25390625,0.3349609375,0.5185546875,0.5947265625,0.90625,0.4443359375,0.822265625
pink (642).jpg,pink,0.25390625,0.3349609375,0.5185546875,0.5947265625,0.90625,0.4443359375,0.822265625
pink (643).jpg,pink,0.1767578125,0.3095703125,0.5576171875,0.4404296875,0.806640625,0.451171875,0.80078125
pink (644).jpg,pink,0.25390625,0.3349609375,0.5185546875,0.5947265625,0.90625,0.4443359375,0.822265625
pink (645).jpg,pink,0.2685546875,0.3837890625,0.578125,0.595703125,0.9013671875,0.533203125,0.8916015625
pink (646).jpg,pink,0.1767578125,0.3095703125,0.5576171875,0.4404296875,0.806640625,0.451171875,0.80078125
pink (647).jpg,pink,0.25390625,0.3349609375,0.5185546875,0.5947265625,0.90625,0.4443359375,0.822265625
pink (648).jpg,pink,0.2685546875,0.3837890625,0.578125,0.595703125,0.9013671875,0.533203125,0.8916015625
pink (649).jpg,pink,0.1767578125,0.3095703125,0.5576171875,0.4404296875,0.806640625,0.451171875,0.80078125
pink (65).jpg,pink,0.25390625,0.3349609375,0.5185546875,0.5947265625,0.90625,0.4443359375,0.822265625
pink (650).jpg,pink,0.25390625,0.3349609375,0.5185546875,0.5947265625,0.90625,0.4443359375,0.822265625
pink (651).jpg,pink,0.1123046875,0.203125,0.5234375,0.7431640625,0.96875,0.6640625,0.978515625
pink (652).jpg,pink,0.2685546875,0.3837890625,0.578125,0.595703125,0.9013671875,0.533203125,0.8916015625
pink (653).jpg,pink,0.1767578125,0.3095703125,0.5576171875,0.4404296875,0.806640625,0.451171875,0.80078125
pink (654).jpg,pink,0.25390625,0.3349609375,0.5185546875,0.5947265625,0.90625,0.4443359375,0.822265625
pink (655).jpg,pink,0.25390625,0.3349609375,0.5185546875,0.5947265625,0.90625,0.4443359375,0.822265625
pink (656).jpg,pink,0.1767578125,0.3095703125,0.5576171875,0.4404296875,0.806640625,0.451171875,0.80078125
pink (657).jpg,pink,0.25390625,0.3349609375,0.5185546875,0.5947265625,0.90625,0.4443359375,0.822265625
pink (658).jpg,pink,0.2685546875,0.3837890625,0.578125,0.595703125,0.9013671875,0.533203125,0.8916015625
pink (659).jpg,pink,0.1767578125,0.3095703125,0.5576171875,0.4404296875,0.806640625,0.451171875,0.80078125
pink (66).jpg,pink,0.1123046875,0.203125,0.5234375,0.7431640625,0.96875,0.6640625,0.978515625
pink (660).jpg,pink,0.25390625,0.3349609375,0.5185546875,0.5947265625,0.90625,0.4443359375,0.822265625
pink (661).jpg,pink,0.2685546875,0.3837890625,0.578125,0.595703125,0.9013671875,0.533203125,0.8916015625
pink (662).jpg,pink,0.1767578125,0.3095703125,0.5576171875,0.4404296875,0.806640625,0.451171875,0.80078125
pink (663).jpg,pink,0.25390625,0.3349609375,0.5185546875,0.5947265625,0.90625,0.4443359375,0.822265625
pink (664).jpg,pink,0.1123046875,0.203125,0.5234375,0.7431640625,0.96875,0.6640625,0.978515625
pink (665).jpg,pink,0.2685546875,0.3837890625,0.578125,0.595703125,0.9013671875,0.533203125,0.8916015625
pink (666).jpg,pink,0.1767578125,0.3095703125,0.5576171875,0.4404296875,0.806640625,0.451171875,0.80078125
pink (667).jpg,pink,0.25390625,0.3349609375,0.5185546875,0.5947265625,0.90625,0.4443359375,0.822265625
pink (668).jpg,pink,0.25390625,0.3349609375,0.5185546875,0.5947265625,0.90625,0.4443359375,0.822265625
pink (669).jpg,pink,0.1767578125,0.3095703125,0.5576171875,0.4404296875,0.806640625,0.451171875,0.80078125
pink (67).jpg,pink,0.2685546875,0.3837890625,0.578125,0.595703125,0.9013671875,0.533203125,0.8916015625
pink (670).jpg,pink,0.25390625,0.3349609375,0.5185546875,0.5947265625,0.90625,0.4443359375,0.822265625
pink (671).jpg,pink,0.2685546875,0.3837890625,0.578125,0.595703125,0.9013671875,0.533203125,0.8916015625
pink (672).jpg,pink,0.1767578125,0.3095703125,0.5576171875,0.4404296875,0.806640625,0.451171875,0.80078125
pink (673).jpg,pink,0.25390625,0.3349609375,0.5185546875,0.5947265625,0.90625,0.4443359375,0.822265625
pink (674).jpg,pink,0.2685546875,0.3837890625,0.578125,0.595703125,0.9013671875,0.533203125,0.8916015625
pink (675).jpg,pink,0.1767578125,0.3095703125,0.5576171875,0.4404296875,0.806640625,0.451171875,0.80078125
pink (676).jpg,pink,0.25390625,0.3349609375,0.5185546875,0.5947265625,0.90625,0.4443359375,0.822265625
pink (677).jpg,pink,0.1123046875,0.203125,0.5234375,0.7431640625,0.96875,0.6640625,0.978515625
pink (678).jpg,pink,0.2685546875,0.3837890625,0.578125,0.595703125,0.9013671875,0.533203125,0.8916015625
pink (679).jpg,pink,0.1767578125,0.3095703125,0.5576171875,0.4404296875,0.806640625,0.451171875,0.80078125
pink (68).jpg,pink,0.1767578125,0.3095703125,0.5576171875,0.4404296875,0.806640625,0.451171875,0.80078125
pink (680).jpg,pink,0.25390625,0.3349609375,0.5185546875,0.5947265625,0.90625,0.4443359375,0.822265625
pink (681).jpg,pink,0.25390625,0.3349609375,0.5185546875,0.5947265625,0.90625,0.4443359375,0.822265625
pink (682).jpg,pink,0.1767578125,0.3095703125,0.5576171875,0.4404296875,0.806640625,0.451171875,0.80078125
pink (683).jpg,pink,0.25390625,0.3349609375,0.5185546875,0.5947265625,0.90625,0.4443359375,0.822265625
pink (684).jpg,pink,0.2685546875,0.3837890625,0.578125,0.595703125,0.9013671875,0.533203125,0.8916015625
pink (685).jpg,pink,0.1767578125,0.3095703125,0.5576171875,0.4404296875,0.806640625,0.451171875,0.80078125
pink (686).jpg,pink,0.25390625,0.3349609375,0.5185546875,0.5947265625,0.90625,0.4443359375,0.822265625
pink (687).jpg,pink,0.2685546875,0.3837890625,0.578125,0.595703125,0.9013671875,0.533203125,0.8916015625
pink (688).jpg,pink,0.1767578125,0.3095703125,0.5576171875,0.4404296875,0.806640625,0.451171875,0.80078125
pink (689).jpg,pink,0.25390625,0.3349609375,0.5185546875,0.5947265625,0.90625,0.4443359375,0.822265625
pink (69).jpg,pink,0.25390625,0.3349609375,0.5185546875,0.5947265625,0.90625,0.4443359375,0.822265625
pink (690).jpg,pink,0.1123046875,0.203125,0.5234375,0.7431640625,0.96875,0.6640625,0.978515625
pink (691).jpg,pink,0.2685546875,0.3837890625,0.578125,0.595703125,0.9013671875,0.533203125,0.8916015625
pink (692).jpg,pink,0.1767578125,0.3095703125,0.5576171875,0.4404296875,0.806640625,0.451171875,0.80078125
pink (693).jpg,pink,0.25390625,0.3349609375,0.5185546875,0.5947265625,0.90625,0.4443359375,0.822265625
pink (694).jpg,pink,0.25390625,0.3349609375,0.5185546875,0.5947265625,0.90625,0.4443359375,0.822265625
pink (695).jpg,pink,0.1767578125,0.3095703125,0.5576171875,0.4404296875,0.806640625,0.451171875,0.80078125
pink (696).jpg,pink,0.25390625,0.3349609375,0.5185546875,0.5947265625,0.90625,0.4443359375,0.822265625
pink (697).jpg,pink,0.2685546875,0.3837890625,0.578125,0.595703125,0.9013671875,0.533203125,0.8916015625
pink (698).jpg,pink,0.1767578125,0.3095703125,0.5576171875,0.4404296875,0.806640625,0.451171875,0.80078125
pink (699).jpg,pink,0.25390625,0.3349609375,0.5185546875,0.5947265625,0.90625,0.4443359375,0.822265625
pink (7).jpg,pink,0.2685546875,0.3837890625,0.578125,0.595703125,0.9013671875,0.533203125,0.8916015625
pink (70).jpg,pink,0.25390625,0.3349609375,0.5185546875,0.5947265625,0.90625,0.4443359375,0.822265625
pink (700).jpg,pink,0.2685546875,0.3837890625,0.578125,0.595703125,0.9013671875,0.533203125,0.8916015625
pink (701).jpg,pink,0.1767578125,0.3095703125,0.5576171875,0.4404296875,0.806640625,0.451171875,0.80078125
pink (702).jpg,pink,0.25390625,0.3349609375,0.5185546875,0.5947265625,0.90625,0.4443359375,0.822265625
pink (703).jpg,pink,0.1123046875,0.203125,0.5234375,0.7431640625,0.96875,0.6640625,0.978515625
pink (704).jpg,pink,0.2685546875,0.3837890625,0.578125,0.595703125,0.9013671875,0.533203125,0.8916015625
pink (705).jpg,pink,0.1767578125,0.3095703125,0.5576171875,0.4404296875,0.806640625,0.451171875,0.80078125
pink (706).jpg,pink,0.25390625,0.3349609375,0.5185546875,0.5947265625,0.90625,0.4443359375,0.822265625
pink (707).jpg,pink,0.25390625,0.3349609375,0.5185546875,0.5947265625,0.90625,0.4443359375,0.822265625
pink (708).jpg,pink,0.1767578125,0.3095703125,0.5576171875,0.4404296875,0.806640625,0.451171875,0.80078125
pink (709).jpg,pink,0.25390625,0.3349609375,0.5185546875,0.5947265625,0.90625,0.4443359375,0.822265625
pink (71).jpg,pink,0.1767578125,0.3095703125,0.5576171875,0.4404296875,0.806640625,0.451171875,0.80078125
pink (710).jpg,pink,0.2685546875,0.3837890625,0.578125,0.595703125,0.9013671875,0.533203125,0.8916015625
pink (711).jpg,pink,0.1767578125,0.3095703125,0.5576171875,0.4404296875,0.806640625,0.451171875,0.80078125
pink (712).jpg,pink,0.25390625,0.3349609375,0.5185546875,0.5947265625,0.90625,0.4443359375,0.822265625
pink (713).jpg,pink,0.2685546875,0.3837890625,0.578125,0.595703125,0.9013671875,0.533203125,0.8916015625
pink (714).jpg,pink,0.1767578125,0.3095703125,0.5576171875,0.4404296875,0.806640625,0.451171875,0.80078125
pink (715).jpg,pink,0.25390625,0.3349609375,0.5185546875,0.5947265625,0.90625,0.4443359375,0.822265625
pink (716).jpg,pink,0.1123046875,0.203125,0.5234375,0.7431640625,0.96875,0.6640625,0.978515625
pink (717).jpg,pink,0.2685546875,0.3837890625,0.578125,0.595703125,0.9013671875,0.533203125,0.8916015625
pink (718).jpg,pink,0.1767578125,0.3095703125,0.5576171875,0.4404296875,0.806640625,0.451171875,0.80078125
pink (719).jpg,pink,0.25390625,0.3349609375,0.5185546875,0.5947265625,0.90625,0.4443359375,0.822265625
pink (72).jpg,pink,0.25390625,0.3349609375,0.5185546875,0.5947265625,0.90625,0.4443359375,0.822265625
pink (720).jpg,pink,0.25390625,0.3349609375,0.5185546875,0.5947265625,0.90625,0.4443359375,0.822265625
pink (721).jpg,pink,0.1767578125,0.3095703125,0.5576171875,0.4404296875,0.806640625,0.451171875,0.80078125
pink (722).jpg,pink,0.25390625,0.3349609375,0.5185546875,0.5947265625,0.90625,0.4443359375,0.822265625
pink (723).jpg,pink,0.2685546875,0.3837890625,0.578125,0.595703125,0.9013671875,0.533203125,0.8916015625
pink (724).jpg,pink,0.1767578125,0.3095703125,0.5576171875,0.4404296875,0.806640625,0.451171875,0.80078125
pink (725).jpg,pink,0.25390625,0.3349609375,0.5185546875,0.5947265625,0.90625,0.4443359375,0.822265625
pink (726).jpg,pink,0.2685546875,0.3837890625,0.578125,0.595703125,0.9013671875,0.533203125,0.8916015625
pink (727).jpg,pink,0.1767578125,0.3095703125,0.5576171875,0.4404296875,0.806640625,0.451171875,0.80078125
pink (728).jpg,pink,0.25390625,0.3349609375,0.5185546875,0.5947265625,0.90625,0.4443359375,0.822265625
pink (729).jpg,pink,0.1123046875,0.203125,0.5234375,0.7431640625,0.96875,0.6640625,0.978515625
pink (73).jpg,pink,0.2685546875,0.3837890625,0.578125,0.595703125,0.9013671875,0.533203125,0.8916015625
pink (730).jpg,pink,0.2685546875,0.3837890625,0.578125,0.595703125,0.9013671875,0.533203125,0.8916015625
pink (731).jpg,pink,0.1767578125,0.3095703125,0.5576171875,0.4404296875,0.806640625,0.451171875,0.80078125
pink (732).jpg,pink,0.25390625,0.3349609375,0.5185546875,0.5947265625,0.90625,0.4443359375,0.822265625
pink (733).jpg,pink,0.25390625,0.3349609375,0.5185546875,0.5947265625,0.90625,0.4443359375,0.822265625
pink (734).jpg,pink,0.1767578125,0.3095703125,0.5576171875,0.4404296875,0.806640625,0.451171875,0.80078125
pink (735).jpg,pink,0.25390625,0.3349609375,0.5185546875,0.5947265625,0.90625,0.4443359375,0.822265625
pink (736).jpg,pink,0.2685546875,0.3837890625,0.578125,0.595703125,0.9013671875,0.533203125,0.8916015625
pink (737).jpg,pink,0.1767578125,0.3095703125,0.5576171875,0.4404296875,0.806640625,0.451171875,0.80078125
pink (738).jpg,pink,0.25390625,0.3349609375,0.5185546875,0.5947265625,0.90625,0.4443359375,0.822265625
pink (739).jpg,pink,0.2685546875,0.3837890625,0.578125,0.595703125,0.9013671875,0.533203125,0.8916015625
pink (74).jpg,pink,0.1767578125,0.3095703125,0.5576171875,0.4404296875,0.806640625,0.451171875,0.80078125
pink (740).jpg,pink,0.1767578125,0.3095703125,0.5576171875,0.4404296875,0.806640625,0.451171875,0.80078125
pink (741).jpg,pink,0.25390625,0.3349609375,0.5185546875,0.5947265625,0.90625,0.4443359375,0.822265625
pink (742).jpg,pink,0.1123046875,0.203125,0.5234375,0.7431640625,0.96875,0.6640625,0.978515625
pink (743).jpg,pink,0.2685546875,0.3837890625,0.578125,0.595703125,0.9013671875,0.533203125,0.8916015625
pink (744).jpg,pink,0.1767578125,0.3095703125,0.5576171875,0.4404296875,0.806640625,0.451171875,0.80078125
pink (745).jpg,pink,0.25390625,0.3349609375,0.5185546875,0.5947265625,0.90625,0.4443359375,0.822265625
pink (746).jpg,pink,0.25390625,0.3349609375,0.5185546875,0.5947265625,0.90625,0.4443359375,0.822265625
pink (747).jpg,pink,0.1767578125,0.3095703125,0.5576171875,0.4404296875,0.806640625,0.451171875,0.80078125
pink (748).jpg,pink,0.25390625,0.3349609375,0.5185546875,0.5947265625,0.90625,0.4443359375,0.822265625
pink (749).jpg,pink,0.2685546875,0.3837890625,0.578125,0.595703125,0.9013671875,0.533203125,0.8916015625
pink (75).jpg,pink,0.25390625,0.3349609375,0.5185546875,0.5947265625,0.90625,0.4443359375,0.822265625
pink (750).jpg,pink,0.1767578125,0.3095703125,0.5576171875,0.4404296875,0.806640625,0.451171875,0.80078125
pink (751).jpg,pink,0.25390625,0.3349609375,0.5185546875,0.5947265625,0.90625,0.4443359375,0.822265625
pink (752).jpg,pink,0.2685546875,0.3837890625,0.578125,0.595703125,0.9013671875,0.533203125,0.8916015625
pink (753).jpg,pink,0.1767578125,0.3095703125,0.5576171875,0.4404296875,0.806640625,0.451171875,0.80078125
pink (754).jpg,pink,0.25390625,0.3349609375,0.5185546875,0.5947265625,0.90625,0.4443359375,0.822265625
pink (755).jpg,pink,0.1123046875,0.203125,0.5234375,0.7431640625,0.96875,0.6640625,0.978515625
pink (756).jpg,pink,0.2685546875,0.3837890625,0.578125,0.595703125,0.9013671875,0.533203125,0.8916015625
pink (757).jpg,pink,0.1767578125,0.3095703125,0.5576171875,0.4404296875,0.806640625,0.451171875,0.80078125
pink (758).jpg,pink,0.25390625,0.3349609375,0.5185546875,0.5947265625,0.90625,0.4443359375,0.822265625
pink (759).jpg,pink,0.25390625,0.3349609375,0.5185546875,0.5947265625,0.90625,0.4443359375,0.822265625
pink (76).jpg,pink,0.2685546875,0.3837890625,0.578125,0.595703125,0.9013671875,0.533203125,0.8916015625
pink (760).jpg,pink,0.1767578125,0.3095703125,0.5576171875,0.4404296875,0.806640625,0.451171875,0.80078125
pink (761).jpg,pink,0.25390625,0.3349609375,0.5185546875,0.5947265625,0.90625,0.4443359375,0.822265625
pink (762).jpg,pink,0.2685546875,0.3837890625,0.578125,0.595703125,0.9013671875,0.533203125,0.8916015625
pink (763).jpg,pink,0.1767578125,0.3095703125,0.5576171875,0.4404296875,0.806640625,0.451171875,0.80078125
pink (764).jpg,pink,0.25390625,0.3349609375,0.5185546875,0.5947265625,0.90625,0.4443359375,0.822265625
pink (765).jpg,pink,0.2685546875,0.3837890625,0.578125,0.595703125,0.9013671875,0.533203125,0.8916015625
pink (766).jpg,pink,0.1767578125,0.3095703125,0.5576171875,0.4404296875,0.806640625,0.451171875,0.80078125
pink (767).jpg,pink,0.25390625,0.3349609375,0.5185546875,0.5947265625,0.90625,0.4443359375,0.822265625
pink (768).jpg,pink,0.1123046875,0.203125,0.5234375,0.7431640625,0.96875,0.6640625,0.978515625
pink (769).jpg,pink,0.2685546875,0.3837890625,0.578125,0.595703125,0.9013671875,0.533203125,0.8916015625
pink (77).jpg,pink,0.1767578125,0.3095703125,0.5576171875,0.4404296875,0.806640625,0.451171875,0.80078125
pink (770).jpg,pink,0.1767578125,0.3095703125,0.5576171875,0.4404296875,0.806640625,0.451171875,0.80078125
pink (771).jpg,pink,0.25390625,0.3349609375,0.5185546875,0.5947265625,0.90625,0.4443359375,0.822265625
pink (772).jpg,pink,0.25390625,0.3349609375,0.5185546875,0.5947265625,0.90625,0.4443359375,0.822265625
pink (773).jpg,pink,0.1767578125,0.3095703125,0.5576171875,0.4404296875,0.806640625,0.451171875,0.80078125
pink (774).jpg,pink,0.25390625,0.3349609375,0.5185546875,0.5947265625,0.90625,0.4443359375,0.822265625
pink (775).jpg,pink,0.2685546875,0.3837890625,0.578125,0.595703125,0.9013671875,0.533203125,0.8916015625
pink (776).jpg,pink,0.1767578125,0.3095703125,0.5576171875,0.4404296875,0.806640625,0.451171875,0.80078125
pink (777).jpg,pink,0.25390625,0.3349609375,0.5185546875,0.5947265625,0.90625,0.4443359375,0.822265625
pink (778).jpg,pink,0.2685546875,0.3837890625,0.578125,0.595703125,0.9013671875,0.533203125,0.8916015625
pink (779).jpg,pink,0.1767578125,0.3095703125,0.5576171875,0.4404296875,0.806640625,0.451171875,0.80078125
pink (78).jpg,pink,0.25390625,0.3349609375,0.5185546875,0.5947265625,0.90625,0.4443359375,0.822265625
pink (780).jpg,pink,0.25390625,0.3349609375,0.5185546875,0.5947265625,0.90625,0.4443359375,0.822265625
pink (781).jpg,pink,0.1123046875,0.203125,0.5234375,0.7431640625,0.96875,0.6640625,0.978515625
pink (782).jpg,pink,0.2685546875,0.3837890625,0.578125,0.595703125,0.9013671875,0.533203125,0.8916015625
pink (783).jpg,pink,0.1767578125,0.3095703125,0.5576171875,0.4404296875,0.806640625,0.451171875,0.80078125
pink (784).jpg,pink,0.25390625,0.3349609375,0.5185546875,0.5947265625,0.90625,0.4443359375,0.822265625
pink (785).jpg,pink,0.25390625,0.3349609375,0.5185546875,0.5947265625,0.90625,0.4443359375,0.822265625
pink (786).jpg,pink,0.1767578125,0.3095703125,0.5576171875,0.4404296875,0.806640625,0.451171875,0.80078125
pink (787).jpg,pink,0.25390625,0.3349609375,0.5185546875,0.5947265625,0.90625,0.4443359375,0.822265625
pink (788).jpg,pink,0.2685546875,0.3837890625,0.578125,0.595703125,0.9013671875,0.533203125,0.8916015625
pink (789).jpg,pink,0.1767578125,0.3095703125,0.5576171875,0.4404296875,0.806640625,0.451171875,0.80078125
pink (79).jpg,pink,0.1123046875,0.203125,0.5234375,0.7431640625,0.96875,0.6640625,0.978515625
pink (790).jpg,pink,0.25390625,0.3349609375,0.5185546875,0.5947265625,0.90625,0.4443359375,0.822265625
pink (791).jpg,pink,0.2685546875,0.3837890625,0.578125,0.595703125,0.9013671875,0.533203125,0.8916015625
pink (792).jpg,pink,0.1767578125,0.3095703125,0.5576171875,0.4404296875,0.806640625,0.451171875,0.80078125
pink (793).jpg,pink,0.25390625,0.3349609375,0.5185546875,0.5947265625,0.90625,0.4443359375,0.822265625
pink (794).jpg,pink,0.1123046875,0.203125,0.5234375,0.7431640625,0.96875,0.6640625,0.978515625
pink (795).jpg,pink,0.2685546875,0.3837890625,0.578125,0.595703125,0.9013671875,0.533203125,0.8916015625
pink (796).jpg,pink,0.1767578125,0.3095703125,0.5576171875,0.4404296875,0.806640625,0.451171875,0.80078125
pink (797).jpg,pink,0.25390625,0.3349609375,0.5185546875,0.5947265625,0.90625,0.4443359375,0.822265625
pink (798).jpg,pink,0.25390625,0.3349609375,0.5185546875,0.5947265625,0.90625,0.4443359375,0.822265625
pink (799).jpg,pink,0.1767578125,0.3095703125,0.5576171875,0.4404296875,0.806640625,0.451171875,0.80078125
pink (8).jpg,pink,0.1767578125,0.3095703125,0.5576171875,0.4404296875,0.806640625,0.451171875,0.80078125
pink (80).jpg,pink,0.2685546875,0.3837890625,0.578125,0.595703125,0.9013671875,0.533203125,0.8916015625
pink (800).jpg,pink,0.25390625,0.3349609375,0.5185546875,0.5947265625,0.90625,0.4443359375,0.822265625
pink (801).jpg,pink,0.2685546875,0.3837890625,0.578125,0.595703125,0.9013671875,0.533203125,0.8916015625
pink (802).jpg,pink,0.1767578125,0.3095703125,0.5576171875,0.4404296875,0.806640625,0.451171875,0.80078125
pink (803).jpg,pink,0.25390625,0.3349609375,0.5185546875,0.5947265625,0.90625,0.4443359375,0.822265625
pink (804).jpg,pink,0.2685546875,0.3837890625,0.578125,0.595703125,0.9013671875,0.533203125,0.8916015625
pink (805).jpg,pink,0.1767578125,0.3095703125,0.5576171875,0.4404296875,0.806640625,0.451171875,0.80078125
pink (806).jpg,pink,0.25390625,0.3349609375,0.5185546875,0.5947265625,0.90625,0.4443359375,0.822265625
pink (807).jpg,pink,0.1123046875,0.203125,0.5234375,0.7431640625,0.96875,0.6640625,0.978515625
pink (808).jpg,pink,0.2685546875,0.3837890625,0.578125,0.595703125,0.9013671875,0.533203125,0.8916015625
pink (809).jpg,pink,0.1767578125,0.3095703125,0.5576171875,0.4404296875,0.806640625,0.451171875,0.80078125
pink (81).jpg,pink,0.1767578125,0.3095703125,0.5576171875,0.4404296875,0.806640625,0.451171875,0.80078125
pink (810).jpg,pink,0.25390625,0.3349609375,0.5185546875,0.5947265625,0.90625,0.4443359375,0.822265625
pink (811).jpg,pink,0.25390625,0.3349609375,0.5185546875,0.5947265625,0.90625,0.4443359375,0.822265625
pink (812).jpg,pink,0.1767578125,0.3095703125,0.5576171875,0.4404296875,0.806640625,0.451171875,0.80078125
pink (813).jpg,pink,0.25390625,0.3349609375,0.5185546875,0.5947265625,0.90625,0.4443359375,0.822265625
pink (814).jpg,pink,0.2685546875,0.3837890625,0.578125,0.595703125,0.9013671875,0.533203125,0.8916015625
pink (815).jpg,pink,0.1767578125,0.3095703125,0.5576171875,0.4404296875,0.806640625,0.451171875,0.80078125
pink (816).jpg,pink,0.25390625,0.3349609375,0.5185546875,0.5947265625,0.90625,0.4443359375,0.822265625
pink (817).jpg,pink,0.2685546875,0.3837890625,0.578125,0.595703125,0.9013671875,0.533203125,0.8916015625
pink (818).jpg,pink,0.1767578125,0.3095703125,0.5576171875,0.4404296875,0.806640625,0.451171875,0.80078125
pink (819).jpg,pink,0.25390625,0.3349609375,0.5185546875,0.5947265625,0.90625,0.4443359375,0.822265625
pink (82).jpg,pink,0.25390625,0.3349609375,0.5185546875,0.5947265625,0.90625,0.4443359375,0.822265625
pink (820).jpg,pink,0.1123046875,0.203125,0.5234375,0.7431640625,0.96875,0.6640625,0.978515625
pink (821).jpg,pink,0.2685546875,0.3837890625,0.578125,0.595703125,0.9013671875,0.533203125,0.8916015625
pink (822).jpg,pink,0.1767578125,0.3095703125,0.5576171875,0.4404296875,0.806640625,0.451171875,0.80078125
pink (823).jpg,pink,0.25390625,0.3349609375,0.5185546875,0.5947265625,0.90625,0.4443359375,0.822265625
pink (824).jpg,pink,0.25390625,0.3349609375,0.5185546875,0.5947265625,0.90625,0.4443359375,0.822265625
pink (825).jpg,pink,0.1767578125,0.3095703125,0.5576171875,0.4404296875,0.806640625,0.451171875,0.80078125
pink (826).jpg,pink,0.25390625,0.3349609375,0.5185546875,0.5947265625,0.90625,0.4443359375,0.822265625
pink (827).jpg,pink,0.2685546875,0.3837890625,0.578125,0.595703125,0.9013671875,0.533203125,0.8916015625
pink (828).jpg,pink,0.1767578125,0.3095703125,0.5576171875,0.4404296875,0.806640625,0.451171875,0.80078125
pink (829).jpg,pink,0.25390625,0.3349609375,0.5185546875,0.5947265625,0.90625,0.4443359375,0.822265625
pink (83).jpg,pink,0.25390625,0.3349609375,0.5185546875,0.5947265625,0.90625,0.4443359375,0.822265625
pink (830).jpg,pink,0.2685546875,0.3837890625,0.578125,0.595703125,0.9013671875,0.533203125,0.8916015625
pink (831).jpg,pink,0.1767578125,0.3095703125,0.5576171875,0.4404296875,0.806640625,0.451171875,0.80078125
pink (832).jpg,pink,0.25390625,0.3349609375,0.5185546875,0.5947265625,0.90625,0.4443359375,0.822265625
pink (833).jpg,pink,0.1123046875,0.203125,0.5234375,0.7431640625,0.96875,0.6640625,0.978515625
pink (834).jpg,pink,0.2685546875,0.3837890625,0.578125,0.595703125,0.9013671875,0.533203125,0.8916015625
pink (835).jpg,pink,0.1767578125,0.3095703125,0.5576171875,0.4404296875,0.806640625,0.451171875,0.80078125
pink (836).jpg,pink,0.25390625,0.3349609375,0.5185546875,0.5947265625,0.90625,0.4443359375,0.822265625
pink (837).jpg,pink,0.25390625,0.3349609375,0.5185546875,0.5947265625,0.90625,0.4443359375,0.822265625
pink (838).jpg,pink,0.1767578125,0.3095703125,0.5576171875,0.4404296875,0.806640625,0.451171875,0.80078125
pink (839).jpg,pink,0.25390625,0.3349609375,0.5185546875,0.5947265625,0.90625,0.4443359375,0.822265625
pink (84).jpg,pink,0.1767578125,0.3095703125,0.5576171875,0.4404296875,0.806640625,0.451171875,0.80078125
pink (840).jpg,pink,0.2685546875,0.3837890625,0.578125,0.595703125,0.9013671875,0.533203125,0.8916015625
pink (841).jpg,pink,0.1767578125,0.3095703125,0.5576171875,0.4404296875,0.806640625,0.451171875,0.80078125
pink (842).jpg,pink,0.25390625,0.3349609375,0.5185546875,0.5947265625,0.90625,0.4443359375,0.822265625
pink (843).jpg,pink,0.2685546875,0.3837890625,0.578125,0.595703125,0.9013671875,0.533203125,0.8916015625
pink (844).jpg,pink,0.1767578125,0.3095703125,0.5576171875,0.4404296875,0.806640625,0.451171875,0.80078125
pink (845).jpg,pink,0.25390625,0.3349609375,0.5185546875,0.5947265625,0.90625,0.4443359375,0.822265625
pink (846).jpg,pink,0.1123046875,0.203125,0.5234375,0.7431640625,0.96875,0.6640625,0.978515625
pink (847).jpg,pink,0.2685546875,0.3837890625,0.578125,0.595703125,0.9013671875,0.533203125,0.8916015625
pink (848).jpg,pink,0.1767578125,0.3095703125,0.5576171875,0.4404296875,0.806640625,0.451171875,0.80078125
pink (849).jpg,pink,0.25390625,0.3349609375,0.5185546875,0.5947265625,0.90625,0.4443359375,0.822265625
pink (85).jpg,pink,0.25390625,0.3349609375,0.5185546875,0.5947265625,0.90625,0.4443359375,0.822265625
pink (850).jpg,pink,0.25390625,0.3349609375,0.5185546875,0.5947265625,0.90625,0.4443359375,0.822265625
pink (851).jpg,pink,0.1767578125,0.3095703125,0.5576171875,0.4404296875,0.806640625,0.451171875,0.80078125
pink (852).jpg,pink,0.25390625,0.3349609375,0.5185546875,0.5947265625,0.90625,0.4443359375,0.822265625
pink (853).jpg,pink,0.2685546875,0.3837890625,0.578125,0.595703125,0.9013671875,0.533203125,0.8916015625
pink (854).jpg,pink,0.1767578125,0.3095703125,0.5576171875,0.4404296875,0.806640625,0.451171875,0.80078125
pink (855).jpg,pink,0.25390625,0.3349609375,0.5185546875,0.5947265625,0.90625,0.4443359375,0.822265625
pink (856).jpg,pink,0.2685546875,0.3837890625,0.578125,0.595703125,0.9013671875,0.533203125,0.8916015625
pink (857).jpg,pink,0.1767578125,0.3095703125,0.5576171875,0.4404296875,0.806640625,0.451171875,0.80078125
pink (858).jpg,pink,0.25390625,0.3349609375,0.5185546875,0.5947265625,0.90625,0.4443359375,0.822265625
pink (859).jpg,pink,0.1123046875,0.203125,0.5234375,0.7431640625,0.96875,0.6640625,0.978515625
pink (86).jpg,pink,0.2685546875,0.3837890625,0.578125,0.595703125,0.9013671875,0.533203125,0.8916015625
pink (860).jpg,pink,0.2685546875,0.3837890625,0.578125,0.595703125,0.9013671875,0.533203125,0.8916015625
pink (861).jpg,pink,0.1767578125,0.3095703125,0.5576171875,0.4404296875,0.806640625,0.451171875,0.80078125
pink (862).jpg,pink,0.25390625,0.3349609375,0.5185546875,0.5947265625,0.90625,0.4443359375,0.822265625
pink (863).jpg,pink,0.25390625,0.3349609375,0.5185546875,0.5947265625,0.90625,0.4443359375,0.822265625
pink (864).jpg,pink,0.1767578125,0.3095703125,0.5576171875,0.4404296875,0.806640625,0.451171875,0.80078125
pink (865).jpg,pink,0.25390625,0.3349609375,0.5185546875,0.5947265625,0.90625,0.4443359375,0.822265625
pink (866).jpg,pink,0.2685546875,0.3837890625,0.578125,0.595703125,0.9013671875,0.533203125,0.8916015625
pink (867).jpg,pink,0.1767578125,0.3095703125,0.5576171875,0.4404296875,0.806640625,0.451171875,0.80078125
pink (868).jpg,pink,0.25390625,0.3349609375,0.5185546875,0.5947265625,0.90625,0.4443359375,0.822265625
pink (869).jpg,pink,0.2685546875,0.3837890625,0.578125,0.595703125,0.9013671875,0.533203125,0.8916015625
pink (87).jpg,pink,0.1767578125,0.3095703125,0.5576171875,0.4404296875,0.806640625,0.451171875,0.80078125
pink (870).jpg,pink,0.1767578125,0.3095703125,0.5576171875,0.4404296875,0.806640625,0.451171875,0.80078125
pink (871).jpg,pink,0.25390625,0.3349609375,0.5185546875,0.5947265625,0.90625,0.4443359375,0.822265625
pink (872).jpg,pink,0.1123046875,0.203125,0.5234375,0.7431640625,0.96875,0.6640625,0.978515625
pink (873).jpg,pink,0.2685546875,0.3837890625,0.578125,0.595703125,0.9013671875,0.533203125,0.8916015625
pink (874).jpg,pink,0.1767578125,0.3095703125,0.5576171875,0.4404296875,0.806640625,0.451171875,0.80078125
pink (875).jpg,pink,0.25390625,0.3349609375,0.5185546875,0.5947265625,0.90625,0.4443359375,0.822265625
pink (876).jpg,pink,0.25390625,0.3349609375,0.5185546875,0.5947265625,0.90625,0.4443359375,0.822265625
pink (877).jpg,pink,0.1767578125,0.3095703125,0.5576171875,0.4404296875,0.806640625,0.451171875,0.80078125
pink (878).jpg,pink,0.25390625,0.3349609375,0.5185546875,0.5947265625,0.90625,0.4443359375,0.822265625
pink (879).jpg,pink,0.2685546875,0.3837890625,0.578125,0.595703125,0.9013671875,0.533203125,0.8916015625
pink (88).jpg,pink,0.25390625,0.3349609375,0.5185546875,0.5947265625,0.90625,0.4443359375,0.822265625
pink (880).jpg,pink,0.1767578125,0.3095703125,0.5576171875,0.4404296875,0.806640625,0.451171875,0.80078125
pink (881).jpg,pink,0.25390625,0.3349609375,0.5185546875,0.5947265625,0.90625,0.4443359375,0.822265625
pink (882).jpg,pink,0.2685546875,0.3837890625,0.578125,0.595703125,0.9013671875,0.533203125,0.8916015625
pink (883).jpg,pink,0.1767578125,0.3095703125,0.5576171875,0.4404296875,0.806640625,0.451171875,0.80078125
pink (884).jpg,pink,0.25390625,0.3349609375,0.5185546875,0.5947265625,0.90625,0.4443359375,0.822265625
pink (885).jpg,pink,0.1123046875,0.203125,0.5234375,0.7431640625,0.96875,0.6640625,0.978515625
pink (886).jpg,pink,0.2685546875,0.3837890625,0.578125,0.595703125,0.9013671875,0.533203125,0.8916015625
pink (887).jpg,pink,0.1767578125,0.3095703125,0.5576171875,0.4404296875,0.806640625,0.451171875,0.80078125
pink (888).jpg,pink,0.25390625,0.3349609375,0.5185546875,0.5947265625,0.90625,0.4443359375,0.822265625
pink (889).jpg,pink,0.25390625,0.3349609375,0.5185546875,0.5947265625,0.90625,0.4443359375,0.822265625
pink (89).jpg,pink,0.2685546875,0.3837890625,0.578125,0.595703125,0.9013671875,0.533203125,0.8916015625
pink (890).jpg,pink,0.1767578125,0.3095703125,0.5576171875,0.4404296875,0.806640625,0.451171875,0.80078125
pink (891).jpg,pink,0.25390625,0.3349609375,0.5185546875,0.5947265625,0.90625,0.4443359375,0.822265625
pink (892).jpg,pink,0.2685546875,0.3837890625,0.578125,0.595703125,0.9013671875,0.533203125,0.8916015625
pink (893).jpg,pink,0.1767578125,0.3095703125,0.5576171875,0.4404296875,0.806640625,0.451171875,0.80078125
pink (894).jpg,pink,0.25390625,0.3349609375,0.5185546875,0.5947265625,0.90625,0.4443359375,0.822265625
pink (895).jpg,pink,0.2685546875,0.3837890625,0.578125,0.595703125,0.9013671875,0.533203125,0.8916015625
pink (896).jpg,pink,0.1767578125,0.3095703125,0.5576171875,0.4404296875,0.806640625,0.451171875,0.80078125
pink (897).jpg,pink,0.25390625,0.3349609375,0.5185546875,0.5947265625,0.90625,0.4443359375,0.822265625
pink (898).jpg,pink,0.1123046875,0.203125,0.5234375,0.7431640625,0.96875,0.6640625,0.978515625
pink (899).jpg,pink,0.2685546875,0.3837890625,0.578125,0.595703125,0.9013671875,0.533203125,0.8916015625
pink (9).jpg,pink,0.25390625,0.3349609375,0.5185546875,0.5947265625,0.90625,0.4443359375,0.822265625
pink (90).jpg,pink,0.1767578125,0.3095703125,0.5576171875,0.4404296875,0.806640625,0.451171875,0.80078125
pink (900).jpg,pink,0.1767578125,0.3095703125,0.5576171875,0.4404296875,0.806640625,0.451171875,0.80078125
pink (901).jpg,pink,0.25390625,0.3349609375,0.5185546875,0.5947265625,0.90625,0.4443359375,0.822265625
pink (902).jpg,pink,0.25390625,0.3349609375,0.5185546875,0.5947265625,0.90625,0.4443359375,0.822265625
pink (903).jpg,pink,0.1767578125,0.3095703125,0.5576171875,0.4404296875,0.806640625,0.451171875,0.80078125
pink (904).jpg,pink,0.25390625,0.3349609375,0.5185546875,0.5947265625,0.90625,0.4443359375,0.822265625
pink (905).jpg,pink,0.2685546875,0.3837890625,0.578125,0.595703125,0.9013671875,0.533203125,0.8916015625
pink (906).jpg,pink,0.1767578125,0.3095703125,0.5576171875,0.4404296875,0.806640625,0.451171875,0.80078125
pink (907).jpg,pink,0.25390625,0.3349609375,0.5185546875,0.5947265625,0.90625,0.4443359375,0.822265625
pink (908).jpg,pink,0.2685546875,0.3837890625,0.578125,0.595703125,0.9013671875,0.533203125,0.8916015625
pink (909).jpg,pink,0.1767578125,0.3095703125,0.5576171875,0.4404296875,0.806640625,0.451171875,0.80078125
pink (91).jpg,pink,0.25390625,0.3349609375,0.5185546875,0.5947265625,0.90625,0.4443359375,0.822265625
pink (910).jpg,pink,0.25390625,0.3349609375,0.5185546875,0.5947265625,0.90625,0.4443359375,0.822265625
pink (911).jpg,pink,0.1123046875,0.203125,0.5234375,0.7431640625,0.96875,0.6640625,0.978515625
pink (912).jpg,pink,0.2685546875,0.3837890625,0.578125,0.595703125,0.9013671875,0.533203125,0.8916015625
pink (913).jpg,pink,0.1767578125,0.3095703125,0.5576171875,0.4404296875,0.806640625,0.451171875,0.80078125
pink (914).jpg,pink,0.25390625,0.3349609375,0.5185546875,0.5947265625,0.90625,0.4443359375,0.822265625
pink (915).jpg,pink,0.25390625,0.3349609375,0.5185546875,0.5947265625,0.90625,0.4443359375,0.822265625
pink (916).jpg,pink,0.1767578125,0.3095703125,0.5576171875,0.4404296875,0.806640625,0.451171875,0.80078125
pink (917).jpg,pink,0.25390625,0.3349609375,0.5185546875,0.5947265625,0.90625,0.4443359375,0.822265625
pink (918).jpg,pink,0.2685546875,0.3837890625,0.578125,0.595703125,0.9013671875,0.533203125,0.8916015625
pink (919).jpg,pink,0.1767578125,0.3095703125,0.5576171875,0.4404296875,0.806640625,0.451171875,0.80078125
pink (92).jpg,pink,0.1123046875,0.203125,0.5234375,0.7431640625,0.96875,0.6640625,0.978515625
pink (920).jpg,pink,0.25390625,0.3349609375,0.5185546875,0.5947265625,0.90625,0.4443359375,0.822265625
pink (921).jpg,pink,0.2685546875,0.3837890625,0.578125,0.595703125,0.9013671875,0.533203125,0.8916015625
pink (922).jpg,pink,0.1767578125,0.3095703125,0.5576171875,0.4404296875,0.806640625,0.451171875,0.80078125
pink (923).jpg,pink,0.25390625,0.3349609375,0.5185546875,0.5947265625,0.90625,0.4443359375,0.822265625
pink (924).jpg,pink,0.1123046875,0.203125,0.5234375,0.7431640625,0.96875,0.6640625,0.978515625
pink (925).jpg,pink,0.2685546875,0.3837890625,0.578125,0.595703125,0.9013671875,0.533203125,0.8916015625
pink (926).jpg,pink,0.1767578125,0.3095703125,0.5576171875,0.4404296875,0.806640625,0.451171875,0.80078125
pink (927).jpg,pink,0.25390625,0.3349609375,0.5185546875,0.5947265625,0.90625,0.4443359375,0.822265625
pink (928).jpg,pink,0.25390625,0.3349609375,0.5185546875,0.5947265625,0.90625,0.4443359375,0.822265625
pink (929).jpg,pink,0.1767578125,0.3095703125,0.5576171875,0.4404296875,0.806640625,0.451171875,0.80078125
pink (93).jpg,pink,0.2685546875,0.3837890625,0.578125,0.595703125,0.9013671875,0.533203125,0.8916015625
pink (930).jpg,pink,0.25390625,0.3349609375,0.5185546875,0.5947265625,0.90625,0.4443359375,0.822265625
pink (931).jpg,pink,0.2685546875,0.3837890625,0.578125,0.595703125,0.9013671875,0.533203125,0.8916015625
pink (932).jpg,pink,0.1767578125,0.3095703125,0.5576171875,0.4404296875,0.806640625,0.451171875,0.80078125
pink (933).jpg,pink,0.25390625,0.3349609375,0.5185546875,0.5947265625,0.90625,0.4443359375,0.822265625
pink (934).jpg,pink,0.2685546875,0.3837890625,0.578125,0.595703125,0.9013671875,0.533203125,0.8916015625
pink (935).jpg,pink,0.1767578125,0.3095703125,0.5576171875,0.4404296875,0.806640625,0.451171875,0.80078125
pink (936).jpg,pink,0.25390625,0.3349609375,0.5185546875,0.5947265625,0.90625,0.4443359375,0.822265625
pink (937).jpg,pink,0.1123046875,0.203125,0.5234375,0.7431640625,0.96875,0.6640625,0.978515625
pink (938).jpg,pink,0.2685546875,0.3837890625,0.578125,0.595703125,0.9013671875,0.533203125,0.8916015625
pink (939).jpg,pink,0.1767578125,0.3095703125,0.5576171875,0.4404296875,0.806640625,0.451171875,0.80078125
pink (94).jpg,pink,0.1767578125,0.3095703125,0.5576171875,0.4404296875,0.806640625,0.451171875,0.80078125
pink (940).jpg,pink,0.25390625,0.3349609375,0.5185546875,0.5947265625,0.90625,0.4443359375,0.822265625
pink (941).jpg,pink,0.25390625,0.3349609375,0.5185546875,0.5947265625,0.90625,0.4443359375,0.822265625
pink (942).jpg,pink,0.1767578125,0.3095703125,0.5576171875,0.4404296875,0.806640625,0.451171875,0.80078125
pink (943).jpg,pink,0.25390625,0.3349609375,0.5185546875,0.5947265625,0.90625,0.4443359375,0.822265625
pink (944).jpg,pink,0.2685546875,0.3837890625,0.578125,0.595703125,0.9013671875,0.533203125,0.8916015625
pink (945).jpg,pink,0.1767578125,0.3095703125,0.5576171875,0.4404296875,0.806640625,0.451171875,0.80078125
pink (946).jpg,pink,0.25390625,0.3349609375,0.5185546875,0.5947265625,0.90625,0.4443359375,0.822265625
pink (947).jpg,pink,0.2685546875,0.3837890625,0.578125,0.595703125,0.9013671875,0.533203125,0.8916015625
pink (948).jpg,pink,0.1767578125,0.3095703125,0.5576171875,0.4404296875,0.806640625,0.451171875,0.80078125
pink (949).jpg,pink,0.25390625,0.3349609375,0.5185546875,0.5947265625,0.90625,0.4443359375,0.822265625
pink (95).jpg,pink,0.25390625,0.3349609375,0.5185546875,0.5947265625,0.90625,0.4443359375,0.822265625
pink (950).jpg,pink,0.1123046875,0.203125,0.5234375,0.7431640625,0.96875,0.6640625,0.978515625
pink (951).jpg,pink,0.2685546875,0.3837890625,0.578125,0.595703125,0.9013671875,0.533203125,0.8916015625
pink (952).jpg,pink,0.1767578125,0.3095703125,0.5576171875,0.4404296875,0.806640625,0.451171875,0.80078125
pink (953).jpg,pink,0.25390625,0.3349609375,0.5185546875,0.5947265625,0.90625,0.4443359375,0.822265625
pink (954).jpg,pink,0.25390625,0.3349609375,0.5185546875,0.5947265625,0.90625,0.4443359375,0.822265625
pink (955).jpg,pink,0.1767578125,0.3095703125,0.5576171875,0.4404296875,0.806640625,0.451171875,0.80078125
pink (956).jpg,pink,0.25390625,0.3349609375,0.5185546875,0.5947265625,0.90625,0.4443359375,0.822265625
pink (957).jpg,pink,0.2685546875,0.3837890625,0.578125,0.595703125,0.9013671875,0.533203125,0.8916015625
pink (958).jpg,pink,0.1767578125,0.3095703125,0.5576171875,0.4404296875,0.806640625,0.451171875,0.80078125
pink (959).jpg,pink,0.25390625,0.3349609375,0.5185546875,0.5947265625,0.90625,0.4443359375,0.822265625
pink (96).jpg,pink,0.25390625,0.3349609375,0.5185546875,0.5947265625,0.90625,0.4443359375,0.822265625
pink (960).jpg,pink,0.2685546875,0.3837890625,0.578125,0.595703125,0.9013671875,0.533203125,0.8916015625
pink (961).jpg,pink,0.1767578125,0.3095703125,0.5576171875,0.4404296875,0.806640625,0.451171875,0.80078125
pink (962).jpg,pink,0.25390625,0.3349609375,0.5185546875,0.5947265625,0.90625,0.4443359375,0.822265625
pink (963).jpg,pink,0.1123046875,0.203125,0.5234375,0.7431640625,0.96875,0.6640625,0.978515625
pink (964).jpg,pink,0.2685546875,0.3837890625,0.578125,0.595703125,0.9013671875,0.533203125,0.8916015625
pink (965).jpg,pink,0.1767578125,0.3095703125,0.5576171875,0.4404296875,0.806640625,0.451171875,0.80078125
pink (966).jpg,pink,0.25390625,0.3349609375,0.5185546875,0.5947265625,0.90625,0.4443359375,0.822265625
pink (967).jpg,pink,0.25390625,0.3349609375,0.5185546875,0.5947265625,0.90625,0.4443359375,0.822265625
pink (968).jpg,pink,0.1767578125,0.3095703125,0.5576171875,0.4404296875,0.806640625,0.451171875,0.80078125
pink (969).jpg,pink,0.25390625,0.3349609375,0.5185546875,0.5947265625,0.90625,0.4443359375,0.822265625
pink (97).jpg,pink,0.1767578125,0.3095703125,0.5576171875,0.4404296875,0.806640625,0.451171875,0.80078125
pink (970).jpg,pink,0.2685546875,0.3837890625,0.578125,0.595703125,0.9013671875,0.533203125,0.8916015625
pink (971).jpg,pink,0.1767578125,0.3095703125,0.5576171875,0.4404296875,0.806640625,0.451171875,0.80078125
pink (972).jpg,pink,0.25390625,0.3349609375,0.5185546875,0.5947265625,0.90625,0.4443359375,0.822265625
pink (973).jpg,pink,0.2685546875,0.3837890625,0.578125,0.595703125,0.9013671875,0.533203125,0.8916015625
pink (974).jpg,pink,0.1767578125,0.3095703125,0.5576171875,0.4404296875,0.806640625,0.451171875,0.80078125
pink (975).jpg,pink,0.25390625,0.3349609375,0.5185546875,0.5947265625,0.90625,0.4443359375,0.822265625
pink (976).jpg,pink,0.1123046875,0.203125,0.5234375,0.7431640625,0.96875,0.6640625,0.978515625
pink (977).jpg,pink,0.2685546875,0.3837890625,0.578125,0.595703125,0.9013671875,0.533203125,0.8916015625
pink (978).jpg,pink,0.1767578125,0.3095703125,0.5576171875,0.4404296875,0.806640625,0.451171875,0.80078125
pink (979).jpg,pink,0.25390625,0.3349609375,0.5185546875,0.5947265625,0.90625,0.4443359375,0.822265625
pink (98).jpg,pink,0.25390625,0.3349609375,0.5185546875,0.5947265625,0.90625,0.4443359375,0.822265625
pink (980).jpg,pink,0.25390625,0.3349609375,0.5185546875,0.5947265625,0.90625,0.4443359375,0.822265625
pink (981).jpg,pink,0.1767578125,0.3095703125,0.5576171875,0.4404296875,0.806640625,0.451171875,0.80078125
pink (982).jpg,pink,0.25390625,0.3349609375,0.5185546875,0.5947265625,0.90625,0.4443359375,0.822265625
pink (983).jpg,pink,0.2685546875,0.3837890625,0.578125,0.595703125,0.9013671875,0.533203125,0.8916015625
pink (984).jpg,pink,0.1767578125,0.3095703125,0.5576171875,0.4404296875,0.806640625,0.451171875,0.80078125
pink (985).jpg,pink,0.25390625,0.3349609375,0.5185546875,0.5947265625,0.90625,0.4443359375,0.822265625
pink (986).jpg,pink,0.2685546875,0.3837890625,0.578125,0.595703125,0.9013671875,0.533203125,0.8916015625
pink (987).jpg,pink,0.1767578125,0.3095703125,0.5576171875,0.4404296875,0.806640625,0.451171875,0.80078125
pink (988).jpg,pink,0.25390625,0.3349609375,0.5185546875,0.5947265625,0.90625,0.4443359375,0.822265625
pink (989).jpg,pink,0.1123046875,0.203125,0.5234375,0.7431640625,0.96875,0.6640625,0.978515625
pink (99).jpg,pink,0.2685546875,0.3837890625,0.578125,0.595703125,0.9013671875,0.533203125,0.8916015625
pink (990).jpg,pink,0.2685546875,0.3837890625,0.578125,0.595703125,0.9013671875,0.533203125,0.8916015625
pink (991).jpg,pink,0.1767578125,0.3095703125,0.5576171875,0.4404296875,0.806640625,0.451171875,0.80078125
pink (992).jpg,pink,0.25390625,0.3349609375,0.5185546875,0.5947265625,0.90625,0.4443359375,0.822265625
pink (993).jpg,pink,0.25390625,0.3349609375,0.5185546875,0.5947265625,0.90625,0.4443359375,0.822265625
pink (994).jpg,pink,0.1767578125,0.3095703125,0.5576171875,0.4404296875,0.806640625,0.451171875,0.80078125
pink (995).jpg,pink,0.25390625,0.3349609375,0.5185546875,0.5947265625,0.90625,0.4443359375,0.822265625
pink (996).jpg,pink,0.2685546875,0.3837890625,0.578125,0.595703125,0.9013671875,0.533203125,0.8916015625
pink (997).jpg,pink,0.1767578125,0.3095703125,0.5576171875,0.4404296875,0.806640625,0.451171875,0.80078125
pink (998).jpg,pink,0.25390625,0.3349609375,0.5185546875,0.5947265625,0.90625,0.4443359375,0.822265625
pink (999).jpg,pink,0.2685546875,0.3837890625,0.578125,0.595703125,0.9013671875,0.533203125,0.8916015625
red (1).jpg,red,0.0498046875,0.2412109375,0.5849609375,0.888671875,0.953125,0.982421875,0.9990234375
red (10).jpg,red,0.041015625,0.1435546875,0.439453125,1.0,1.0,0.9765625,1.0
red (100).jpg,red,0.251953125,0.4697265625,0.6875,0.77734375,0.984375,0.7197265625,0.8623046875
red (1000).jpg,red,0.0732421875,0.1982421875,0.4853515625,0.9970703125,0.9970703125,0.9951171875,1.0
red (1001).jpg,red,0.0498046875,0.2412109375,0.5849609375,0.888671875,0.953125,0.982421875,0.9990234375
red (1002).jpg,red,0.041015625,0.1435546875,0.439453125,1.0,1.0,0.9765625,1.0
red (1003).jpg,red,0.1171875,0.2626953125,0.552734375,0.9794921875,0.9990234375,0.9755859375,0.9990234375
red (1004).jpg,red,0.251953125,0.4697265625,0.6875,0.77734375,0.984375,0.7197265625,0.8623046875
red (1005).jpg,red,0.1396484375,0.22265625,0.373046875,0.9287109375,0.99609375,0.892578125,0.9443359375
red (1006).jpg,red,0.1123046875,0.19921875,0.318359375,0.9384765625,0.998046875,0.912109375,0.9560546875
red (1007).jpg,red,0.0732421875,0.1982421875,0.4853515625,0.9970703125,0.9970703125,0.9951171875,1.0
red (1008).jpg,red,0.0732421875,0.1982421875,0.4853515625,0.9970703125,0.9970703125,0.9951171875,1.0
red (1009).jpg,red,0.0498046875,0.2412109375,0.5849609375,0.888671875,0.953125,0.982421875,0.9990234375
red (101).jpg,red,0.1396484375,0.22265625,0.373046875,0.9287109375,0.99609375,0.892578125,0.9443359375
red (1010).jpg,red,0.041015625,0.1435546875,0.439453125,1.0,1.0,0.9765625,1.0
red (1011).jpg,red,0.1171875,0.2626953125,0.552734375,0.9794921875,0.9990234375,0.9755859375,0.9990234375
red (1012).jpg,red,0.251953125,0.4697265625,0.6875,0.77734375,0.984375,0.7197265625,0.8623046875
red (1013).jpg,red,0.1396484375,0.22265625,0.373046875,0.9287109375,0.99609375,0.892578125,0.9443359375
red (1014).jpg,red,0.1123046875,0.19921875,0.318359375,0.9384765625,0.998046875,0.912109375,0.9560546875
red (1015).jpg,red,0.0732421875,0.1982421875,0.4853515625,0.9970703125,0.9970703125,0.9951171875,1.0
red (1016).jpg,red,0.0732421875,0.1982421875,0.4853515625,0.9970703125,0.9970703125,0.9951171875,1.0
red (1017).jpg,red,0.0498046875,0.2412109375,0.5849609375,0.888671875,0.953125,0.982421875,0.9990234375
red (1018).jpg,red,0.041015625,0.1435546875,0.439453125,1.0,1.0,0.9765625,1.0
red (1019).jpg,red,0.1171875,0.2626953125,0.552734375,0.9794921875,0.9990234375,0.9755859375,0.9990234375
red (102).jpg,red,0.1123046875,0.19921875,0.318359375,0.9384765625,0.998046875,0.912109375,0.9560546875
red (1020).jpg,red,0.251953125,0.4697265625,0.6875,0.77734375,0.984375,0.7197265625,0.8623046875
red (1021).jpg,red,0.1396484375,0.22265625,0.373046875,0.9287109375,0.99609375,0.892578125,0.9443359375
red (1022).jpg,red,0.1123046875,0.19921875,0.318359375,0.9384765625,0.998046875,0.912109375,0.9560546875
red (1023).jpg,red,0.0732421875,0.1982421875,0.4853515625,0.9970703125,0.9970703125,0.9951171875,1.0
red (1024).jpg,red,0.0732421875,0.1982421875,0.4853515625,0.9970703125,0.9970703125,0.9951171875,1.0
red (1025).jpg,red,0.0498046875,0.2412109375,0.5849609375,0.888671875,0.953125,0.982421875,0.9990234375
red (1026).jpg,red,0.041015625,0.1435546875,0.439453125,1.0,1.0,0.9765625,1.0
red (1027).jpg,red,0.1171875,0.2626953125,0.552734375,0.9794921875,0.9990234375,0.9755859375,0.9990234375
red (1028).jpg,red,0.251953125,0.4697265625,0.6875,0.77734375,0.984375,0.7197265625,0.8623046875
red (1029).jpg,red,0.1396484375,0.22265625,0.373046875,0.9287109375,0.99609375,0.892578125,0.9443359375
red (103).jpg,red,0.0732421875,0.1982421875,0.4853515625,0.9970703125,0.9970703125,0.9951171875,1.0
red (1030).jpg,red,0.1123046875,0.19921875,0.318359375,0.9384765625,0.998046875,0.912109375,0.9560546875
red (1031).jpg,red,0.0732421875,0.1982421875,0.4853515625,0.9970703125,0.9970703125,0.9951171875,1.0
red (1032).jpg,red,0.0732421875,0.1982421875,0.4853515625,0.9970703125,0.9970703125,0.9951171875,1.0
red (1033).jpg,red,0.0498046875,0.2412109375,0.5849609375,0.888671875,0.953125,0.982421875,0.9990234375
red (1034).jpg,red,0.041015625,0.1435546875,0.439453125,1.0,1.0,0.9765625,1.0
red (1035).jpg,red,0.1171875,0.2626953125,0.552734375,0.9794921875,0.9990234375,0.9755859375,0.9990234375
red (1036).jpg,red,0.251953125,0.4697265625,0.6875,0.77734375,0.984375,0.7197265625,0.8623046875
red (1037).jpg,red,0.1396484375,0.22265625,0.373046875,0.9287109375,0.99609375,0.892578125,0.9443359375
red (1038).jpg,red,0.1123046875,0.19921875,0.318359375,0.9384765625,0.998046875,0.912109375,0.9560546875
red (1039).jpg,red,0.0732421875,0.1982421875,0.4853515625,0.9970703125,0.9970703125,0.9951171875,1.0
red (104).jpg,red,0.0732421875,0.1982421875,0.4853515625,0.9970703125,0.9970703125,0.9951171875,1.0
red (1040).jpg,red,0.0732421875,0.1982421875,0.4853515625,0.9970703125,0.9970703125,0.9951171875,1.0
red (1041).jpg,red,0.0498046875,0.2412109375,0.5849609375,0.888671875,0.953125,0.982421875,0.9990234375
red (1042).jpg,red,0.041015625,0.1435546875,0.439453125,1.0,1.0,0.9765625,1.0
red (1043).jpg,red,0.1171875,0.2626953125,0.552734375,0.9794921875,0.9990234375,0.9755859375,0.9990234375
red (1044).jpg,red,0.251953125,0.4697265625,0.6875,0.77734375,0.984375,0.7197265625,0.8623046875
red (1045).jpg,red,0.1396484375,0.22265625,0.373046875,0.9287109375,0.99609375,0.892578125,0.9443359375
red (1046).jpg,red,0.1123046875,0.19921875,0.318359375,0.9384765625,0.998046875,0.912109375,0.9560546875
red (1047).jpg,red,0.0732421875,0.1982421875,0.4853515625,0.9970703125,0.9970703125,0.9951171875,1.0
red (1048).jpg,red,0.0732421875,0.1982421875,0.4853515625,0.9970703125,0.9970703125,0.9951171875,1.0
red (1049).jpg,red,0.0498046875,0.2412109375,0.5849609375,0.888671875,0.953125,0.982421875,0.9990234375
red (105).jpg,red,0.0498046875,0.2412109375,0.5849609375,0.888671875,0.953125,0.982421875,0.9990234375
red (1050).jpg,red,0.041015625,0.1435546875,0.439453125,1.0,1.0,0.9765625,1.0
red (1051).jpg,red,0.1171875,0.2626953125,0.552734375,0.9794921875,0.9990234375,0.9755859375,0.9990234375
red (1052).jpg,red,0.251953125,0.4697265625,0.6875,0.77734375,0.984375,0.7197265625,0.8623046875
red (1053).jpg,red,0.1396484375,0.22265625,0.373046875,0.9287109375,0.99609375,0.892578125,0.9443359375
red (1054).jpg,red,0.1123046875,0.19921875,0.318359375,0.9384765625,0.998046875,0.912109375,0.9560546875
red (1055).jpg,red,0.0732421875,0.1982421875,0.4853515625,0.9970703125,0.9970703125,0.9951171875,1.0
red (1056).jpg,red,0.0732421875,0.1982421875,0.4853515625,0.9970703125,0.9970703125,0.9951171875,1.0
red (1057).jpg,red,0.0498046875,0.2412109375,0.5849609375,0.888671875,0.953125,0.982421875,0.9990234375
red (1058).jpg,red,0.041015625,0.1435546875,0.439453125,1.0,1.0,0.9765625,1.0
red (1059).jpg,red,0.1171875,0.2626953125,0.552734375,0.9794921875,0.9990234375,0.9755859375,0.9990234375
red (106).jpg,red,0.041015625,0.1435546875,0.439453125,1.0,1.0,0.9765625,1.0
red (1060).jpg,red,0.251953125,0.4697265625,0.6875,0.77734375,0.984375,0.7197265625,0.8623046875
red (1061).jpg,red,0.1396484375,0.22265625,0.373046875,0.9287109375,0.99609375,0.892578125,0.9443359375
red (1062).jpg,red,0.1123046875,0.19921875,0.318359375,0.9384765625,0.998046875,0.912109375,0.9560546875
red (1063).jpg,red,0.0732421875,0.1982421875,0.4853515625,0.9970703125,0.9970703125,0.9951171875,1.0
red (1064).jpg,red,0.0732421875,0.1982421875,0.4853515625,0.9970703125,0.9970703125,0.9951171875,1.0
red (1065).jpg,red,0.0498046875,0.2412109375,0.5849609375,0.888671875,0.953125,0.982421875,0.9990234375
red (1066).jpg,red,0.041015625,0.1435546875,0.439453125,1.0,1.0,0.9765625,1.0
red (1067).jpg,red,0.1171875,0.2626953125,0.552734375,0.9794921875,0.9990234375,0.9755859375,0.9990234375
red (1068).jpg,red,0.251953125,0.4697265625,0.6875,0.77734375,0.984375,0.7197265625,0.8623046875
red (1069).jpg,red,0.1396484375,0.22265625,0.373046875,0.9287109375,0.99609375,0.892578125,0.9443359375
red (107).jpg,red,0.1171875,0.2626953125,0.552734375,0.9794921875,0.9990234375,0.9755859375,0.9990234375
red (1070).jpg,red,0.1123046875,0.19921875,0.318359375,0.9384765625,0.998046875,0.912109375,0.9560546875
red (1071).jpg,red,0.0732421875,0.1982421875,0.4853515625,0.9970703125,0.9970703125,0.9951171875,1.0
red (1072).jpg,red,0.0732421875,0.1982421875,0.4853515625,0.9970703125,0.9970703125,0.9951171875,1.0
red (1073).jpg,red,0.0498046875,0.2412109375,0.5849609375,0.888671875,0.953125,0.982421875,0.9990234375
red (1074).jpg,red,0.041015625,0.1435546875,0.439453125,1.0,1.0,0.9765625,1.0
red (1075).jpg,red,0.1171875,0.2626953125,0.552734375,0.9794921875,0.9990234375,0.9755859375,0.9990234375
red (1076).jpg,red,0.251953125,0.4697265625,0.6875,0.77734375,0.984375,0.7197265625,0.8623046875
red (1077).jpg,red,0.1396484375,0.22265625,0.373046875,0.9287109375,0.99609375,0.892578125,0.9443359375
red (1078).jpg,red,0.1123046875,0.19921875,0.318359375,0.9384765625,0.998046875,0.912109375,0.9560546875
red (1079).jpg,red,0.0732421875,0.1982421875,0.4853515625,0.9970703125,0.9970703125,0.9951171875,1.0
red (108).jpg,red,0.251953125,0.4697265625,0.6875,0.77734375,0.984375,0.7197265625,0.8623046875
red (1080).jpg,red,0.0732421875,0.1982421875,0.4853515625,0.9970703125,0.9970703125,0.9951171875,1.0
red (1081).jpg,red,0.0498046875,0.2412109375,0.5849609375,0.888671875,0.953125,0.982421875,0.9990234375
red (1082).jpg,red,0.041015625,0.1435546875,0.439453125,1.0,1.0,0.9765625,1.0
red (1083).jpg,red,0.1171875,0.2626953125,0.552734375,0.9794921875,0.9990234375,0.9755859375,0.9990234375
red (1084).jpg,red,0.251953125,0.4697265625,0.6875,0.77734375,0.984375,0.7197265625,0.8623046875
red (1085).jpg,red,0.1396484375,0.22265625,0.373046875,0.9287109375,0.99609375,0.892578125,0.9443359375
red (1086).jpg,red,0.1123046875,0.19921875,0.318359375,0.9384765625,0.998046875,0.912109375,0.9560546875
red (1087).jpg,red,0.0732421875,0.1982421875,0.4853515625,0.9970703125,0.9970703125,0.9951171875,1.0
red (1088).jpg,red,0.0732421875,0.1982421875,0.4853515625,0.9970703125,0.9970703125,0.9951171875,1.0
red (1089).jpg,red,0.0498046875,0.2412109375,0.5849609375,0.888671875,0.953125,0.982421875,0.9990234375
red (109).jpg,red,0.1396484375,0.22265625,0.373046875,0.9287109375,0.99609375,0.892578125,0.9443359375
red (1090).jpg,red,0.041015625,0.1435546875,0.439453125,1.0,1.0,0.9765625,1.0
red (1091).jpg,red,0.1171875,0.2626953125,0.552734375,0.9794921875,0.9990234375,0.9755859375,0.9990234375
red (1092).jpg,red,0.251953125,0.4697265625,0.6875,0.77734375,0.984375,0.7197265625,0.8623046875
red (1093).jpg,red,0.1396484375,0.22265625,0.373046875,0.9287109375,0.99609375,0.892578125,0.9443359375
red (1094).jpg,red,0.1123046875,0.19921875,0.318359375,0.9384765625,0.998046875,0.912109375,0.9560546875
red (1095).jpg,red,0.0732421875,0.1982421875,0.4853515625,0.9970703125,0.9970703125,0.9951171875,1.0
red (1096).jpg,red,0.0732421875,0.1982421875,0.4853515625,0.9970703125,0.9970703125,0.9951171875,1.0
red (1097).jpg,red,0.0498046875,0.2412109375,0.5849609375,0.888671875,0.953125,0.982421875,0.9990234375
red (1098).jpg,red,0.041015625,0.1435546875,0.439453125,1.0,1.0,0.9765625,1.0
red (1099).jpg,red,0.1171875,0.2626953125,0.552734375,0.9794921875,0.9990234375,0.9755859375,0.9990234375
red (11).jpg,red,0.1171875,0.2626953125,0.552734375,0.9794921875,0.9990234375,0.9755859375,0.9990234375
red (110).jpg,red,0.1123046875,0.19921875,0.318359375,0.9384765625,0.998046875,0.912109375,0.9560546875
red (1100).jpg,red,0.251953125,0.4697265625,0.6875,0.77734375,0.984375,0.7197265625,0.8623046875
red (111).jpg,red,0.0732421875,0.1982421875,0.4853515625,0.9970703125,0.9970703125,0.9951171875,1.0
red (112).jpg,red,0.0732421875,0.1982421875,0.4853515625,0.9970703125,0.9970703125,0.9951171875,1.0
red (113).jpg,red,0.0498046875,0.2412109375,0.5849609375,0.888671875,0.953125,0.982421875,0.9990234375
red (114).jpg,red,0.041015625,0.1435546875,0.439453125,1.0,1.0,0.9765625,1.0
red (115).jpg,red,0.1171875,0.2626953125,0.552734375,0.9794921875,0.9990234375,0.9755859375,0.9990234375
red (116).jpg,red,0.251953125,0.4697265625,0.6875,0.77734375,0.984375,0.7197265625,0.8623046875
red (117).jpg,red,0.1396484375,0.22265625,0.373046875,0.9287109375,0.99609375,0.892578125,0.9443359375
red (118).jpg,red,0.1123046875,0.19921875,0.318359375,0.9384765625,0.998046875,0.912109375,0.9560546875
red (119).jpg,red,0.0732421875,0.1982421875,0.4853515625,0.9970703125,0.9970703125,0.9951171875,1.0
red (12).jpg,red,0.251953125,0.4697265625,0.6875,0.77734375,0.984375,0.7197265625,0.8623046875
red (120).jpg,red,0.0732421875,0.1982421875,0.4853515625,0.9970703125,0.9970703125,0.9951171875,1.0
red (121).jpg,red,0.0498046875,0.2412109375,0.5849609375,0.888671875,0.953125,0.982421875,0.9990234375
red (122).jpg,red,0.041015625,0.1435546875,0.439453125,1.0,1.0,0.9765625,1.0
red (123).jpg,red,0.1171875,0.2626953125,0.552734375,0.9794921875,0.9990234375,0.9755859375,0.9990234375
red (124).jpg,red,0.251953125,0.4697265625,0.6875,0.77734375,0.984375,0.7197265625,0.8623046875
red (125).jpg,red,0.1396484375,0.22265625,0.373046875,0.9287109375,0.99609375,0.892578125,0.9443359375
red (126).jpg,red,0.1123046875,0.19921875,0.318359375,0.9384765625,0.998046875,0.912109375,0.9560546875
red (127).jpg,red,0.0732421875,0.1982421875,0.4853515625,0.9970703125,0.9970703125,0.9951171875,1.0
red (128).jpg,red,0.0732421875,0.1982421875,0.4853515625,0.9970703125,0.9970703125,0.9951171875,1.0
red (129).jpg,red,0.0498046875,0.2412109375,0.5849609375,0.888671875,0.953125,0.982421875,0.9990234375
red (13).jpg,red,0.1396484375,0.22265625,0.373046875,0.9287109375,0.99609375,0.892578125,0.9443359375
red (130).jpg,red,0.041015625,0.1435546875,0.439453125,1.0,1.0,0.9765625,1.0
red (131).jpg,red,0.1171875,0.2626953125,0.552734375,0.9794921875,0.9990234375,0.9755859375,0.9990234375
red (132).jpg,red,0.251953125,0.4697265625,0.6875,0.77734375,0.984375,0.7197265625,0.8623046875
red (133).jpg,red,0.1396484375,0.22265625,0.373046875,0.9287109375,0.99609375,0.892578125,0.9443359375
red (134).jpg,red,0.1123046875,0.19921875,0.318359375,0.9384765625,0.998046875,0.912109375,0.9560546875
red (135).jpg,red,0.0732421875,0.1982421875,0.4853515625,0.9970703125,0.9970703125,0.9951171875,1.0
red (136).jpg,red,0.0732421875,0.1982421875,0.4853515625,0.9970703125,0.9970703125,0.9951171875,1.0
red (137).jpg,red,0.0498046875,0.2412109375,0.5849609375,0.888671875,0.953125,0.982421875,0.9990234375
red (138).jpg,red,0.041015625,0.1435546875,0.439453125,1.0,1.0,0.9765625,1.0
red (139).jpg,red,0.1171875,0.2626953125,0.552734375,0.9794921875,0.9990234375,0.9755859375,0.9990234375
red (14).jpg,red,0.1123046875,0.19921875,0.318359375,0.9384765625,0.998046875,0.912109375,0.9560546875
red (140).jpg,red,0.251953125,0.4697265625,0.6875,0.77734375,0.984375,0.7197265625,0.8623046875
red (141).jpg,red,0.1396484375,0.22265625,0.373046875,0.9287109375,0.99609375,0.892578125,0.9443359375
red (142).jpg,red,0.1123046875,0.19921875,0.318359375,0.9384765625,0.998046875,0.912109375,0.9560546875
red (143).jpg,red,0.0732421875,0.1982421875,0.4853515625,0.9970703125,0.9970703125,0.9951171875,1.0
red (144).jpg,red,0.0732421875,0.1982421875,0.4853515625,0.9970703125,0.9970703125,0.9951171875,1.0
red (145).jpg,red,0.0498046875,0.2412109375,0.5849609375,0.888671875,0.953125,0.982421875,0.9990234375
red (146).jpg,red,0.041015625,0.1435546875,0.439453125,1.0,1.0,0.9765625,1.0
red (147).jpg,red,0.1171875,0.2626953125,0.552734375,0.9794921875,0.9990234375,0.9755859375,0.9990234375
red (148).jpg,red,0.251953125,0.4697265625,0.6875,0.77734375,0.984375,0.7197265625,0.8623046875
red (149).jpg,red,0.1396484375,0.22265625,0.373046875,0.9287109375,0.99609375,0.892578125,0.9443359375
red (15).jpg,red,0.0732421875,0.1982421875,0.4853515625,0.9970703125,0.9970703125,0.9951171875,1.0
red (150).jpg,red,0.1123046875,0.19921875,0.318359375,0.9384765625,0.998046875,0.912109375,0.9560546875
red (151).jpg,red,0.0732421875,0.1982421875,0.4853515625,0.9970703125,0.9970703125,0.9951171875,1.0
red (152).jpg,red,0.0732421875,0.1982421875,0.4853515625,0.9970703125,0.9970703125,0.9951171875,1.0
red (153).jpg,red,0.0498046875,0.2412109375,0.5849609375,0.888671875,0.953125,0.982421875,0.9990234375
red (154).jpg,red,0.041015625,0.1435546875,0.439453125,1.0,1.0,0.9765625,1.0
red (155).jpg,red,0.1171875,0.2626953125,0.552734375,0.9794921875,0.9990234375,0.9755859375,0.9990234375
red (156).jpg,red,0.251953125,0.4697265625,0.6875,0.77734375,0.984375,0.7197265625,0.8623046875
red (157).jpg,red,0.1396484375,0.22265625,0.373046875,0.9287109375,0.99609375,0.892578125,0.9443359375
red (158).jpg,red,0.1123046875,0.19921875,0.318359375,0.9384765625,0.998046875,0.912109375,0.9560546875
red (159).jpg,red,0.0732421875,0.1982421875,0.4853515625,0.9970703125,0.9970703125,0.9951171875,1.0
red (16).jpg,red,0.0732421875,0.1982421875,0.4853515625,0.9970703125,0.9970703125,0.9951171875,1.0
red (160).jpg,red,0.0732421875,0.1982421875,0.4853515625,0.9970703125,0.9970703125,0.9951171875,1.0
red (161).jpg,red,0.0498046875,0.2412109375,0.5849609375,0.888671875,0.953125,0.982421875,0.9990234375
red (162).jpg,red,0.041015625,0.1435546875,0.439453125,1.0,1.0,0.9765625,1.0
red (163).jpg,red,0.1171875,0.2626953125,0.552734375,0.9794921875,0.9990234375,0.9755859375,0.9990234375
red (164).jpg,red,0.251953125,0.4697265625,0.6875,0.77734375,0.984375,0.7197265625,0.8623046875
red (165).jpg,red,0.1396484375,0.22265625,0.373046875,0.9287109375,0.99609375,0.892578125,0.9443359375
red (166).jpg,red,0.1123046875,0.19921875,0.318359375,0.9384765625,0.998046875,0.912109375,0.9560546875
red (167).jpg,red,0.0732421875,0.1982421875,0.4853515625,0.9970703125,0.9970703125,0.9951171875,1.0
red (168).jpg,red,0.0732421875,0.1982421875,0.4853515625,0.9970703125,0.9970703125,0.9951171875,1.0
red (169).jpg,red,0.0498046875,0.2412109375,0.5849609375,0.888671875,0.953125,0.982421875,0.9990234375
red (17).jpg,red,0.0498046875,0.2412109375,0.5849609375,0.888671875,0.953125,0.982421875,0.9990234375
red (170).jpg,red,0.041015625,0.1435546875,0.439453125,1.0,1.0,0.9765625,1.0
red (171).jpg,red,0.1171875,0.2626953125,0.552734375,0.9794921875,0.9990234375,0.9755859375,0.9990234375
red (172).jpg,red,0.251953125,0.4697265625,0.6875,0.77734375,0.984375,0.7197265625,0.8623046875
red (173).jpg,red,0.1396484375,0.22265625,0.373046875,0.9287109375,0.99609375,0.892578125,0.9443359375
red (174).jpg,red,0.1123046875,0.19921875,0.318359375,0.9384765625,0.998046875,0.912109375,0.9560546875
red (175).jpg,red,0.0732421875,0.1982421875,0.4853515625,0.9970703125,0.9970703125,0.9951171875,1.0
red (176).jpg,red,0.0732421875,0.1982421875,0.4853515625,0.9970703125,0.9970703125,0.9951171875,1.0
red (177).jpg,red,0.0498046875,0.2412109375,0.5849609375,0.888671875,0.953125,0.982421875,0.9990234375
red (178).jpg,red,0.041015625,0.1435546875,0.439453125,1.0,1.0,0.9765625,1.0
red (179).jpg,red,0.1171875,0.2626953125,0.552734375,0.9794921875,0.9990234375,0.9755859375,0.9990234375
red (18).jpg,red,0.041015625,0.1435546875,0.439453125,1.0,1.0,0.9765625,1.0
red (180).jpg,red,0.251953125,0.4697265625,0.6875,0.77734375,0.984375,0.7197265625,0.8623046875
red (181).jpg,red,0.1396484375,0.22265625,0.373046875,0.9287109375,0.99609375,0.892578125,0.9443359375
red (182).jpg,red,0.1123046875,0.19921875,0.318359375,0.9384765625,0.998046875,0.912109375,0.9560546875
red (183).jpg,red,0.0732421875,0.1982421875,0.4853515625,0.9970703125,0.9970703125,0.9951171875,1.0
red (184).jpg,red,0.0732421875,0.1982421875,0.4853515625,0.9970703125,0.9970703125,0.9951171875,1.0
red (185).jpg,red,0.0498046875,0.2412109375,0.5849609375,0.888671875,0.953125,0.982421875,0.9990234375
red (186).jpg,red,0.041015625,0.1435546875,0.439453125,1.0,1.0,0.9765625,1.0
red (187).jpg,red,0.1171875,0.2626953125,0.552734375,0.9794921875,0.9990234375,0.9755859375,0.9990234375
red (188).jpg,red,0.251953125,0.4697265625,0.6875,0.77734375,0.984375,0.7197265625,0.8623046875
red (189).jpg,red,0.1396484375,0.22265625,0.373046875,0.9287109375,0.99609375,0.892578125,0.9443359375
red (19).jpg,red,0.1171875,0.2626953125,0.552734375,0.9794921875,0.9990234375,0.9755859375,0.9990234375
red (190).jpg,red,0.1123046875,0.19921875,0.318359375,0.9384765625,0.998046875,0.912109375,0.9560546875
red (191).jpg,red,0.0732421875,0.1982421875,0.4853515625,0.9970703125,0.9970703125,0.9951171875,1.0
red (192).jpg,red,0.0732421875,0.1982421875,0.4853515625,0.9970703125,0.9970703125,0.9951171875,1.0
red (193).jpg,red,0.0498046875,0.2412109375,0.5849609375,0.888671875,0.953125,0.982421875,0.9990234375
red (194).jpg,red,0.041015625,0.1435546875,0.439453125,1.0,1.0,0.9765625,1.0
red (195).jpg,red,0.1171875,0.2626953125,0.552734375,0.9794921875,0.9990234375,0.9755859375,0.9990234375
red (196).jpg,red,0.251953125,0.4697265625,0.6875,0.77734375,0.984375,0.7197265625,0.8623046875
red (197).jpg,red,0.1396484375,0.22265625,0.373046875,0.9287109375,0.99609375,0.892578125,0.9443359375
red (198).jpg,red,0.1123046875,0.19921875,0.318359375,0.9384765625,0.998046875,0.912109375,0.9560546875
red (199).jpg,red,0.0732421875,0.1982421875,0.4853515625,0.9970703125,0.9970703125,0.9951171875,1.0
red (2).jpg,red,0.041015625,0.1435546875,0.439453125,1.0,1.0,0.9765625,1.0
red (20).jpg,red,0.251953125,0.4697265625,0.6875,0.77734375,0.984375,0.7197265625,0.8623046875
red (200).jpg,red,0.0732421875,0.1982421875,0.4853515625,0.9970703125,0.9970703125,0.9951171875,1.0
red (201).jpg,red,0.0498046875,0.2412109375,0.5849609375,0.888671875,0.953125,0.982421875,0.9990234375
red (202).jpg,red,0.041015625,0.1435546875,0.439453125,1.0,1.0,0.9765625,1.0
red (203).jpg,red,0.1171875,0.2626953125,0.552734375,0.9794921875,0.9990234375,0.9755859375,0.9990234375
red (204).jpg,red,0.251953125,0.4697265625,0.6875,0.77734375,0.984375,0.7197265625,0.8623046875
red (205).jpg,red,0.1396484375,0.22265625,0.373046875,0.9287109375,0.99609375,0.892578125,0.9443359375
red (206).jpg,red,0.1123046875,0.19921875,0.318359375,0.9384765625,0.998046875,0.912109375,0.9560546875
red (207).jpg,red,0.0732421875,0.1982421875,0.4853515625,0.9970703125,0.9970703125,0.9951171875,1.0
red (208).jpg,red,0.0732421875,0.1982421875,0.4853515625,0.9970703125,0.9970703125,0.9951171875,1.0
red (209).jpg,red,0.0498046875,0.2412109375,0.5849609375,0.888671875,0.953125,0.982421875,0.9990234375
red (21).jpg,red,0.1396484375,0.22265625,0.373046875,0.9287109375,0.99609375,0.892578125,0.9443359375
red (210).jpg,red,0.041015625,0.1435546875,0.439453125,1.0,1.0,0.9765625,1.0
red (211).jpg,red,0.1171875,0.2626953125,0.552734375,0.9794921875,0.9990234375,0.9755859375,0.9990234375
red (212).jpg,red,0.251953125,0.4697265625,0.6875,0.77734375,0.984375,0.7197265625,0.8623046875
red (213).jpg,red,0.1396484375,0.22265625,0.373046875,0.9287109375,0.99609375,0.892578125,0.9443359375
red (214).jpg,red,0.1123046875,0.19921875,0.318359375,0.9384765625,0.998046875,0.912109375,0.9560546875
red (215).jpg,red,0.0732421875,0.1982421875,0.4853515625,0.9970703125,0.9970703125,0.9951171875,1.0
red (216).jpg,red,0.0732421875,0.1982421875,0.4853515625,0.9970703125,0.9970703125,0.9951171875,1.0
red (217).jpg,red,0.0498046875,0.2412109375,0.5849609375,0.888671875,0.953125,0.982421875,0.9990234375
red (218).jpg,red,0.041015625,0.1435546875,0.439453125,1.0,1.0,0.9765625,1.0
red (219).jpg,red,0.1171875,0.2626953125,0.552734375,0.9794921875,0.9990234375,0.9755859375,0.9990234375
red (22).jpg,red,0.1123046875,0.19921875,0.318359375,0.9384765625,0.998046875,0.912109375,0.9560546875
red (220).jpg,red,0.251953125,0.4697265625,0.6875,0.77734375,0.984375,0.7197265625,0.8623046875
red (221).jpg,red,0.1396484375,0.22265625,0.373046875,0.9287109375,0.99609375,0.892578125,0.9443359375
red (222).jpg,red,0.1123046875,0.19921875,0.318359375,0.9384765625,0.998046875,0.912109375,0.9560546875
red (223).jpg,red,0.0732421875,0.1982421875,0.4853515625,0.9970703125,0.9970703125,0.9951171875,1.0
red (224).jpg,red,0.0732421875,0.1982421875,0.4853515625,0.9970703125,0.9970703125,0.9951171875,1.0
red (225).jpg,red,0.0498046875,0.2412109375,0.5849609375,0.888671875,0.953125,0.982421875,0.9990234375
red (226).jpg,red,0.041015625,0.1435546875,0.439453125,1.0,1.0,0.9765625,1.0
red (227).jpg,red,0.1171875,0.2626953125,0.552734375,0.9794921875,0.9990234375,0.9755859375,0.9990234375
red (228).jpg,red,0.251953125,0.4697265625,0.6875,0.77734375,0.984375,0.7197265625,0.8623046875
red (229).jpg,red,0.1396484375,0.22265625,0.373046875,0.9287109375,0.99609375,0.892578125,0.9443359375
red (23).jpg,red,0.0732421875,0.1982421875,0.4853515625,0.9970703125,0.9970703125,0.9951171875,1.0
red (230).jpg,red,0.1123046875,0.19921875,0.318359375,0.9384765625,0.998046875,0.912109375,0.9560546875
red (231).jpg,red,0.0732421875,0.1982421875,0.4853515625,0.9970703125,0.9970703125,0.9951171875,1.0
red (232).jpg,red,0.0732421875,0.1982421875,0.4853515625,0.9970703125,0.9970703125,0.9951171875,1.0
red (233).jpg,red,0.0498046875,0.2412109375,0.5849609375,0.888671875,0.953125,0.982421875,0.9990234375
red (234).jpg,red,0.041015625,0.1435546875,0.439453125,1.0,1.0,0.9765625,1.0
red (235).jpg,red,0.1171875,0.2626953125,0.552734375,0.9794921875,0.9990234375,0.9755859375,0.9990234375
red (236).jpg,red,0.251953125,0.4697265625,0.6875,0.77734375,0.984375,0.7197265625,0.8623046875
red (237).jpg,red,0.1396484375,0.22265625,0.373046875,0.9287109375,0.99609375,0.892578125,0.9443359375
red (238).jpg,red,0.1123046875,0.19921875,0.318359375,0.9384765625,0.998046875,0.912109375,0.9560546875
red (239).jpg,red,0.0732421875,0.1982421875,0.4853515625,0.9970703125,0.9970703125,0.9951171875,1.0
red (24).jpg,red,0.0732421875,0.1982421875,0.4853515625,0.9970703125,0.9970703125,0.9951171875,1.0
red (240).jpg,red,0.0732421875,0.1982421875,0.4853515625,0.9970703125,0.9970703125,0.9951171875,1.0
red (241).jpg,red,0.0498046875,0.2412109375,0.5849609375,0.888671875,0.953125,0.982421875,0.9990234375
red (242).jpg,red,0.041015625,0.1435546875,0.439453125,1.0,1.0,0.9765625,1.0
red (243).jpg,red,0.1171875,0.2626953125,0.552734375,0.9794921875,0.9990234375,0.9755859375,0.9990234375
red (244).jpg,red,0.251953125,0.4697265625,0.6875,0.77734375,0.984375,0.7197265625,0.8623046875
red (245).jpg,red,0.1396484375,0.22265625,0.373046875,0.9287109375,0.99609375,0.892578125,0.9443359375
red (246).jpg,red,0.1123046875,0.19921875,0.318359375,0.9384765625,0.998046875,0.912109375,0.9560546875
red (247).jpg,red,0.0732421875,0.1982421875,0.4853515625,0.9970703125,0.9970703125,0.9951171875,1.0
red (248).jpg,red,0.0732421875,0.1982421875,0.4853515625,0.9970703125,0.9970703125,0.9951171875,1.0
red (249).jpg,red,0.0498046875,0.2412109375,0.5849609375,0.888671875,0.953125,0.982421875,0.9990234375
red (25).jpg,red,0.0498046875,0.2412109375,0.5849609375,0.888671875,0.953125,0.982421875,0.9990234375
red (250).jpg,red,0.041015625,0.1435546875,0.439453125,1.0,1.0,0.9765625,1.0
red (251).jpg,red,0.1171875,0.2626953125,0.552734375,0.9794921875,0.9990234375,0.9755859375,0.9990234375
red (252).jpg,red,0.251953125,0.4697265625,0.6875,0.77734375,0.984375,0.7197265625,0.8623046875
red (253).jpg,red,0.1396484375,0.22265625,0.373046875,0.9287109375,0.99609375,0.892578125,0.9443359375
red (254).jpg,red,0.1123046875,0.19921875,0.318359375,0.9384765625,0.998046875,0.912109375,0.9560546875
red (255).jpg,red,0.0732421875,0.1982421875,0.4853515625,0.9970703125,0.9970703125,0.9951171875,1.0
red (256).jpg,red,0.0732421875,0.1982421875,0.4853515625,0.9970703125,0.9970703125,0.9951171875,1.0
red (257).jpg,red,0.0498046875,0.2412109375,0.5849609375,0.888671875,0.953125,0.982421875,0.9990234375
red (258).jpg,red,0.041015625,0.1435546875,0.439453125,1.0,1.0,0.9765625,1.0
red (259).jpg,red,0.1171875,0.2626953125,0.552734375,0.9794921875,0.9990234375,0.9755859375,0.9990234375
red (26).jpg,red,0.041015625,0.1435546875,0.439453125,1.0,1.0,0.9765625,1.0
red (260).jpg,red,0.251953125,0.4697265625,0.6875,0.77734375,0.984375,0.7197265625,0.8623046875
red (261).jpg,red,0.1396484375,0.22265625,0.373046875,0.9287109375,0.99609375,0.892578125,0.9443359375
red (262).jpg,red,0.1123046875,0.19921875,0.318359375,0.9384765625,0.998046875,0.912109375,0.9560546875
red (263).jpg,red,0.0732421875,0.1982421875,0.4853515625,0.9970703125,0.9970703125,0.9951171875,1.0
red (264).jpg,red,0.0732421875,0.1982421875,0.4853515625,0.9970703125,0.9970703125,0.9951171875,1.0
red (265).jpg,red,0.0498046875,0.2412109375,0.5849609375,0.888671875,0.953125,0.982421875,0.9990234375
red (266).jpg,red,0.041015625,0.1435546875,0.439453125,1.0,1.0,0.9765625,1.0
red (267).jpg,red,0.1171875,0.2626953125,0.552734375,0.9794921875,0.9990234375,0.9755859375,0.9990234375
red (268).jpg,red,0.251953125,0.4697265625,0.6875,0.77734375,0.984375,0.7197265625,0.8623046875
red (269).jpg,red,0.1396484375,0.22265625,0.373046875,0.9287109375,0.99609375,0.892578125,0.9443359375
red (27).jpg,red,0.1171875,0.2626953125,0.552734375,0.9794921875,0.9990234375,0.9755859375,0.9990234375
red (270).jpg,red,0.1123046875,0.19921875,0.318359375,0.9384765625,0.998046875,0.912109375,0.9560546875
red (271).jpg,red,0.0732421875,0.1982421875,0.4853515625,0.9970703125,0.9970703125,0.9951171875,1.0
red (272).jpg,red,0.0732421875,0.1982421875,0.4853515625,0.9970703125,0.9970703125,0.9951171875,1.0
red (273).jpg,red,0.0498046875,0.2412109375,0.5849609375,0.888671875,0.953125,0.982421875,0.9990234375
red (274).jpg,red,0.041015625,0.1435546875,0.439453125,1.0,1.0,0.9765625,1.0
red (275).jpg,red,0.1171875,0.2626953125,0.552734375,0.9794921875,0.9990234375,0.9755859375,0.9990234375
red (276).jpg,red,0.251953125,0.4697265625,0.6875,0.77734375,0.984375,0.7197265625,0.8623046875
red (277).jpg,red,0.1396484375,0.22265625,0.373046875,0.9287109375,0.99609375,0.892578125,0.9443359375
red (278).jpg,red,0.1123046875,0.19921875,0.318359375,0.9384765625,0.998046875,0.912109375,0.9560546875
red (279).jpg,red,0.0732421875,0.1982421875,0.4853515625,0.9970703125,0.9970703125,0.9951171875,1.0
red (28).jpg,red,0.251953125,0.4697265625,0.6875,0.77734375,0.984375,0.7197265625,0.8623046875
red (280).jpg,red,0.0732421875,0.1982421875,0.4853515625,0.9970703125,0.9970703125,0.9951171875,1.0
red (281).jpg,red,0.0498046875,0.2412109375,0.5849609375,0.888671875,0.953125,0.982421875,0.9990234375
red (282).jpg,red,0.041015625,0.1435546875,0.439453125,1.0,1.0,0.9765625,1.0
red (283).jpg,red,0.1171875,0.2626953125,0.552734375,0.9794921875,0.9990234375,0.9755859375,0.9990234375
red (284).jpg,red,0.251953125,0.4697265625,0.6875,0.77734375,0.984375,0.7197265625,0.8623046875
red (285).jpg,red,0.1396484375,0.22265625,0.373046875,0.9287109375,0.99609375,0.892578125,0.9443359375
red (286).jpg,red,0.1123046875,0.19921875,0.318359375,0.9384765625,0.998046875,0.912109375,0.9560546875
red (287).jpg,red,0.0732421875,0.1982421875,0.4853515625,0.9970703125,0.9970703125,0.9951171875,1.0
red (288).jpg,red,0.0732421875,0.1982421875,0.4853515625,0.9970703125,0.9970703125,0.9951171875,1.0
red (289).jpg,red,0.0498046875,0.2412109375,0.5849609375,0.888671875,0.953125,0.982421875,0.9990234375
red (29).jpg,red,0.1396484375,0.22265625,0.373046875,0.9287109375,0.99609375,0.892578125,0.9443359375
red (290).jpg,red,0.041015625,0.1435546875,0.439453125,1.0,1.0,0.9765625,1.0
red (291).jpg,red,0.1171875,0.2626953125,0.552734375,0.9794921875,0.9990234375,0.9755859375,0.9990234375
red (292).jpg,red,0.251953125,0.4697265625,0.6875,0.77734375,0.984375,0.7197265625,0.8623046875
red (293).jpg,red,0.1396484375,0.22265625,0.373046875,0.9287109375,0.99609375,0.892578125,0.9443359375
red (294).jpg,red,0.1123046875,0.19921875,0.318359375,0.9384765625,0.998046875,0.912109375,0.9560546875
red (295).jpg,red,0.0732421875,0.1982421875,0.4853515625,0.9970703125,0.9970703125,0.9951171875,1.0
red (296).jpg,red,0.0732421875,0.1982421875,0.4853515625,0.9970703125,0.9970703125,0.9951171875,1.0
red (297).jpg,red,0.0498046875,0.2412109375,0.5849609375,0.888671875,0.953125,0.982421875,0.9990234375
red (298).jpg,red,0.041015625,0.1435546875,0.439453125,1.0,1.0,0.9765625,1.0
red (299).jpg,red,0.1171875,0.2626953125,0.552734375,0.9794921875,0.9990234375,0.9755859375,0.9990234375
red (3).jpg,red,0.1171875,0.2626953125,0.552734375,0.9794921875,0.9990234375,0.9755859375,0.9990234375
red (30).jpg,red,0.1123046875,0.19921875,0.318359375,0.9384765625,0.998046875,0.912109375,0.9560546875
red (300).jpg,red,0.251953125,0.4697265625,0.6875,0.77734375,0.984375,0.7197265625,0.8623046875
red (301).jpg,red,0.1396484375,0.22265625,0.373046875,0.9287109375,0.99609375,0.892578125,0.9443359375
red (302).jpg,red,0.1123046875,0.19921875,0.318359375,0.9384765625,0.998046875,0.912109375,0.9560546875
red (303).jpg,red,0.0732421875,0.1982421875,0.4853515625,0.9970703125,0.9970703125,0.9951171875,1.0
red (304).jpg,red,0.0732421875,0.1982421875,0.4853515625,0.9970703125,0.9970703125,0.9951171875,1.0
red (305).jpg,red,0.0498046875,0.2412109375,0.5849609375,0.888671875,0.953125,0.982421875,0.9990234375
red (306).jpg,red,0.041015625,0.1435546875,0.439453125,1.0,1.0,0.9765625,1.0
red (307).jpg,red,0.1171875,0.2626953125,0.552734375,0.9794921875,0.9990234375,0.9755859375,0.9990234375
red (308).jpg,red,0.251953125,0.4697265625,0.6875,0.77734375,0.984375,0.7197265625,0.8623046875
red (309).jpg,red,0.1396484375,0.22265625,0.373046875,0.9287109375,0.99609375,0.892578125,0.9443359375
red (31).jpg,red,0.0732421875,0.1982421875,0.4853515625,0.9970703125,0.9970703125,0.9951171875,1.0
red (310).jpg,red,0.1123046875,0.19921875,0.318359375,0.9384765625,0.998046875,0.912109375,0.9560546875
red (311).jpg,red,0.0732421875,0.1982421875,0.4853515625,0.9970703125,0.9970703125,0.9951171875,1.0
red (312).jpg,red,0.0732421875,0.1982421875,0.4853515625,0.9970703125,0.9970703125,0.9951171875,1.0
red (313).jpg,red,0.0498046875,0.2412109375,0.5849609375,0.888671875,0.953125,0.982421875,0.9990234375
red (314).jpg,red,0.041015625,0.1435546875,0.439453125,1.0,1.0,0.9765625,1.0
red (315).jpg,red,0.1171875,0.2626953125,0.552734375,0.9794921875,0.9990234375,0.9755859375,0.9990234375
red (316).jpg,red,0.251953125,0.4697265625,0.6875,0.77734375,0.984375,0.7197265625,0.8623046875
red (317).jpg,red,0.1396484375,0.22265625,0.373046875,0.9287109375,0.99609375,0.892578125,0.9443359375
red (318).jpg,red,0.1123046875,0.19921875,0.318359375,0.9384765625,0.998046875,0.912109375,0.9560546875
red (319).jpg,red,0.0732421875,0.1982421875,0.4853515625,0.9970703125,0.9970703125,0.9951171875,1.0
red (32).jpg,red,0.0732421875,0.1982421875,0.4853515625,0.9970703125,0.9970703125,0.9951171875,1.0
red (320).jpg,red,0.0732421875,0.1982421875,0.4853515625,0.9970703125,0.9970703125,0.9951171875,1.0
red (321).jpg,red,0.0498046875,0.2412109375,0.5849609375,0.888671875,0.953125,0.982421875,0.9990234375
red (322).jpg,red,0.041015625,0.1435546875,0.439453125,1.0,1.0,0.9765625,1.0
red (323).jpg,red,0.1171875,0.2626953125,0.552734375,0.9794921875,0.9990234375,0.9755859375,0.9990234375
red (324).jpg,red,0.251953125,0.4697265625,0.6875,0.77734375,0.984375,0.7197265625,0.8623046875
red (325).jpg,red,0.1396484375,0.22265625,0.373046875,0.9287109375,0.99609375,0.892578125,0.9443359375
red (326).jpg,red,0.1123046875,0.19921875,0.318359375,0.9384765625,0.998046875,0.912109375,0.9560546875
red (327).jpg,red,0.0732421875,0.1982421875,0.4853515625,0.9970703125,0.9970703125,0.9951171875,1.0
red (328).jpg,red,0.0732421875,0.1982421875,0.4853515625,0.9970703125,0.9970703125,0.9951171875,1.0
red (329).jpg,red,0.0498046875,0.2412109375,0.5849609375,0.888671875,0.953125,0.982421875,0.9990234375
red (33).jpg,red,0.0498046875,0.2412109375,0.5849609375,0.888671875,0.953125,0.982421875,0.9990234375
red (330).jpg,red,0.041015625,0.1435546875,0.439453125,1.0,1.0,0.9765625,1.0
red (331).jpg,red,0.1171875,0.2626953125,0.552734375,0.9794921875,0.9990234375,0.9755859375,0.9990234375
red (332).jpg,red,0.251953125,0.4697265625,0.6875,0.77734375,0.984375,0.7197265625,0.8623046875
red (333).jpg,red,0.1396484375,0.22265625,0.373046875,0.9287109375,0.99609375,0.892578125,0.9443359375
red (334).jpg,red,0.1123046875,0.19921875,0.318359375,0.9384765625,0.998046875,0.912109375,0.9560546875
red (335).jpg,red,0.0732421875,0.1982421875,0.4853515625,0.9970703125,0.9970703125,0.9951171875,1.0
red (336).jpg,red,0.0732421875,0.1982421875,0.4853515625,0.9970703125,0.9970703125,0.9951171875,1.0
red (337).jpg,red,0.0498046875,0.2412109375,0.5849609375,0.888671875,0.953125,0.982421875,0.9990234375
red (338).jpg,red,0.041015625,0.1435546875,0.439453125,1.0,1.0,0.9765625,1.0
red (339).jpg,red,0.1171875,0.2626953125,0.552734375,0.9794921875,0.9990234375,0.9755859375,0.9990234375
red (34).jpg,red,0.041015625,0.1435546875,0.439453125,1.0,1.0,0.9765625,1.0
red (340).jpg,red,0.251953125,0.4697265625,0.6875,0.77734375,0.984375,0.7197265625,0.8623046875
red (341).jpg,red,0.1396484375,0.22265625,0.373046875,0.9287109375,0.99609375,0.892578125,0.9443359375
red (342).jpg,red,0.1123046875,0.19921875,0.318359375,0.9384765625,0.998046875,0.912109375,0.9560546875
red (343).jpg,red,0.0732421875,0.1982421875,0.4853515625,0.9970703125,0.9970703125,0.9951171875,1.0
red (344).jpg,red,0.0732421875,0.1982421875,0.4853515625,0.9970703125,0.9970703125,0.9951171875,1.0
red (345).jpg,red,0.0498046875,0.2412109375,0.5849609375,0.888671875,0.953125,0.982421875,0.9990234375
red (346).jpg,red,0.041015625,0.1435546875,0.439453125,1.0,1.0,0.9765625,1.0
red (347).jpg,red,0.1171875,0.2626953125,0.552734375,0.9794921875,0.9990234375,0.9755859375,0.9990234375
red (348).jpg,red,0.251953125,0.4697265625,0.6875,0.77734375,0.984375,0.7197265625,0.8623046875
red (349).jpg,red,0.1396484375,0.22265625,0.373046875,0.9287109375,0.99609375,0.892578125,0.9443359375
red (35).jpg,red,0.1171875,0.2626953125,0.552734375,0.9794921875,0.9990234375,0.9755859375,0.9990234375
red (350).jpg,red,0.1123046875,0.19921875,0.318359375,0.9384765625,0.998046875,0.912109375,0.9560546875
red (351).jpg,red,0.0732421875,0.1982421875,0.4853515625,0.9970703125,0.9970703125,0.9951171875,1.0
red (352).jpg,red,0.0732421875,0.1982421875,0.4853515625,0.9970703125,0.9970703125,0.9951171875,1.0
red (353).jpg,red,0.0498046875,0.2412109375,0.5849609375,0.888671875,0.953125,0.982421875,0.9990234375
red (354).jpg,red,0.041015625,0.1435546875,0.439453125,1.0,1.0,0.9765625,1.0
red (355).jpg,red,0.1171875,0.2626953125,0.552734375,0.9794921875,0.9990234375,0.9755859375,0.9990234375
red (356).jpg,red,0.251953125,0.4697265625,0.6875,0.77734375,0.984375,0.7197265625,0.8623046875
red (357).jpg,red,0.1396484375,0.22265625,0.373046875,0.9287109375,0.99609375,0.892578125,0.9443359375
red (358).jpg,red,0.1123046875,0.19921875,0.318359375,0.9384765625,0.998046875,0.912109375,0.9560546875
red (359).jpg,red,0.0732421875,0.1982421875,0.4853515625,0.9970703125,0.9970703125,0.9951171875,1.0
red (36).jpg,red,0.251953125,0.4697265625,0.6875,0.77734375,0.984375,0.7197265625,0.8623046875
red (360).jpg,red,0.0732421875,0.1982421875,0.4853515625,0.9970703125,0.9970703125,0.9951171875,1.0
red (361).jpg,red,0.0498046875,0.2412109375,0.5849609375,0.888671875,0.953125,0.982421875,0.9990234375
red (362).jpg,red,0.041015625,0.1435546875,0.439453125,1.0,1.0,0.9765625,1.0
red (363).jpg,red,0.1171875,0.2626953125,0.552734375,0.9794921875,0.9990234375,0.9755859375,0.9990234375
red (364).jpg,red,0.251953125,0.4697265625,0.6875,0.77734375,0.984375,0.7197265625,0.8623046875
red (365).jpg,red,0.1396484375,0.22265625,0.373046875,0.9287109375,0.99609375,0.892578125,0.9443359375
red (366).jpg,red,0.1123046875,0.19921875,0.318359375,0.9384765625,0.998046875,0.912109375,0.9560546875
red (367).jpg,red,0.0732421875,0.1982421875,0.4853515625,0.9970703125,0.9970703125,0.9951171875,1.0
red (368).jpg,red,0.0732421875,0.1982421875,0.4853515625,0.9970703125,0.9970703125,0.9951171875,1.0
red (369).jpg,red,0.0498046875,0.2412109375,0.5849609375,0.888671875,0.953125,0.982421875,0.9990234375
red (37).jpg,red,0.1396484375,0.22265625,0.373046875,0.9287109375,0.99609375,0.892578125,0.9443359375
red (370).jpg,red,0.041015625,0.1435546875,0.439453125,1.0,1.0,0.9765625,1.0
red (371).jpg,red,0.1171875,0.2626953125,0.552734375,0.9794921875,0.9990234375,0.9755859375,0.9990234375
red (372).jpg,red,0.251953125,0.4697265625,0.6875,0.77734375,0.984375,0.7197265625,0.8623046875
red (373).jpg,red,0.1396484375,0.22265625,0.373046875,0.9287109375,0.99609375,0.892578125,0.9443359375
red (374).jpg,red,0.1123046875,0.19921875,0.318359375,0.9384765625,0.998046875,0.912109375,0.9560546875
red (375).jpg,red,0.0732421875,0.1982421875,0.4853515625,0.9970703125,0.9970703125,0.9951171875,1.0
red (376).jpg,red,0.0732421875,0.1982421875,0.4853515625,0.9970703125,0.9970703125,0.9951171875,1.0
red (377).jpg,red,0.0498046875,0.2412109375,0.5849609375,0.888671875,0.953125,0.982421875,0.9990234375
red (378).jpg,red,0.041015625,0.1435546875,0.439453125,1.0,1.0,0.9765625,1.0
red (379).jpg,red,0.1171875,0.2626953125,0.552734375,0.9794921875,0.9990234375,0.9755859375,0.9990234375
red (38).jpg,red,0.1123046875,0.19921875,0.318359375,0.9384765625,0.998046875,0.912109375,0.9560546875
red (380).jpg,red,0.251953125,0.4697265625,0.6875,0.77734375,0.984375,0.7197265625,0.8623046875
red (381).jpg,red,0.1396484375,0.22265625,0.373046875,0.9287109375,0.99609375,0.892578125,0.9443359375
red (382).jpg,red,0.1123046875,0.19921875,0.318359375,0.9384765625,0.998046875,0.912109375,0.9560546875
red (383).jpg,red,0.0732421875,0.1982421875,0.4853515625,0.9970703125,0.9970703125,0.9951171875,1.0
red (384).jpg,red,0.0732421875,0.1982421875,0.4853515625,0.9970703125,0.9970703125,0.9951171875,1.0
red (385).jpg,red,0.0498046875,0.2412109375,0.5849609375,0.888671875,0.953125,0.982421875,0.9990234375
red (386).jpg,red,0.041015625,0.1435546875,0.439453125,1.0,1.0,0.9765625,1.0
red (387).jpg,red,0.1171875,0.2626953125,0.552734375,0.9794921875,0.9990234375,0.9755859375,0.9990234375
red (388).jpg,red,0.251953125,0.4697265625,0.6875,0.77734375,0.984375,0.7197265625,0.8623046875
red (389).jpg,red,0.1396484375,0.22265625,0.373046875,0.9287109375,0.99609375,0.892578125,0.9443359375
red (39).jpg,red,0.0732421875,0.1982421875,0.4853515625,0.9970703125,0.9970703125,0.9951171875,1.0
red (390).jpg,red,0.1123046875,0.19921875,0.318359375,0.9384765625,0.998046875,0.912109375,0.9560546875
red (391).jpg,red,0.0732421875,0.1982421875,0.4853515625,0.9970703125,0.9970703125,0.9951171875,1.0
red (392).jpg,red,0.0732421875,0.1982421875,0.4853515625,0.9970703125,0.9970703125,0.9951171875,1.0
red (393).jpg,red,0.0498046875,0.2412109375,0.5849609375,0.888671875,0.953125,0.982421875,0.9990234375
red (394).jpg,red,0.041015625,0.1435546875,0.439453125,1.0,1.0,0.9765625,1.0
red (395).jpg,red,0.1171875,0.2626953125,0.552734375,0.9794921875,0.9990234375,0.9755859375,0.9990234375
red (396).jpg,red,0.251953125,0.4697265625,0.6875,0.77734375,0.984375,0.7197265625,0.8623046875
red (397).jpg,red,0.1396484375,0.22265625,0.373046875,0.9287109375,0.99609375,0.892578125,0.9443359375
red (398).jpg,red,0.1123046875,0.19921875,0.318359375,0.9384765625,0.998046875,0.912109375,0.9560546875
red (399).jpg,red,0.0732421875,0.1982421875,0.4853515625,0.9970703125,0.9970703125,0.9951171875,1.0
red (4).jpg,red,0.251953125,0.4697265625,0.6875,0.77734375,0.984375,0.7197265625,0.8623046875
red (40).jpg,red,0.0732421875,0.1982421875,0.4853515625,0.9970703125,0.9970703125,0.9951171875,1.0
red (400).jpg,red,0.0732421875,0.1982421875,0.4853515625,0.9970703125,0.9970703125,0.9951171875,1.0
red (401).jpg,red,0.0498046875,0.2412109375,0.5849609375,0.888671875,0.953125,0.982421875,0.9990234375
red (402).jpg,red,0.041015625,0.1435546875,0.439453125,1.0,1.0,0.9765625,1.0
red (403).jpg,red,0.1171875,0.2626953125,0.552734375,0.9794921875,0.9990234375,0.9755859375,0.9990234375
red (404).jpg,red,0.251953125,0.4697265625,0.6875,0.77734375,0.984375,0.7197265625,0.8623046875
red (405).jpg,red,0.1396484375,0.22265625,0.373046875,0.9287109375,0.99609375,0.892578125,0.9443359375
red (406).jpg,red,0.1123046875,0.19921875,0.318359375,0.9384765625,0.998046875,0.912109375,0.9560546875
red (407).jpg,red,0.0732421875,0.1982421875,0.4853515625,0.9970703125,0.9970703125,0.9951171875,1.0
red (408).jpg,red,0.0732421875,0.1982421875,0.4853515625,0.9970703125,0.9970703125,0.9951171875,1.0
red (409).jpg,red,0.0498046875,0.2412109375,0.5849609375,0.888671875,0.953125,0.982421875,0.9990234375
red (41).jpg,red,0.0498046875,0.2412109375,0.5849609375,0.888671875,0.953125,0.982421875,0.9990234375
red (410).jpg,red,0.041015625,0.1435546875,0.439453125,1.0,1.0,0.9765625,1.0
red (411).jpg,red,0.1171875,0.2626953125,0.552734375,0.9794921875,0.9990234375,0.9755859375,0.9990234375
red (412).jpg,red,0.251953125,0.4697265625,0.6875,0.77734375,0.984375,0.7197265625,0.8623046875
red (413).jpg,red,0.1396484375,0.22265625,0.373046875,0.9287109375,0.99609375,0.892578125,0.9443359375
red (414).jpg,red,0.1123046875,0.19921875,0.318359375,0.9384765625,0.998046875,0.912109375,0.9560546875
red (415).jpg,red,0.0732421875,0.1982421875,0.4853515625,0.9970703125,0.9970703125,0.9951171875,1.0
red (416).jpg,red,0.0732421875,0.1982421875,0.4853515625,0.9970703125,0.9970703125,0.9951171875,1.0
red (417).jpg,red,0.0498046875,0.2412109375,0.5849609375,0.888671875,0.953125,0.982421875,0.9990234375
red (418).jpg,red,0.041015625,0.1435546875,0.439453125,1.0,1.0,0.9765625,1.0
red (419).jpg,red,0.1171875,0.2626953125,0.552734375,0.9794921875,0.9990234375,0.9755859375,0.9990234375
red (42).jpg,red,0.041015625,0.1435546875,0.439453125,1.0,1.0,0.9765625,1.0
red (420).jpg,red,0.251953125,0.4697265625,0.6875,0.77734375,0.984375,0.7197265625,0.8623046875
red (421).jpg,red,0.1396484375,0.22265625,0.373046875,0.9287109375,0.99609375,0.892578125,0.9443359375
red (422).jpg,red,0.1123046875,0.19921875,0.318359375,0.9384765625,0.998046875,0.912109375,0.9560546875
red (423).jpg,red,0.0732421875,0.1982421875,0.4853515625,0.9970703125,0.9970703125,0.9951171875,1.0
red (424).jpg,red,0.0732421875,0.1982421875,0.4853515625,0.9970703125,0.9970703125,0.9951171875,1.0
red (425).jpg,red,0.0498046875,0.2412109375,0.5849609375,0.888671875,0.953125,0.982421875,0.9990234375
red (426).jpg,red,0.041015625,0.1435546875,0.439453125,1.0,1.0,0.9765625,1.0
red (427).jpg,red,0.1171875,0.2626953125,0.552734375,0.9794921875,0.9990234375,0.9755859375,0.9990234375
red (428).jpg,red,0.251953125,0.4697265625,0.6875,0.77734375,0.984375,0.7197265625,0.8623046875
red (429).jpg,red,0.1396484375,0.22265625,0.373046875,0.9287109375,0.99609375,0.892578125,0.9443359375
red (43).jpg,red,0.1171875,0.2626953125,0.552734375,0.9794921875,0.9990234375,0.9755859375,0.9990234375
red (430).jpg,red,0.1123046875,0.19921875,0.318359375,0.9384765625,0.998046875,0.912109375,0.9560546875
red (431).jpg,red,0.0732421875,0.1982421875,0.4853515625,0.9970703125,0.9970703125,0.9951171875,1.0
red (432).jpg,red,0.0732421875,0.1982421875,0.4853515625,0.9970703125,0.9970703125,0.9951171875,1.0
red (433).jpg,red,0.0498046875,0.2412109375,0.5849609375,0.888671875,0.953125,0.982421875,0.9990234375
red (434).jpg,red,0.041015625,0.1435546875,0.439453125,1.0,1.0,0.9765625,1.0
red (435).jpg,red,0.1171875,0.2626953125,0.552734375,0.9794921875,0.9990234375,0.9755859375,0.9990234375
red (436).jpg,red,0.251953125,0.4697265625,0.6875,0.77734375,0.984375,0.7197265625,0.8623046875
red (437).jpg,red,0.1396484375,0.22265625,0.373046875,0.9287109375,0.99609375,0.892578125,0.9443359375
red (438).jpg,red,0.1123046875,0.19921875,0.318359375,0.9384765625,0.998046875,0.912109375,0.9560546875
red (439).jpg,red,0.0732421875,0.1982421875,0.4853515625,0.9970703125,0.9970703125,0.9951171875,1.0
red (44).jpg,red,0.251953125,0.4697265625,0.6875,0.77734375,0.984375,0.7197265625,0.8623046875
red (440).jpg,red,0.0732421875,0.1982421875,0.4853515625,0.9970703125,0.9970703125,0.9951171875,1.0
red (441).jpg,red,0.0498046875,0.2412109375,0.5849609375,0.888671875,0.953125,0.982421875,0.9990234375
red (442).jpg,red,0.041015625,0.1435546875,0.439453125,1.0,1.0,0.9765625,1.0
red (443).jpg,red,0.1171875,0.2626953125,0.552734375,0.9794921875,0.9990234375,0.9755859375,0.9990234375
red (444).jpg,red,0.251953125,0.4697265625,0.6875,0.77734375,0.984375,0.7197265625,0.8623046875
red (445).jpg,red,0.1396484375,0.22265625,0.373046875,0.9287109375,0.99609375,0.892578125,0.9443359375
red (446).jpg,red,0.1123046875,0.19921875,0.318359375,0.9384765625,0.998046875,0.912109375,0.9560546875
red (447).jpg,red,0.0732421875,0.1982421875,0.4853515625,0.9970703125,0.9970703125,0.9951171875,1.0
red (448).jpg,red,0.0732421875,0.1982421875,0.4853515625,0.9970703125,0.9970703125,0.9951171875,1.0
red (449).jpg,red,0.0498046875,0.2412109375,0.5849609375,0.888671875,0.953125,0.982421875,0.9990234375
red (45).jpg,red,0.1396484375,0.22265625,0.373046875,0.9287109375,0.99609375,0.892578125,0.9443359375
red (450).jpg,red,0.041015625,0.1435546875,0.439453125,1.0,1.0,0.9765625,1.0
red (451).jpg,red,0.1171875,0.2626953125,0.552734375,0.9794921875,0.9990234375,0.9755859375,0.9990234375
red (452).jpg,red,0.251953125,0.4697265625,0.6875,0.77734375,0.984375,0.7197265625,0.8623046875
red (453).jpg,red,0.1396484375,0.22265625,0.373046875,0.9287109375,0.99609375,0.892578125,0.9443359375
red (454).jpg,red,0.1123046875,0.19921875,0.318359375,0.9384765625,0.998046875,0.912109375,0.9560546875
red (455).jpg,red,0.0732421875,0.1982421875,0.4853515625,0.9970703125,0.9970703125,0.9951171875,1.0
red (456).jpg,red,0.0732421875,0.1982421875,0.4853515625,0.9970703125,0.9970703125,0.9951171875,1.0
red (457).jpg,red,0.0498046875,0.2412109375,0.5849609375,0.888671875,0.953125,0.982421875,0.9990234375
red (458).jpg,red,0.041015625,0.1435546875,0.439453125,1.0,1.0,0.9765625,1.0
red (459).jpg,red,0.1171875,0.2626953125,0.552734375,0.9794921875,0.9990234375,0.9755859375,0.9990234375
red (46).jpg,red,0.1123046875,0.19921875,0.318359375,0.9384765625,0.998046875,0.912109375,0.9560546875
red (460).jpg,red,0.251953125,0.4697265625,0.6875,0.77734375,0.984375,0.7197265625,0.8623046875
red (461).jpg,red,0.1396484375,0.22265625,0.373046875,0.9287109375,0.99609375,0.892578125,0.9443359375
red (462).jpg,red,0.1123046875,0.19921875,0.318359375,0.9384765625,0.998046875,0.912109375,0.9560546875
red (463).jpg,red,0.0732421875,0.1982421875,0.4853515625,0.9970703125,0.9970703125,0.9951171875,1.0
red (464).jpg,red,0.0732421875,0.1982421875,0.4853515625,0.9970703125,0.9970703125,0.9951171875,1.0
red (465).jpg,red,0.0498046875,0.2412109375,0.5849609375,0.888671875,0.953125,0.982421875,0.9990234375
red (466).jpg,red,0.041015625,0.1435546875,0.439453125,1.0,1.0,0.9765625,1.0
red (467).jpg,red,0.1171875,0.2626953125,0.552734375,0.9794921875,0.9990234375,0.9755859375,0.9990234375
red (468).jpg,red,0.251953125,0.4697265625,0.6875,0.77734375,0.984375,0.7197265625,0.8623046875
red (469).jpg,red,0.1396484375,0.22265625,0.373046875,0.9287109375,0.99609375,0.892578125,0.9443359375
red (47).jpg,red,0.0732421875,0.1982421875,0.4853515625,0.9970703125,0.9970703125,0.9951171875,1.0
red (470).jpg,red,0.1123046875,0.19921875,0.318359375,0.9384765625,0.998046875,0.912109375,0.9560546875
red (471).jpg,red,0.0732421875,0.1982421875,0.4853515625,0.9970703125,0.9970703125,0.9951171875,1.0
red (472).jpg,red,0.0732421875,0.1982421875,0.4853515625,0.9970703125,0.9970703125,0.9951171875,1.0
red (473).jpg,red,0.0498046875,0.2412109375,0.5849609375,0.888671875,0.953125,0.982421875,0.9990234375
red (474).jpg,red,0.041015625,0.1435546875,0.439453125,1.0,1.0,0.9765625,1.0
red (475).jpg,red,0.1171875,0.2626953125,0.552734375,0.9794921875,0.9990234375,0.9755859375,0.9990234375
red (476).jpg,red,0.251953125,0.4697265625,0.6875,0.77734375,0.984375,0.7197265625,0.8623046875
red (477).jpg,red,0.1396484375,0.22265625,0.373046875,0.9287109375,0.99609375,0.892578125,0.9443359375
red (478).jpg,red,0.1123046875,0.19921875,0.318359375,0.9384765625,0.998046875,0.912109375,0.9560546875
red (479).jpg,red,0.0732421875,0.1982421875,0.4853515625,0.9970703125,0.9970703125,0.9951171875,1.0
red (48).jpg,red,0.0732421875,0.1982421875,0.4853515625,0.9970703125,0.9970703125,0.9951171875,1.0
red (480).jpg,red,0.0732421875,0.1982421875,0.4853515625,0.9970703125,0.9970703125,0.9951171875,1.0
red (481).jpg,red,0.0498046875,0.2412109375,0.5849609375,0.888671875,0.953125,0.982421875,0.9990234375
red (482).jpg,red,0.041015625,0.1435546875,0.439453125,1.0,1.0,0.9765625,1.0
red (483).jpg,red,0.1171875,0.2626953125,0.552734375,0.9794921875,0.9990234375,0.9755859375,0.9990234375
red (484).jpg,red,0.251953125,0.4697265625,0.6875,0.77734375,0.984375,0.7197265625,0.8623046875
red (485).jpg,red,0.1396484375,0.22265625,0.373046875,0.9287109375,0.99609375,0.892578125,0.9443359375
red (486).jpg,red,0.1123046875,0.19921875,0.318359375,0.9384765625,0.998046875,0.912109375,0.9560546875
red (487).jpg,red,0.0732421875,0.1982421875,0.4853515625,0.9970703125,0.9970703125,0.9951171875,1.0
red (488).jpg,red,0.0732421875,0.1982421875,0.4853515625,0.9970703125,0.9970703125,0.9951171875,1.0
red (489).jpg,red,0.0498046875,0.2412109375,0.5849609375,0.888671875,0.953125,0.982421875,0.9990234375
red (49).jpg,red,0.0498046875,0.2412109375,0.5849609375,0.888671875,0.953125,0.982421875,0.9990234375
red (490).jpg,red,0.041015625,0.1435546875,0.439453125,1.0,1.0,0.9765625,1.0
red (491).jpg,red,0.1171875,0.2626953125,0.552734375,0.9794921875,0.9990234375,0.9755859375,0.9990234375
red (492).jpg,red,0.251953125,0.4697265625,0.6875,0.77734375,0.984375,0.7197265625,0.8623046875
red (493).jpg,red,0.1396484375,0.22265625,0.373046875,0.9287109375,0.99609375,0.892578125,0.9443359375
red (494).jpg,red,0.1123046875,0.19921875,0.318359375,0.9384765625,0.998046875,0.912109375,0.9560546875
red (495).jpg,red,0.0732421875,0.1982421875,0.4853515625,0.9970703125,0.9970703125,0.9951171875,1.0
red (496).jpg,red,0.0732421875,0.1982421875,0.4853515625,0.9970703125,0.9970703125,0.9951171875,1.0
red (497).jpg,red,0.0498046875,0.2412109375,0.5849609375,0.888671875,0.953125,0.982421875,0.9990234375
red (498).jpg,red,0.041015625,0.1435546875,0.439453125,1.0,1.0,0.9765625,1.0
red (499).jpg,red,0.1171875,0.2626953125,0.552734375,0.9794921875,0.9990234375,0.9755859375,0.9990234375
red (5).jpg,red,0.1396484375,0.22265625,0.373046875,0.9287109375,0.99609375,0.892578125,0.9443359375
red (50).jpg,red,0.041015625,0.1435546875,0.439453125,1.0,1.0,0.9765625,1.0
red (500).jpg,red,0.251953125,0.4697265625,0.6875,0.77734375,0.984375,0.7197265625,0.8623046875
red (501).jpg,red,0.1396484375,0.22265625,0.373046875,0.9287109375,0.99609375,0.892578125,0.9443359375
red (502).jpg,red,0.1123046875,0.19921875,0.318359375,0.9384765625,0.998046875,0.912109375,0.9560546875
red (503).jpg,red,0.0732421875,0.1982421875,0.4853515625,0.9970703125,0.9970703125,0.9951171875,1.0
red (504).jpg,red,0.0732421875,0.1982421875,0.4853515625,0.9970703125,0.9970703125,0.9951171875,1.0
red (505).jpg,red,0.0498046875,0.2412109375,0.5849609375,0.888671875,0.953125,0.982421875,0.9990234375
red (506).jpg,red,0.041015625,0.1435546875,0.439453125,1.0,1.0,0.9765625,1.0
red (507).jpg,red,0.1171875,0.2626953125,0.552734375,0.9794921875,0.9990234375,0.9755859375,0.9990234375
red (508).jpg,red,0.251953125,0.4697265625,0.6875,0.77734375,0.984375,0.7197265625,0.8623046875
red (509).jpg,red,0.1396484375,0.22265625,0.373046875,0.9287109375,0.99609375,0.892578125,0.9443359375
red (51).jpg,red,0.1171875,0.2626953125,0.552734375,0.9794921875,0.9990234375,0.9755859375,0.9990234375
red (510).jpg,red,0.1123046875,0.19921875,0.318359375,0.9384765625,0.998046875,0.912109375,0.9560546875
red (511).jpg,red,0.0732421875,0.1982421875,0.4853515625,0.9970703125,0.9970703125,0.9951171875,1.0
red (512).jpg,red,0.0732421875,0.1982421875,0.4853515625,0.9970703125,0.9970703125,0.9951171875,1.0
red (513).jpg,red,0.0498046875,0.2412109375,0.5849609375,0.888671875,0.953125,0.982421875,0.9990234375
red (514).jpg,red,0.041015625,0.1435546875,0.439453125,1.0,1.0,0.9765625,1.0
red (515).jpg,red,0.1171875,0.2626953125,0.552734375,0.9794921875,0.9990234375,0.9755859375,0.9990234375
red (516).jpg,red,0.251953125,0.4697265625,0.6875,0.77734375,0.984375,0.7197265625,0.8623046875
red (517).jpg,red,0.1396484375,0.22265625,0.373046875,0.9287109375,0.99609375,0.892578125,0.9443359375
red (518).jpg,red,0.1123046875,0.19921875,0.318359375,0.9384765625,0.998046875,0.912109375,0.9560546875
red (519).jpg,red,0.0732421875,0.1982421875,0.4853515625,0.9970703125,0.9970703125,0.9951171875,1.0
red (52).jpg,red,0.251953125,0.4697265625,0.6875,0.77734375,0.984375,0.7197265625,0.8623046875
red (520).jpg,red,0.0732421875,0.1982421875,0.4853515625,0.9970703125,0.9970703125,0.9951171875,1.0
red (521).jpg,red,0.0498046875,0.2412109375,0.5849609375,0.888671875,0.953125,0.982421875,0.9990234375
red (522).jpg,red,0.041015625,0.1435546875,0.439453125,1.0,1.0,0.9765625,1.0
red (523).jpg,red,0.1171875,0.2626953125,0.552734375,0.9794921875,0.9990234375,0.9755859375,0.9990234375
red (524).jpg,red,0.251953125,0.4697265625,0.6875,0.77734375,0.984375,0.7197265625,0.8623046875
red (525).jpg,red,0.1396484375,0.22265625,0.373046875,0.9287109375,0.99609375,0.892578125,0.9443359375
red (526).jpg,red,0.1123046875,0.19921875,0.318359375,0.9384765625,0.998046875,0.912109375,0.9560546875
red (527).jpg,red,0.0732421875,0.1982421875,0.4853515625,0.9970703125,0.9970703125,0.9951171875,1.0
red (528).jpg,red,0.0732421875,0.1982421875,0.4853515625,0.9970703125,0.9970703125,0.9951171875,1.0
red (529).jpg,red,0.0498046875,0.2412109375,0.5849609375,0.888671875,0.953125,0.982421875,0.9990234375
red (53).jpg,red,0.1396484375,0.22265625,0.373046875,0.9287109375,0.99609375,0.892578125,0.9443359375
red (530).jpg,red,0.041015625,0.1435546875,0.439453125,1.0,1.0,0.9765625,1.0
red (531).jpg,red,0.1171875,0.2626953125,0.552734375,0.9794921875,0.9990234375,0.9755859375,0.9990234375
red (532).jpg,red,0.251953125,0.4697265625,0.6875,0.77734375,0.984375,0.7197265625,0.8623046875
red (533).jpg,red,0.1396484375,0.22265625,0.373046875,0.9287109375,0.99609375,0.892578125,0.9443359375
red (534).jpg,red,0.1123046875,0.19921875,0.318359375,0.9384765625,0.998046875,0.912109375,0.9560546875
red (535).jpg,red,0.0732421875,0.1982421875,0.4853515625,0.9970703125,0.9970703125,0.9951171875,1.0
red (536).jpg,red,0.0732421875,0.1982421875,0.4853515625,0.9970703125,0.9970703125,0.9951171875,1.0
red (537).jpg,red,0.0498046875,0.2412109375,0.5849609375,0.888671875,0.953125,0.982421875,0.9990234375
red (538).jpg,red,0.041015625,0.1435546875,0.439453125,1.0,1.0,0.9765625,1.0
red (539).jpg,red,0.1171875,0.2626953125,0.552734375,0.9794921875,0.9990234375,0.9755859375,0.9990234375
red (54).jpg,red,0.1123046875,0.19921875,0.318359375,0.9384765625,0.998046875,0.912109375,0.9560546875
red (540).jpg,red,0.251953125,0.4697265625,0.6875,0.77734375,0.984375,0.7197265625,0.8623046875
red (541).jpg,red,0.1396484375,0.22265625,0.373046875,0.9287109375,0.99609375,0.892578125,0.9443359375
red (542).jpg,red,0.1123046875,0.19921875,0.318359375,0.9384765625,0.998046875,0.912109375,0.9560546875
red (543).jpg,red,0.0732421875,0.1982421875,0.4853515625,0.9970703125,0.9970703125,0.9951171875,1.0
red (544).jpg,red,0.0732421875,0.1982421875,0.4853515625,0.9970703125,0.9970703125,0.9951171875,1.0
red (545).jpg,red,0.0498046875,0.2412109375,0.5849609375,0.888671875,0.953125,0.982421875,0.9990234375
red (546).jpg,red,0.041015625,0.1435546875,0.439453125,1.0,1.0,0.9765625,1.0
red (547).jpg,red,0.1171875,0.2626953125,0.552734375,0.9794921875,0.9990234375,0.9755859375,0.9990234375
red (548).jpg,red,0.251953125,0.4697265625,0.6875,0.77734375,0.984375,0.7197265625,0.8623046875
red (549).jpg,red,0.1396484375,0.22265625,0.373046875,0.9287109375,0.99609375,0.892578125,0.9443359375
red (55).jpg,red,0.0732421875,0.1982421875,0.4853515625,0.9970703125,0.9970703125,0.9951171875,1.0
red (550).jpg,red,0.1123046875,0.19921875,0.318359375,0.9384765625,0.998046875,0.912109375,0.9560546875
red (551).jpg,red,0.0732421875,0.1982421875,0.4853515625,0.9970703125,0.9970703125,0.9951171875,1.0
red (552).jpg,red,0.0732421875,0.1982421875,0.4853515625,0.9970703125,0.9970703125,0.9951171875,1.0
red (553).jpg,red,0.0498046875,0.2412109375,0.5849609375,0.888671875,0.953125,0.982421875,0.9990234375
red (554).jpg,red,0.041015625,0.1435546875,0.439453125,1.0,1.0,0.9765625,1.0
red (555).jpg,red,0.1171875,0.2626953125,0.552734375,0.9794921875,0.9990234375,0.9755859375,0.9990234375
red (556).jpg,red,0.251953125,0.4697265625,0.6875,0.77734375,0.984375,0.7197265625,0.8623046875
red (557).jpg,red,0.1396484375,0.22265625,0.373046875,0.9287109375,0.99609375,0.892578125,0.9443359375
red (558).jpg,red,0.1123046875,0.19921875,0.318359375,0.9384765625,0.998046875,0.912109375,0.9560546875
red (559).jpg,red,0.0732421875,0.1982421875,0.4853515625,0.9970703125,0.9970703125,0.9951171875,1.0
red (56).jpg,red,0.0732421875,0.1982421875,0.4853515625,0.9970703125,0.9970703125,0.9951171875,1.0
red (560).jpg,red,0.0732421875,0.1982421875,0.4853515625,0.9970703125,0.9970703125,0.9951171875,1.0
red (561).jpg,red,0.0498046875,0.2412109375,0.5849609375,0.888671875,0.953125,0.982421875,0.9990234375
red (562).jpg,red,0.041015625,0.1435546875,0.439453125,1.0,1.0,0.9765625,1.0
red (563).jpg,red,0.1171875,0.2626953125,0.552734375,0.9794921875,0.9990234375,0.9755859375,0.9990234375
red (564).jpg,red,0.251953125,0.4697265625,0.6875,0.77734375,0.984375,0.7197265625,0.8623046875
red (565).jpg,red,0.1396484375,0.22265625,0.373046875,0.9287109375,0.99609375,0.892578125,0.9443359375
red (566).jpg,red,0.1123046875,0.19921875,0.318359375,0.9384765625,0.998046875,0.912109375,0.9560546875
red (567).jpg,red,0.0732421875,0.1982421875,0.4853515625,0.9970703125,0.9970703125,0.9951171875,1.0
red (568).jpg,red,0.0732421875,0.1982421875,0.4853515625,0.9970703125,0.9970703125,0.9951171875,1.0
red (569).jpg,red,0.0498046875,0.2412109375,0.5849609375,0.888671875,0.953125,0.982421875,0.9990234375
red (57).jpg,red,0.0498046875,0.2412109375,0.5849609375,0.888671875,0.953125,0.982421875,0.9990234375
red (570).jpg,red,0.041015625,0.1435546875,0.439453125,1.0,1.0,0.9765625,1.0
red (571).jpg,red,0.1171875,0.2626953125,0.552734375,0.9794921875,0.9990234375,0.9755859375,0.9990234375
red (572).jpg,red,0.251953125,0.4697265625,0.6875,0.77734375,0.984375,0.7197265625,0.8623046875
red (573).jpg,red,0.1396484375,0.22265625,0.373046875,0.9287109375,0.99609375,0.892578125,0.9443359375
red (574).jpg,red,0.1123046875,0.19921875,0.318359375,0.9384765625,0.998046875,0.912109375,0.9560546875
red (575).jpg,red,0.0732421875,0.1982421875,0.4853515625,0.9970703125,0.9970703125,0.9951171875,1.0
red (576).jpg,red,0.0732421875,0.1982421875,0.4853515625,0.9970703125,0.9970703125,0.9951171875,1.0
red (577).jpg,red,0.0498046875,0.2412109375,0.5849609375,0.888671875,0.953125,0.982421875,0.9990234375
red (578).jpg,red,0.041015625,0.1435546875,0.439453125,1.0,1.0,0.9765625,1.0
red (579).jpg,red,0.1171875,0.2626953125,0.552734375,0.9794921875,0.9990234375,0.9755859375,0.9990234375
red (58).jpg,red,0.041015625,0.1435546875,0.439453125,1.0,1.0,0.9765625,1.0
red (580).jpg,red,0.251953125,0.4697265625,0.6875,0.77734375,0.984375,0.7197265625,0.8623046875
red (581).jpg,red,0.1396484375,0.22265625,0.373046875,0.9287109375,0.99609375,0.892578125,0.9443359375
red (582).jpg,red,0.1123046875,0.19921875,0.318359375,0.9384765625,0.998046875,0.912109375,0.9560546875
red (583).jpg,red,0.0732421875,0.1982421875,0.4853515625,0.9970703125,0.9970703125,0.9951171875,1.0
red (584).jpg,red,0.0732421875,0.1982421875,0.4853515625,0.9970703125,0.9970703125,0.9951171875,1.0
red (585).jpg,red,0.0498046875,0.2412109375,0.5849609375,0.888671875,0.953125,0.982421875,0.9990234375
red (586).jpg,red,0.041015625,0.1435546875,0.439453125,1.0,1.0,0.9765625,1.0
red (587).jpg,red,0.1171875,0.2626953125,0.552734375,0.9794921875,0.9990234375,0.9755859375,0.9990234375
red (588).jpg,red,0.251953125,0.4697265625,0.6875,0.77734375,0.984375,0.7197265625,0.8623046875
red (589).jpg,red,0.1396484375,0.22265625,0.373046875,0.9287109375,0.99609375,0.892578125,0.9443359375
red (59).jpg,red,0.1171875,0.2626953125,0.552734375,0.9794921875,0.9990234375,0.9755859375,0.9990234375
red (590).jpg,red,0.1123046875,0.19921875,0.318359375,0.9384765625,0.998046875,0.912109375,0.9560546875
red (591).jpg,red,0.0732421875,0.1982421875,0.4853515625,0.9970703125,0.9970703125,0.9951171875,1.0
red (592).jpg,red,0.0732421875,0.1982421875,0.4853515625,0.9970703125,0.9970703125,0.9951171875,1.0
red (593).jpg,red,0.0498046875,0.2412109375,0.5849609375,0.888671875,0.953125,0.982421875,0.9990234375
red (594).jpg,red,0.041015625,0.1435546875,0.439453125,1.0,1.0,0.9765625,1.0
red (595).jpg,red,0.1171875,0.2626953125,0.552734375,0.9794921875,0.9990234375,0.9755859375,0.9990234375
red (596).jpg,red,0.251953125,0.4697265625,0.6875,0.77734375,0.984375,0.7197265625,0.8623046875
red (597).jpg,red,0.1396484375,0.22265625,0.373046875,0.9287109375,0.99609375,0.892578125,0.9443359375
red (598).jpg,red,0.1123046875,0.19921875,0.318359375,0.9384765625,0.998046875,0.912109375,0.9560546875
red (599).jpg,red,0.0732421875,0.1982421875,0.4853515625,0.9970703125,0.9970703125,0.9951171875,1.0
red (6).jpg,red,0.1123046875,0.19921875,0.318359375,0.9384765625,0.998046875,0.912109375,0.9560546875
red (60).jpg,red,0.251953125,0.4697265625,0.6875,0.77734375,0.984375,0.7197265625,0.8623046875
red (600).jpg,red,0.0732421875,0.1982421875,0.4853515625,0.9970703125,0.9970703125,0.9951171875,1.0
red (601).jpg,red,0.0498046875,0.2412109375,0.5849609375,0.888671875,0.953125,0.982421875,0.9990234375
red (602).jpg,red,0.041015625,0.1435546875,0.439453125,1.0,1.0,0.9765625,1.0
red (603).jpg,red,0.1171875,0.2626953125,0.552734375,0.9794921875,0.9990234375,0.9755859375,0.9990234375
red (604).jpg,red,0.251953125,0.4697265625,0.6875,0.77734375,0.984375,0.7197265625,0.8623046875
red (605).jpg,red,0.1396484375,0.22265625,0.373046875,0.9287109375,0.99609375,0.892578125,0.9443359375
red (606).jpg,red,0.1123046875,0.19921875,0.318359375,0.9384765625,0.998046875,0.912109375,0.9560546875
red (607).jpg,red,0.0732421875,0.1982421875,0.4853515625,0.9970703125,0.9970703125,0.9951171875,1.0
red (608).jpg,red,0.0732421875,0.1982421875,0.4853515625,0.9970703125,0.9970703125,0.9951171875,1.0
red (609).jpg,red,0.0498046875,0.2412109375,0.5849609375,0.888671875,0.953125,0.982421875,0.9990234375
red (61).jpg,red,0.1396484375,0.22265625,0.373046875,0.9287109375,0.99609375,0.892578125,0.9443359375
red (610).jpg,red,0.041015625,0.1435546875,0.439453125,1.0,1.0,0.9765625,1.0
red (611).jpg,red,0.1171875,0.2626953125,0.552734375,0.9794921875,0.9990234375,0.9755859375,0.9990234375
red (612).jpg,red,0.251953125,0.4697265625,0.6875,0.77734375,0.984375,0.7197265625,0.8623046875
red (613).jpg,red,0.1396484375,0.22265625,0.373046875,0.9287109375,0.99609375,0.892578125,0.9443359375
red (614).jpg,red,0.1123046875,0.19921875,0.318359375,0.9384765625,0.998046875,0.912109375,0.9560546875
red (615).jpg,red,0.0732421875,0.1982421875,0.4853515625,0.9970703125,0.9970703125,0.9951171875,1.0
red (616).jpg,red,0.0732421875,0.1982421875,0.4853515625,0.9970703125,0.9970703125,0.9951171875,1.0
red (617).jpg,red,0.0498046875,0.2412109375,0.5849609375,0.888671875,0.953125,0.982421875,0.9990234375
red (618).jpg,red,0.041015625,0.1435546875,0.439453125,1.0,1.0,0.9765625,1.0
red (619).jpg,red,0.1171875,0.2626953125,0.552734375,0.9794921875,0.9990234375,0.9755859375,0.9990234375
red (62).jpg,red,0.1123046875,0.19921875,0.318359375,0.9384765625,0.998046875,0.912109375,0.9560546875
red (620).jpg,red,0.251953125,0.4697265625,0.6875,0.77734375,0.984375,0.7197265625,0.8623046875
red (621).jpg,red,0.1396484375,0.22265625,0.373046875,0.9287109375,0.99609375,0.892578125,0.9443359375
red (622).jpg,red,0.1123046875,0.19921875,0.318359375,0.9384765625,0.998046875,0.912109375,0.9560546875
red (623).jpg,red,0.0732421875,0.1982421875,0.4853515625,0.9970703125,0.9970703125,0.9951171875,1.0
red (624).jpg,red,0.0732421875,0.1982421875,0.4853515625,0.9970703125,0.9970703125,0.9951171875,1.0
red (625).jpg,red,0.0498046875,0.2412109375,0.5849609375,0.888671875,0.953125,0.982421875,0.9990234375
red (626).jpg,red,0.041015625,0.1435546875,0.439453125,1.0,1.0,0.9765625,1.0
red (627).jpg,red,0.1171875,0.2626953125,0.552734375,0.9794921875,0.9990234375,0.9755859375,0.9990234375
red (628).jpg,red,0.251953125,0.4697265625,0.6875,0.77734375,0.984375,0.7197265625,0.8623046875
red (629).jpg,red,0.1396484375,0.22265625,0.373046875,0.9287109375,0.99609375,0.892578125,0.9443359375
red (63).jpg,red,0.0732421875,0.1982421875,0.4853515625,0.9970703125,0.9970703125,0.9951171875,1.0
red (630).jpg,red,0.1123046875,0.19921875,0.318359375,0.9384765625,0.998046875,0.912109375,0.9560546875
red (631).jpg,red,0.0732421875,0.1982421875,0.4853515625,0.9970703125,0.9970703125,0.9951171875,1.0
red (632).jpg,red,0.0732421875,0.1982421875,0.4853515625,0.9970703125,0.9970703125,0.9951171875,1.0
red (633).jpg,red,0.0498046875,0.2412109375,0.5849609375,0.888671875,0.953125,0.982421875,0.9990234375
red (634).jpg,red,0.041015625,0.1435546875,0.439453125,1.0,1.0,0.9765625,1.0
red (635).jpg,red,0.1171875,0.2626953125,0.552734375,0.9794921875,0.9990234375,0.9755859375,0.9990234375
red (636).jpg,red,0.251953125,0.4697265625,0.6875,0.77734375,0.984375,0.7197265625,0.8623046875
red (637).jpg,red,0.1396484375,0.22265625,0.373046875,0.9287109375,0.99609375,0.892578125,0.9443359375
red (638).jpg,red,0.1123046875,0.19921875,0.318359375,0.9384765625,0.998046875,0.912109375,0.9560546875
red (639).jpg,red,0.0732421875,0.1982421875,0.4853515625,0.9970703125,0.9970703125,0.9951171875,1.0
red (64).jpg,red,0.0732421875,0.1982421875,0.4853515625,0.9970703125,0.9970703125,0.9951171875,1.0
red (640).jpg,red,0.0732421875,0.1982421875,0.4853515625,0.9970703125,0.9970703125,0.9951171875,1.0
red (641).jpg,red,0.0498046875,0.2412109375,0.5849609375,0.888671875,0.953125,0.982421875,0.9990234375
red (642).jpg,red,0.041015625,0.1435546875,0.439453125,1.0,1.0,0.9765625,1.0
red (643).jpg,red,0.1171875,0.2626953125,0.552734375,0.9794921875,0.9990234375,0.9755859375,0.9990234375
red (644).jpg,red,0.251953125,0.4697265625,0.6875,0.77734375,0.984375,0.7197265625,0.8623046875
red (645).jpg,red,0.1396484375,0.22265625,0.373046875,0.9287109375,0.99609375,0.892578125,0.9443359375
red (646).jpg,red,0.1123046875,0.19921875,0.318359375,0.9384765625,0.998046875,0.912109375,0.9560546875
red (647).jpg,red,0.0732421875,0.1982421875,0.4853515625,0.9970703125,0.9970703125,0.9951171875,1.0
red (648).jpg,red,0.0732421875,0.1982421875,0.4853515625,0.9970703125,0.9970703125,0.9951171875,1.0
red (649).jpg,red,0.0498046875,0.2412109375,0.5849609375,0.888671875,0.953125,0.982421875,0.9990234375
red (65).jpg,red,0.0498046875,0.2412109375,0.5849609375,0.888671875,0.953125,0.982421875,0.9990234375
red (650).jpg,red,0.041015625,0.1435546875,0.439453125,1.0,1.0,0.9765625,1.0
red (651).jpg,red,0.1171875,0.2626953125,0.552734375,0.9794921875,0.9990234375,0.9755859375,0.9990234375
red (652).jpg,red,0.251953125,0.4697265625,0.6875,0.77734375,0.984375,0.7197265625,0.8623046875
red (653).jpg,red,0.1396484375,0.22265625,0.373046875,0.9287109375,0.99609375,0.892578125,0.9443359375
red (654).jpg,red,0.1123046875,0.19921875,0.318359375,0.9384765625,0.998046875,0.912109375,0.9560546875
red (655).jpg,red,0.0732421875,0.1982421875,0.4853515625,0.9970703125,0.9970703125,0.9951171875,1.0
red (656).jpg,red,0.0732421875,0.1982421875,0.4853515625,0.9970703125,0.9970703125,0.9951171875,1.0
red (657).jpg,red,0.0498046875,0.2412109375,0.5849609375,0.888671875,0.953125,0.982421875,0.9990234375
red (658).jpg,red,0.041015625,0.1435546875,0.439453125,1.0,1.0,0.9765625,1.0
red (659).jpg,red,0.1171875,0.2626953125,0.552734375,0.9794921875,0.9990234375,0.9755859375,0.9990234375
red (66).jpg,red,0.041015625,0.1435546875,0.439453125,1.0,1.0,0.9765625,1.0
red (660).jpg,red,0.251953125,0.4697265625,0.6875,0.77734375,0.984375,0.7197265625,0.8623046875
red (661).jpg,red,0.1396484375,0.22265625,0.373046875,0.9287109375,0.99609375,0.892578125,0.9443359375
red (662).jpg,red,0.1123046875,0.19921875,0.318359375,0.9384765625,0.998046875,0.912109375,0.9560546875
red (663).jpg,red,0.0732421875,0.1982421875,0.4853515625,0.9970703125,0.9970703125,0.9951171875,1.0
red (664).jpg,red,0.0732421875,0.1982421875,0.4853515625,0.9970703125,0.9970703125,0.9951171875,1.0
red (665).jpg,red,0.0498046875,0.2412109375,0.5849609375,0.888671875,0.953125,0.982421875,0.9990234375
red (666).jpg,red,0.041015625,0.1435546875,0.439453125,1.0,1.0,0.9765625,1.0
red (667).jpg,red,0.1171875,0.2626953125,0.552734375,0.9794921875,0.9990234375,0.9755859375,0.9990234375
red (668).jpg,red,0.251953125,0.4697265625,0.6875,0.77734375,0.984375,0.7197265625,0.8623046875
red (669).jpg,red,0.1396484375,0.22265625,0.373046875,0.9287109375,0.99609375,0.892578125,0.9443359375
red (67).jpg,red,0.1171875,0.2626953125,0.552734375,0.9794921875,0.9990234375,0.9755859375,0.9990234375
red (670).jpg,red,0.1123046875,0.19921875,0.318359375,0.9384765625,0.998046875,0.912109375,0.9560546875
red (671).jpg,red,0.0732421875,0.1982421875,0.4853515625,0.9970703125,0.9970703125,0.9951171875,1.0
red (672).jpg,red,0.0732421875,0.1982421875,0.4853515625,0.9970703125,0.9970703125,0.9951171875,1.0
red (673).jpg,red,0.0498046875,0.2412109375,0.5849609375,0.888671875,0.953125,0.982421875,0.9990234375
red (674).jpg,red,0.041015625,0.1435546875,0.439453125,1.0,1.0,0.9765625,1.0
red (675).jpg,red,0.1171875,0.2626953125,0.552734375,0.9794921875,0.9990234375,0.9755859375,0.9990234375
red (676).jpg,red,0.251953125,0.4697265625,0.6875,0.77734375,0.984375,0.7197265625,0.8623046875
red (677).jpg,red,0.1396484375,0.22265625,0.373046875,0.9287109375,0.99609375,0.892578125,0.9443359375
red (678).jpg,red,0.1123046875,0.19921875,0.318359375,0.9384765625,0.998046875,0.912109375,0.9560546875
red (679).jpg,red,0.0732421875,0.1982421875,0.4853515625,0.9970703125,0.9970703125,0.9951171875,1.0
red (68).jpg,red,0.251953125,0.4697265625,0.6875,0.77734375,0.984375,0.7197265625,0.8623046875
red (680).jpg,red,0.0732421875,0.1982421875,0.4853515625,0.9970703125,0.9970703125,0.9951171875,1.0
red (681).jpg,red,0.0498046875,0.2412109375,0.5849609375,0.888671875,0.953125,0.982421875,0.9990234375
red (682).jpg,red,0.041015625,0.1435546875,0.439453125,1.0,1.0,0.9765625,1.0
red (683).jpg,red,0.1171875,0.2626953125,0.552734375,0.9794921875,0.9990234375,0.9755859375,0.9990234375
red (684).jpg,red,0.251953125,0.4697265625,0.6875,0.77734375,0.984375,0.7197265625,0.8623046875
red (685).jpg,red,0.1396484375,0.22265625,0.373046875,0.9287109375,0.99609375,0.892578125,0.9443359375
red (686).jpg,red,0.1123046875,0.19921875,0.318359375,0.9384765625,0.998046875,0.912109375,0.9560546875
red (687).jpg,red,0.0732421875,0.1982421875,0.4853515625,0.9970703125,0.9970703125,0.9951171875,1.0
red (688).jpg,red,0.0732421875,0.1982421875,0.4853515625,0.9970703125,0.9970703125,0.9951171875,1.0
red (689).jpg,red,0.0498046875,0.2412109375,0.5849609375,0.888671875,0.953125,0.982421875,0.9990234375
red (69).jpg,red,0.1396484375,0.22265625,0.373046875,0.9287109375,0.99609375,0.892578125,0.9443359375
red (690).jpg,red,0.041015625,0.1435546875,0.439453125,1.0,1.0,0.9765625,1.0
red (691).jpg,red,0.1171875,0.2626953125,0.552734375,0.9794921875,0.9990234375,0.9755859375,0.9990234375
red (692).jpg,red,0.251953125,0.4697265625,0.6875,0.77734375,0.984375,0.7197265625,0.8623046875
red (693).jpg,red,0.1396484375,0.22265625,0.373046875,0.9287109375,0.99609375,0.892578125,0.9443359375
red (694).jpg,red,0.1123046875,0.19921875,0.318359375,0.9384765625,0.998046875,0.912109375,0.9560546875
red (695).jpg,red,0.0732421875,0.1982421875,0.4853515625,0.9970703125,0.9970703125,0.9951171875,1.0
red (696).jpg,red,0.0732421875,0.1982421875,0.4853515625,0.9970703125,0.9970703125,0.9951171875,1.0
red (697).jpg,red,0.0498046875,0.2412109375,0.5849609375,0.888671875,0.953125,0.982421875,0.9990234375
red (698).jpg,red,0.041015625,0.1435546875,0.439453125,1.0,1.0,0.9765625,1.0
red (699).jpg,red,0.1171875,0.2626953125,0.552734375,0.9794921875,0.9990234375,0.9755859375,0.9990234375
red (7).jpg,red,0.0732421875,0.1982421875,0.4853515625,0.9970703125,0.9970703125,0.9951171875,1.0
red (70).jpg,red,0.1123046875,0.19921875,0.318359375,0.9384765625,0.998046875,0.912109375,0.9560546875
red (700).jpg,red,0.251953125,0.4697265625,0.6875,0.77734375,0.984375,0.7197265625,0.8623046875
red (701).jpg,red,0.1396484375,0.22265625,0.373046875,0.9287109375,0.99609375,0.892578125,0.9443359375
red (702).jpg,red,0.1123046875,0.19921875,0.318359375,0.9384765625,0.998046875,0.912109375,0.9560546875
red (703).jpg,red,0.0732421875,0.1982421875,0.4853515625,0.9970703125,0.9970703125,0.9951171875,1.0
red (704).jpg,red,0.0732421875,0.1982421875,0.4853515625,0.9970703125,0.9970703125,0.9951171875,1.0
red (705).jpg,red,0.0498046875,0.2412109375,0.5849609375,0.888671875,0.953125,0.982421875,0.9990234375
red (706).jpg,red,0.041015625,0.1435546875,0.439453125,1.0,1.0,0.9765625,1.0
red (707).jpg,red,0.1171875,0.2626953125,0.552734375,0.9794921875,0.9990234375,0.9755859375,0.9990234375
red (708).jpg,red,0.251953125,0.4697265625,0.6875,0.77734375,0.984375,0.7197265625,0.8623046875
red (709).jpg,red,0.1396484375,0.22265625,0.373046875,0.9287109375,0.99609375,0.892578125,0.9443359375
red (71).jpg,red,0.0732421875,0.1982421875,0.4853515625,0.9970703125,0.9970703125,0.9951171875,1.0
red (710).jpg,red,0.1123046875,0.19921875,0.318359375,0.9384765625,0.998046875,0.912109375,0.9560546875
red (711).jpg,red,0.0732421875,0.1982421875,0.4853515625,0.9970703125,0.9970703125,0.9951171875,1.0
red (712).jpg,red,0.0732421875,0.1982421875,0.4853515625,0.9970703125,0.9970703125,0.9951171875,1.0
red (713).jpg,red,0.0498046875,0.2412109375,0.5849609375,0.888671875,0.953125,0.982421875,0.9990234375
red (714).jpg,red,0.041015625,0.1435546875,0.439453125,1.0,1.0,0.9765625,1.0
red (715).jpg,red,0.1171875,0.2626953125,0.552734375,0.9794921875,0.9990234375,0.9755859375,0.9990234375
red (716).jpg,red,0.251953125,0.4697265625,0.6875,0.77734375,0.984375,0.7197265625,0.8623046875
red (717).jpg,red,0.1396484375,0.22265625,0.373046875,0.9287109375,0.99609375,0.892578125,0.9443359375
red (718).jpg,red,0.1123046875,0.19921875,0.318359375,0.9384765625,0.998046875,0.912109375,0.9560546875
red (719).jpg,red,0.0732421875,0.1982421875,0.4853515625,0.9970703125,0.9970703125,0.9951171875,1.0
red (72).jpg,red,0.0732421875,0.1982421875,0.4853515625,0.9970703125,0.9970703125,0.9951171875,1.0
red (720).jpg,red,0.0732421875,0.1982421875,0.4853515625,0.9970703125,0.9970703125,0.9951171875,1.0
red (721).jpg,red,0.0498046875,0.2412109375,0.5849609375,0.888671875,0.953125,0.982421875,0.9990234375
red (722).jpg,red,0.041015625,0.1435546875,0.439453125,1.0,1.0,0.9765625,1.0
red (723).jpg,red,0.1171875,0.2626953125,0.552734375,0.9794921875,0.9990234375,0.9755859375,0.9990234375
red (724).jpg,red,0.251953125,0.4697265625,0.6875,0.77734375,0.984375,0.7197265625,0.8623046875
red (725).jpg,red,0.1396484375,0.22265625,0.373046875,0.9287109375,0.99609375,0.892578125,0.9443359375
red (726).jpg,red,0.1123046875,0.19921875,0.318359375,0.9384765625,0.998046875,0.912109375,0.9560546875
red (727).jpg,red,0.0732421875,0.1982421875,0.4853515625,0.9970703125,0.9970703125,0.9951171875,1.0
red (728).jpg,red,0.0732421875,0.1982421875,0.4853515625,0.9970703125,0.9970703125,0.9951171875,1.0
red (729).jpg,red,0.0498046875,0.2412109375,0.5849609375,0.888671875,0.953125,0.982421875,0.9990234375
red (73).jpg,red,0.0498046875,0.2412109375,0.5849609375,0.888671875,0.953125,0.982421875,0.9990234375
red (730).jpg,red,0.041015625,0.1435546875,0.439453125,1.0,1.0,0.9765625,1.0
red (731).jpg,red,0.1171875,0.2626953125,0.552734375,0.9794921875,0.9990234375,0.9755859375,0.9990234375
red (732).jpg,red,0.251953125,0.4697265625,0.6875,0.77734375,0.984375,0.7197265625,0.8623046875
red (733).jpg,red,0.1396484375,0.22265625,0.373046875,0.9287109375,0.99609375,0.892578125,0.9443359375
red (734).jpg,red,0.1123046875,0.19921875,0.318359375,0.9384765625,0.998046875,0.912109375,0.9560546875
red (735).jpg,red,0.0732421875,0.1982421875,0.4853515625,0.9970703125,0.9970703125,0.9951171875,1.0
red (736).jpg,red,0.0732421875,0.1982421875,0.4853515625,0.9970703125,0.9970703125,0.9951171875,1.0
red (737).jpg,red,0.0498046875,0.2412109375,0.5849609375,0.888671875,0.953125,0.982421875,0.9990234375
red (738).jpg,red,0.041015625,0.1435546875,0.439453125,1.0,1.0,0.9765625,1.0
red (739).jpg,red,0.1171875,0.2626953125,0.552734375,0.9794921875,0.9990234375,0.9755859375,0.9990234375
red (74).jpg,red,0.041015625,0.1435546875,0.439453125,1.0,1.0,0.9765625,1.0
red (740).jpg,red,0.251953125,0.4697265625,0.6875,0.77734375,0.984375,0.7197265625,0.8623046875
red (741).jpg,red,0.1396484375,0.22265625,0.373046875,0.9287109375,0.99609375,0.892578125,0.9443359375
red (742).jpg,red,0.1123046875,0.19921875,0.318359375,0.9384765625,0.998046875,0.912109375,0.9560546875
red (743).jpg,red,0.0732421875,0.1982421875,0.4853515625,0.9970703125,0.9970703125,0.9951171875,1.0
red (744).jpg,red,0.0732421875,0.1982421875,0.4853515625,0.9970703125,0.9970703125,0.9951171875,1.0
red (745).jpg,red,0.0498046875,0.2412109375,0.5849609375,0.888671875,0.953125,0.982421875,0.9990234375
red (746).jpg,red,0.041015625,0.1435546875,0.439453125,1.0,1.0,0.9765625,1.0
red (747).jpg,red,0.1171875,0.2626953125,0.552734375,0.9794921875,0.9990234375,0.9755859375,0.9990234375
red (748).jpg,red,0.251953125,0.4697265625,0.6875,0.77734375,0.984375,0.7197265625,0.8623046875
red (749).jpg,red,0.1396484375,0.22265625,0.373046875,0.9287109375,0.99609375,0.892578125,0.9443359375
red (75).jpg,red,0.1171875,0.2626953125,0.552734375,0.9794921875,0.9990234375,0.9755859375,0.9990234375
red (750).jpg,red,0.1123046875,0.19921875,0.318359375,0.9384765625,0.998046875,0.912109375,0.9560546875
red (751).jpg,red,0.0732421875,0.1982421875,0.4853515625,0.9970703125,0.9970703125,0.9951171875,1.0
red (752).jpg,red,0.0732421875,0.1982421875,0.4853515625,0.9970703125,0.9970703125,0.9951171875,1.0
red (753).jpg,red,0.0498046875,0.2412109375,0.5849609375,0.888671875,0.953125,0.982421875,0.9990234375
red (754).jpg,red,0.041015625,0.1435546875,0.439453125,1.0,1.0,0.9765625,1.0
red (755).jpg,red,0.1171875,0.2626953125,0.552734375,0.9794921875,0.9990234375,0.9755859375,0.9990234375
red (756).jpg,red,0.251953125,0.4697265625,0.6875,0.77734375,0.984375,0.7197265625,0.8623046875
red (757).jpg,red,0.1396484375,0.22265625,0.373046875,0.9287109375,0.99609375,0.892578125,0.9443359375
red (758).jpg,red,0.1123046875,0.19921875,0.318359375,0.9384765625,0.998046875,0.912109375,0.9560546875
red (759).jpg,red,0.0732421875,0.1982421875,0.4853515625,0.9970703125,0.9970703125,0.9951171875,1.0
red (76).jpg,red,0.251953125,0.4697265625,0.6875,0.77734375,0.984375,0.7197265625,0.8623046875
red (760).jpg,red,0.0732421875,0.1982421875,0.4853515625,0.9970703125,0.9970703125,0.9951171875,1.0
red (761).jpg,red,0.0498046875,0.2412109375,0.5849609375,0.888671875,0.953125,0.982421875,0.9990234375
red (762).jpg,red,0.041015625,0.1435546875,0.439453125,1.0,1.0,0.9765625,1.0
red (763).jpg,red,0.1171875,0.2626953125,0.552734375,0.9794921875,0.9990234375,0.9755859375,0.9990234375
red (764).jpg,red,0.251953125,0.4697265625,0.6875,0.77734375,0.984375,0.7197265625,0.8623046875
red (765).jpg,red,0.1396484375,0.22265625,0.373046875,0.9287109375,0.99609375,0.892578125,0.9443359375
red (766).jpg,red,0.1123046875,0.19921875,0.318359375,0.9384765625,0.998046875,0.912109375,0.9560546875
red (767).jpg,red,0.0732421875,0.1982421875,0.4853515625,0.9970703125,0.9970703125,0.9951171875,1.0
red (768).jpg,red,0.0732421875,0.1982421875,0.4853515625,0.9970703125,0.9970703125,0.9951171875,1.0
red (769).jpg,red,0.0498046875,0.2412109375,0.5849609375,0.888671875,0.953125,0.982421875,0.9990234375
red (77).jpg,red,0.1396484375,0.22265625,0.373046875,0.9287109375,0.99609375,0.892578125,0.9443359375
red (770).jpg,red,0.041015625,0.1435546875,0.439453125,1.0,1.0,0.9765625,1.0
red (771).jpg,red,0.1171875,0.2626953125,0.552734375,0.9794921875,0.9990234375,0.9755859375,0.9990234375
red (772).jpg,red,0.251953125,0.4697265625,0.6875,0.77734375,0.984375,0.7197265625,0.8623046875
red (773).jpg,red,0.1396484375,0.22265625,0.373046875,0.9287109375,0.99609375,0.892578125,0.9443359375
red (774).jpg,red,0.1123046875,0.19921875,0.318359375,0.9384765625,0.998046875,0.912109375,0.9560546875
red (775).jpg,red,0.0732421875,0.1982421875,0.4853515625,0.9970703125,0.9970703125,0.9951171875,1.0
red (776).jpg,red,0.0732421875,0.1982421875,0.4853515625,0.9970703125,0.9970703125,0.9951171875,1.0
red (777).jpg,red,0.0498046875,0.2412109375,0.5849609375,0.888671875,0.953125,0.982421875,0.9990234375
red (778).jpg,red,0.041015625,0.1435546875,0.439453125,1.0,1.0,0.9765625,1.0
red (779).jpg,red,0.1171875,0.2626953125,0.552734375,0.9794921875,0.9990234375,0.9755859375,0.9990234375
red (78).jpg,red,0.1123046875,0.19921875,0.318359375,0.9384765625,0.998046875,0.912109375,0.9560546875
red (780).jpg,red,0.251953125,0.4697265625,0.6875,0.77734375,0.984375,0.7197265625,0.8623046875
red (781).jpg,red,0.1396484375,0.22265625,0.373046875,0.9287109375,0.99609375,0.892578125,0.9443359375
red (782).jpg,red,0.1123046875,0.19921875,0.318359375,0.9384765625,0.998046875,0.912109375,0.9560546875
red (783).jpg,red,0.0732421875,0.1982421875,0.4853515625,0.9970703125,0.9970703125,0.9951171875,1.0
red (784).jpg,red,0.0732421875,0.1982421875,0.4853515625,0.9970703125,0.9970703125,0.9951171875,1.0
red (785).jpg,red,0.0498046875,0.2412109375,0.5849609375,0.888671875,0.953125,0.982421875,0.9990234375
red (786).jpg,red,0.041015625,0.1435546875,0.439453125,1.0,1.0,0.9765625,1.0
red (787).jpg,red,0.1171875,0.2626953125,0.552734375,0.9794921875,0.9990234375,0.9755859375,0.9990234375
red (788).jpg,red,0.251953125,0.4697265625,0.6875,0.77734375,0.984375,0.7197265625,0.8623046875
red (789).jpg,red,0.1396484375,0.22265625,0.373046875,0.9287109375,0.99609375,0.892578125,0.9443359375
red (79).jpg,red,0.0732421875,0.1982421875,0.4853515625,0.9970703125,0.9970703125,0.9951171875,1.0
red (790).jpg,red,0.1123046875,0.19921875,0.318359375,0.9384765625,0.998046875,0.912109375,0.9560546875
red (791).jpg,red,0.0732421875,0.1982421875,0.4853515625,0.9970703125,0.9970703125,0.9951171875,1.0
red (792).jpg,red,0.0732421875,0.1982421875,0.4853515625,0.9970703125,0.9970703125,0.9951171875,1.0
red (793).jpg,red,0.0498046875,0.2412109375,0.5849609375,0.888671875,0.953125,0.982421875,0.9990234375
red (794).jpg,red,0.041015625,0.1435546875,0.439453125,1.0,1.0,0.9765625,1.0
red (795).jpg,red,0.1171875,0.2626953125,0.552734375,0.9794921875,0.9990234375,0.9755859375,0.9990234375
red (796).jpg,red,0.251953125,0.4697265625,0.6875,0.77734375,0.984375,0.7197265625,0.8623046875
red (797).jpg,red,0.1396484375,0.22265625,0.373046875,0.9287109375,0.99609375,0.892578125,0.9443359375
red (798).jpg,red,0.1123046875,0.19921875,0.318359375,0.9384765625,0.998046875,0.912109375,0.9560546875
red (799).jpg,red,0.0732421875,0.1982421875,0.4853515625,0.9970703125,0.9970703125,0.9951171875,1.0
red (8).jpg,red,0.0732421875,0.1982421875,0.4853515625,0.9970703125,0.9970703125,0.9951171875,1.0
red (80).jpg,red,0.0732421875,0.1982421875,0.4853515625,0.9970703125,0.9970703125,0.9951171875,1.0
red (800).jpg,red,0.0732421875,0.1982421875,0.4853515625,0.9970703125,0.9970703125,0.9951171875,1.0
red (801).jpg,red,0.0498046875,0.2412109375,0.5849609375,0.888671875,0.953125,0.982421875,0.9990234375
red (802).jpg,red,0.041015625,0.1435546875,0.439453125,1.0,1.0,0.9765625,1.0
red (803).jpg,red,0.1171875,0.2626953125,0.552734375,0.9794921875,0.9990234375,0.9755859375,0.9990234375
red (804).jpg,red,0.251953125,0.4697265625,0.6875,0.77734375,0.984375,0.7197265625,0.8623046875
red (805).jpg,red,0.1396484375,0.22265625,0.373046875,0.9287109375,0.99609375,0.892578125,0.9443359375
red (806).jpg,red,0.1123046875,0.19921875,0.318359375,0.9384765625,0.998046875,0.912109375,0.9560546875
red (807).jpg,red,0.0732421875,0.1982421875,0.4853515625,0.9970703125,0.9970703125,0.9951171875,1.0
red (808).jpg,red,0.0732421875,0.1982421875,0.4853515625,0.9970703125,0.9970703125,0.9951171875,1.0
red (809).jpg,red,0.0498046875,0.2412109375,0.5849609375,0.888671875,0.953125,0.982421875,0.9990234375
red (81).jpg,red,0.0498046875,0.2412109375,0.5849609375,0.888671875,0.953125,0.982421875,0.9990234375
red (810).jpg,red,0.041015625,0.1435546875,0.439453125,1.0,1.0,0.9765625,1.0
red (811).jpg,red,0.1171875,0.2626953125,0.552734375,0.9794921875,0.9990234375,0.9755859375,0.9990234375
red (812).jpg,red,0.251953125,0.4697265625,0.6875,0.77734375,0.984375,0.7197265625,0.8623046875
red (813).jpg,red,0.1396484375,0.22265625,0.373046875,0.9287109375,0.99609375,0.892578125,0.9443359375
red (814).jpg,red,0.1123046875,0.19921875,0.318359375,0.9384765625,0.998046875,0.912109375,0.9560546875
red (815).jpg,red,0.0732421875,0.1982421875,0.4853515625,0.9970703125,0.9970703125,0.9951171875,1.0
red (816).jpg,red,0.0732421875,0.1982421875,0.4853515625,0.9970703125,0.9970703125,0.9951171875,1.0
red (817).jpg,red,0.0498046875,0.2412109375,0.5849609375,0.888671875,0.953125,0.982421875,0.9990234375
red (818).jpg,red,0.041015625,0.1435546875,0.439453125,1.0,1.0,0.9765625,1.0
red (819).jpg,red,0.1171875,0.2626953125,0.552734375,0.9794921875,0.9990234375,0.9755859375,0.9990234375
red (82).jpg,red,0.041015625,0.1435546875,0.439453125,1.0,1.0,0.9765625,1.0
red (820).jpg,red,0.251953125,0.4697265625,0.6875,0.77734375,0.984375,0.7197265625,0.8623046875
red (821).jpg,red,0.1396484375,0.22265625,0.373046875,0.9287109375,0.99609375,0.892578125,0.9443359375
red (822).jpg,red,0.1123046875,0.19921875,0.318359375,0.9384765625,0.998046875,0.912109375,0.9560546875
red (823).jpg,red,0.0732421875,0.1982421875,0.4853515625,0.9970703125,0.9970703125,0.9951171875,1.0
red (824).jpg,red,0.0732421875,0.1982421875,0.4853515625,0.9970703125,0.9970703125,0.9951171875,1.0
red (825).jpg,red,0.0498046875,0.2412109375,0.5849609375,0.888671875,0.953125,0.982421875,0.9990234375
red (826).jpg,red,0.041015625,0.1435546875,0.439453125,1.0,1.0,0.9765625,1.0
red (827).jpg,red,0.1171875,0.2626953125,0.552734375,0.9794921875,0.9990234375,0.9755859375,0.9990234375
red (828).jpg,red,0.251953125,0.4697265625,0.6875,0.77734375,0.984375,0.7197265625,0.8623046875
red (829).jpg,red,0.1396484375,0.22265625,0.373046875,0.9287109375,0.99609375,0.892578125,0.9443359375
red (83).jpg,red,0.1171875,0.2626953125,0.552734375,0.9794921875,0.9990234375,0.9755859375,0.9990234375
red (830).jpg,red,0.1123046875,0.19921875,0.318359375,0.9384765625,0.998046875,0.912109375,0.9560546875
red (831).jpg,red,0.0732421875,0.1982421875,0.4853515625,0.9970703125,0.9970703125,0.9951171875,1.0
red (832).jpg,red,0.0732421875,0.1982421875,0.4853515625,0.9970703125,0.9970703125,0.9951171875,1.0
red (833).jpg,red,0.0498046875,0.2412109375,0.5849609375,0.888671875,0.953125,0.982421875,0.9990234375
red (834).jpg,red,0.041015625,0.1435546875,0.439453125,1.0,1.0,0.9765625,1.0
red (835).jpg,red,0.1171875,0.2626953125,0.552734375,0.9794921875,0.9990234375,0.9755859375,0.9990234375
red (836).jpg,red,0.251953125,0.4697265625,0.6875,0.77734375,0.984375,0.7197265625,0.8623046875
red (837).jpg,red,0.1396484375,0.22265625,0.373046875,0.9287109375,0.99609375,0.892578125,0.9443359375
red (838).jpg,red,0.1123046875,0.19921875,0.318359375,0.9384765625,0.998046875,0.912109375,0.9560546875
red (839).jpg,red,0.0732421875,0.1982421875,0.4853515625,0.9970703125,0.9970703125,0.9951171875,1.0
red (84).jpg,red,0.251953125,0.4697265625,0.6875,0.77734375,0.984375,0.7197265625,0.8623046875
red (840).jpg,red,0.0732421875,0.1982421875,0.4853515625,0.9970703125,0.9970703125,0.9951171875,1.0
red (841).jpg,red,0.0498046875,0.2412109375,0.5849609375,0.888671875,0.953125,0.982421875,0.9990234375
red (842).jpg,red,0.041015625,0.1435546875,0.439453125,1.0,1.0,0.9765625,1.0
red (843).jpg,red,0.1171875,0.2626953125,0.552734375,0.9794921875,0.9990234375,0.9755859375,0.9990234375
red (844).jpg,red,0.251953125,0.4697265625,0.6875,0.77734375,0.984375,0.7197265625,0.8623046875
red (845).jpg,red,0.1396484375,0.22265625,0.373046875,0.9287109375,0.99609375,0.892578125,0.9443359375
red (846).jpg,red,0.1123046875,0.19921875,0.318359375,0.9384765625,0.998046875,0.912109375,0.9560546875
red (847).jpg,red,0.0732421875,0.1982421875,0.4853515625,0.9970703125,0.9970703125,0.9951171875,1.0
red (848).jpg,red,0.0732421875,0.1982421875,0.4853515625,0.9970703125,0.9970703125,0.9951171875,1.0
red (849).jpg,red,0.0498046875,0.2412109375,0.5849609375,0.888671875,0.953125,0.982421875,0.9990234375
red (85).jpg,red,0.1396484375,0.22265625,0.373046875,0.9287109375,0.99609375,0.892578125,0.9443359375
red (850).jpg,red,0.041015625,0.1435546875,0.439453125,1.0,1.0,0.9765625,1.0
red (851).jpg,red,0.1171875,0.2626953125,0.552734375,0.9794921875,0.9990234375,0.9755859375,0.9990234375
red (852).jpg,red,0.251953125,0.4697265625,0.6875,0.77734375,0.984375,0.7197265625,0.8623046875
red (853).jpg,red,0.1396484375,0.22265625,0.373046875,0.9287109375,0.99609375,0.892578125,0.9443359375
red (854).jpg,red,0.1123046875,0.19921875,0.318359375,0.9384765625,0.998046875,0.912109375,0.9560546875
red (855).jpg,red,0.0732421875,0.1982421875,0.4853515625,0.9970703125,0.9970703125,0.9951171875,1.0
red (856).jpg,red,0.0732421875,0.1982421875,0.4853515625,0.9970703125,0.9970703125,0.9951171875,1.0
red (857).jpg,red,0.0498046875,0.2412109375,0.5849609375,0.888671875,0.953125,0.982421875,0.9990234375
red (858).jpg,red,0.041015625,0.1435546875,0.439453125,1.0,1.0,0.9765625,1.0
red (859).jpg,red,0.1171875,0.2626953125,0.552734375,0.9794921875,0.9990234375,0.9755859375,0.9990234375
red (86).jpg,red,0.1123046875,0.19921875,0.318359375,0.9384765625,0.998046875,0.912109375,0.9560546875
red (860).jpg,red,0.251953125,0.4697265625,0.6875,0.77734375,0.984375,0.7197265625,0.8623046875
red (861).jpg,red,0.1396484375,0.22265625,0.373046875,0.9287109375,0.99609375,0.892578125,0.9443359375
red (862).jpg,red,0.1123046875,0.19921875,0.318359375,0.9384765625,0.998046875,0.912109375,0.9560546875
red (863).jpg,red,0.0732421875,0.1982421875,0.4853515625,0.9970703125,0.9970703125,0.9951171875,1.0
red (864).jpg,red,0.0732421875,0.1982421875,0.4853515625,0.9970703125,0.9970703125,0.9951171875,1.0
red (865).jpg,red,0.0498046875,0.2412109375,0.5849609375,0.888671875,0.953125,0.982421875,0.9990234375
red (866).jpg,red,0.041015625,0.1435546875,0.439453125,1.0,1.0,0.9765625,1.0
red (867).jpg,red,0.1171875,0.2626953125,0.552734375,0.9794921875,0.9990234375,0.9755859375,0.9990234375
red (868).jpg,red,0.251953125,0.4697265625,0.6875,0.77734375,0.984375,0.7197265625,0.8623046875
red (869).jpg,red,0.1396484375,0.22265625,0.373046875,0.9287109375,0.99609375,0.892578125,0.9443359375
red (87).jpg,red,0.0732421875,0.1982421875,0.4853515625,0.9970703125,0.9970703125,0.9951171875,1.0
red (870).jpg,red,0.1123046875,0.19921875,0.318359375,0.9384765625,0.998046875,0.912109375,0.9560546875
red (871).jpg,red,0.0732421875,0.1982421875,0.4853515625,0.9970703125,0.9970703125,0.9951171875,1.0
red (872).jpg,red,0.0732421875,0.1982421875,0.4853515625,0.9970703125,0.9970703125,0.9951171875,1.0
red (873).jpg,red,0.0498046875,0.2412109375,0.5849609375,0.888671875,0.953125,0.982421875,0.9990234375
red (874).jpg,red,0.041015625,0.1435546875,0.439453125,1.0,1.0,0.9765625,1.0
red (875).jpg,red,0.1171875,0.2626953125,0.552734375,0.9794921875,0.9990234375,0.9755859375,0.9990234375
red (876).jpg,red,0.251953125,0.4697265625,0.6875,0.77734375,0.984375,0.7197265625,0.8623046875
red (877).jpg,red,0.1396484375,0.22265625,0.373046875,0.9287109375,0.99609375,0.892578125,0.9443359375
red (878).jpg,red,0.1123046875,0.19921875,0.318359375,0.9384765625,0.998046875,0.912109375,0.9560546875
red (879).jpg,red,0.0732421875,0.1982421875,0.4853515625,0.9970703125,0.9970703125,0.9951171875,1.0
red (88).jpg,red,0.0732421875,0.1982421875,0.4853515625,0.9970703125,0.9970703125,0.9951171875,1.0
red (880).jpg,red,0.0732421875,0.1982421875,0.4853515625,0.9970703125,0.9970703125,0.9951171875,1.0
red (881).jpg,red,0.0498046875,0.2412109375,0.5849609375,0.888671875,0.953125,0.982421875,0.9990234375
red (882).jpg,red,0.041015625,0.1435546875,0.439453125,1.0,1.0,0.9765625,1.0
red (883).jpg,red,0.1171875,0.2626953125,0.552734375,0.9794921875,0.9990234375,0.9755859375,0.9990234375
red (884).jpg,red,0.251953125,0.4697265625,0.6875,0.77734375,0.984375,0.7197265625,0.8623046875
red (885).jpg,red,0.1396484375,0.22265625,0.373046875,0.9287109375,0.99609375,0.892578125,0.9443359375
red (886).jpg,red,0.1123046875,0.19921875,0.318359375,0.9384765625,0.998046875,0.912109375,0.9560546875
red (887).jpg,red,0.0732421875,0.1982421875,0.4853515625,0.9970703125,0.9970703125,0.9951171875,1.0
red (888).jpg,red,0.0732421875,0.1982421875,0.4853515625,0.9970703125,0.9970703125,0.9951171875,1.0
red (889).jpg,red,0.0498046875,0.2412109375,0.5849609375,0.888671875,0.953125,0.982421875,0.9990234375
red (89).jpg,red,0.0498046875,0.2412109375,0.5849609375,0.888671875,0.953125,0.982421875,0.9990234375
red (890).jpg,red,0.041015625,0.1435546875,0.439453125,1.0,1.0,0.9765625,1.0
red (891).jpg,red,0.1171875,0.2626953125,0.552734375,0.9794921875,0.9990234375,0.9755859375,0.9990234375
red (892).jpg,red,0.251953125,0.4697265625,0.6875,0.77734375,0.984375,0.7197265625,0.8623046875
red (893).jpg,red,0.1396484375,0.22265625,0.373046875,0.9287109375,0.99609375,0.892578125,0.9443359375
red (894).jpg,red,0.1123046875,0.19921875,0.318359375,0.9384765625,0.998046875,0.912109375,0.9560546875
red (895).jpg,red,0.0732421875,0.1982421875,0.4853515625,0.9970703125,0.9970703125,0.9951171875,1.0
red (896).jpg,red,0.0732421875,0.1982421875,0.4853515625,0.9970703125,0.9970703125,0.9951171875,1.0
red (897).jpg,red,0.0498046875,0.2412109375,0.5849609375,0.888671875,0.953125,0.982421875,0.9990234375
red (898).jpg,red,0.041015625,0.1435546875,0.439453125,1.0,1.0,0.9765625,1.0
red (899).jpg,red,0.1171875,0.2626953125,0.552734375,0.9794921875,0.9990234375,0.9755859375,0.9990234375
red (9).jpg,red,0.0498046875,0.2412109375,0.5849609375,0.888671875,0.953125,0.982421875,0.9990234375
red (90).jpg,red,0.041015625,0.1435546875,0.439453125,1.0,1.0,0.9765625,1.0
red (900).jpg,red,0.251953125,0.4697265625,0.6875,0.77734375,0.984375,0.7197265625,0.8623046875
red (901).jpg,red,0.1396484375,0.22265625,0.373046875,0.9287109375,0.99609375,0.892578125,0.9443359375
red (902).jpg,red,0.1123046875,0.19921875,0.318359375,0.9384765625,0.998046875,0.912109375,0.9560546875
red (903).jpg,red,0.0732421875,0.1982421875,0.4853515625,0.9970703125,0.9970703125,0.9951171875,1.0
red (904).jpg,red,0.0732421875,0.1982421875,0.4853515625,0.9970703125,0.9970703125,0.9951171875,1.0
red (905).jpg,red,0.0498046875,0.2412109375,0.5849609375,0.888671875,0.953125,0.982421875,0.9990234375
red (906).jpg,red,0.041015625,0.1435546875,0.439453125,1.0,1.0,0.9765625,1.0
red (907).jpg,red,0.1171875,0.2626953125,0.552734375,0.9794921875,0.9990234375,0.9755859375,0.9990234375
red (908).jpg,red,0.251953125,0.4697265625,0.6875,0.77734375,0.984375,0.7197265625,0.8623046875
red (909).jpg,red,0.1396484375,0.22265625,0.373046875,0.9287109375,0.99609375,0.892578125,0.9443359375
red (91).jpg,red,0.1171875,0.2626953125,0.552734375,0.9794921875,0.9990234375,0.9755859375,0.9990234375
red (910).jpg,red,0.1123046875,0.19921875,0.318359375,0.9384765625,0.998046875,0.912109375,0.9560546875
red (911).jpg,red,0.0732421875,0.1982421875,0.4853515625,0.9970703125,0.9970703125,0.9951171875,1.0
red (912).jpg,red,0.0732421875,0.1982421875,0.4853515625,0.9970703125,0.9970703125,0.9951171875,1.0
red (913).jpg,red,0.0498046875,0.2412109375,0.5849609375,0.888671875,0.953125,0.982421875,0.9990234375
red (914).jpg,red,0.041015625,0.1435546875,0.439453125,1.0,1.0,0.9765625,1.0
red (915).jpg,red,0.1171875,0.2626953125,0.552734375,0.9794921875,0.9990234375,0.9755859375,0.9990234375
red (916).jpg,red,0.251953125,0.4697265625,0.6875,0.77734375,0.984375,0.7197265625,0.8623046875
red (917).jpg,red,0.1396484375,0.22265625,0.373046875,0.9287109375,0.99609375,0.892578125,0.9443359375
red (918).jpg,red,0.1123046875,0.19921875,0.318359375,0.9384765625,0.998046875,0.912109375,0.9560546875
red (919).jpg,red,0.0732421875,0.1982421875,0.4853515625,0.9970703125,0.9970703125,0.9951171875,1.0
red (92).jpg,red,0.251953125,0.4697265625,0.6875,0.77734375,0.984375,0.7197265625,0.8623046875
red (920).jpg,red,0.0732421875,0.1982421875,0.4853515625,0.9970703125,0.9970703125,0.9951171875,1.0
red (921).jpg,red,0.0498046875,0.2412109375,0.5849609375,0.888671875,0.953125,0.982421875,0.9990234375
red (922).jpg,red,0.041015625,0.1435546875,0.439453125,1.0,1.0,0.9765625,1.0
red (923).jpg,red,0.1171875,0.2626953125,0.552734375,0.9794921875,0.9990234375,0.9755859375,0.9990234375
red (924).jpg,red,0.251953125,0.4697265625,0.6875,0.77734375,0.984375,0.7197265625,0.8623046875
red (925).jpg,red,0.1396484375,0.22265625,0.373046875,0.9287109375,0.99609375,0.892578125,0.9443359375
red (926).jpg,red,0.1123046875,0.19921875,0.318359375,0.9384765625,0.998046875,0.912109375,0.9560546875
red (927).jpg,red,0.0732421875,0.1982421875,0.4853515625,0.9970703125,0.9970703125,0.9951171875,1.0
red (928).jpg,red,0.0732421875,0.1982421875,0.4853515625,0.9970703125,0.9970703125,0.9951171875,1.0
red (929).jpg,red,0.0498046875,0.2412109375,0.5849609375,0.888671875,0.953125,0.982421875,0.9990234375
red (93).jpg,red,0.1396484375,0.22265625,0.373046875,0.9287109375,0.99609375,0.892578125,0.9443359375
red (930).jpg,red,0.041015625,0.1435546875,0.439453125,1.0,1.0,0.9765625,1.0
red (931).jpg,red,0.1171875,0.2626953125,0.552734375,0.9794921875,0.9990234375,0.9755859375,0.9990234375
red (932).jpg,red,0.251953125,0.4697265625,0.6875,0.77734375,0.984375,0.7197265625,0.8623046875
red (933).jpg,red,0.1396484375,0.22265625,0.373046875,0.9287109375,0.99609375,0.892578125,0.9443359375
red (934).jpg,red,0.1123046875,0.19921875,0.318359375,0.9384765625,0.998046875,0.912109375,0.9560546875
red (935).jpg,red,0.0732421875,0.1982421875,0.4853515625,0.9970703125,0.9970703125,0.9951171875,1.0
red (936).jpg,red,0.0732421875,0.1982421875,0.4853515625,0.9970703125,0.9970703125,0.9951171875,1.0
red (937).jpg,red,0.0498046875,0.2412109375,0.5849609375,0.888671875,0.953125,0.982421875,0.9990234375
red (938).jpg,red,0.041015625,0.1435546875,0.439453125,1.0,1.0,0.9765625,1.0
red (939).jpg,red,0.1171875,0.2626953125,0.552734375,0.9794921875,0.9990234375,0.9755859375,0.9990234375
red (94).jpg,red,0.1123046875,0.19921875,0.318359375,0.9384765625,0.998046875,0.912109375,0.9560546875
red (940).jpg,red,0.251953125,0.4697265625,0.6875,0.77734375,0.984375,0.7197265625,0.8623046875
red (941).jpg,red,0.1396484375,0.22265625,0.373046875,0.9287109375,0.99609375,0.892578125,0.9443359375
red (942).jpg,red,0.1123046875,0.19921875,0.318359375,0.9384765625,0.998046875,0.912109375,0.9560546875
red (943).jpg,red,0.0732421875,0.1982421875,0.4853515625,0.9970703125,0.9970703125,0.9951171875,1.0
red (944).jpg,red,0.0732421875,0.1982421875,0.4853515625,0.9970703125,0.9970703125,0.9951171875,1.0
red (945).jpg,red,0.0498046875,0.2412109375,0.5849609375,0.888671875,0.953125,0.982421875,0.9990234375
red (946).jpg,red,0.041015625,0.1435546875,0.439453125,1.0,1.0,0.9765625,1.0
red (947).jpg,red,0.1171875,0.2626953125,0.552734375,0.9794921875,0.9990234375,0.9755859375,0.9990234375
red (948).jpg,red,0.251953125,0.4697265625,0.6875,0.77734375,0.984375,0.7197265625,0.8623046875
red (949).jpg,red,0.1396484375,0.22265625,0.373046875,0.9287109375,0.99609375,0.892578125,0.9443359375
red (95).jpg,red,0.0732421875,0.1982421875,0.4853515625,0.9970703125,0.9970703125,0.9951171875,1.0
red (950).jpg,red,0.1123046875,0.19921875,0.318359375,0.9384765625,0.998046875,0.912109375,0.9560546875
red (951).jpg,red,0.0732421875,0.1982421875,0.4853515625,0.9970703125,0.9970703125,0.9951171875,1.0
red (952).jpg,red,0.0732421875,0.1982421875,0.4853515625,0.9970703125,0.9970703125,0.9951171875,1.0
red (953).jpg,red,0.0498046875,0.2412109375,0.5849609375,0.888671875,0.953125,0.982421875,0.9990234375
red (954).jpg,red,0.041015625,0.1435546875,0.439453125,1.0,1.0,0.9765625,1.0
red (955).jpg,red,0.1171875,0.2626953125,0.552734375,0.9794921875,0.9990234375,0.9755859375,0.9990234375
red (956).jpg,red,0.251953125,0.4697265625,0.6875,0.77734375,0.984375,0.7197265625,0.8623046875
red (957).jpg,red,0.1396484375,0.22265625,0.373046875,0.9287109375,0.99609375,0.892578125,0.9443359375
red (958).jpg,red,0.1123046875,0.19921875,0.318359375,0.9384765625,0.998046875,0.912109375,0.9560546875
red (959).jpg,red,0.0732421875,0.1982421875,0.4853515625,0.9970703125,0.9970703125,0.9951171875,1.0
red (96).jpg,red,0.0732421875,0.1982421875,0.4853515625,0.9970703125,0.9970703125,0.9951171875,1.0
red (960).jpg,red,0.0732421875,0.1982421875,0.4853515625,0.9970703125,0.9970703125,0.9951171875,1.0
red (961).jpg,red,0.0498046875,0.2412109375,0.5849609375,0.888671875,0.953125,0.982421875,0.9990234375
red (962).jpg,red,0.041015625,0.1435546875,0.439453125,1.0,1.0,0.9765625,1.0
red (963).jpg,red,0.1171875,0.2626953125,0.552734375,0.9794921875,0.9990234375,0.9755859375,0.9990234375
red (964).jpg,red,0.251953125,0.4697265625,0.6875,0.77734375,0.984375,0.7197265625,0.8623046875
red (965).jpg,red,0.1396484375,0.22265625,0.373046875,0.9287109375,0.99609375,0.892578125,0.9443359375
red (966).jpg,red,0.1123046875,0.19921875,0.318359375,0.9384765625,0.998046875,0.912109375,0.9560546875
red (967).jpg,red,0.0732421875,0.1982421875,0.4853515625,0.9970703125,0.9970703125,0.9951171875,1.0
red (968).jpg,red,0.0732421875,0.1982421875,0.4853515625,0.9970703125,0.9970703125,0.9951171875,1.0
red (969).jpg,red,0.0498046875,0.2412109375,0.5849609375,0.888671875,0.953125,0.982421875,0.9990234375
red (97).jpg,red,0.0498046875,0.2412109375,0.5849609375,0.888671875,0.953125,0.982421875,0.9990234375
red (970).jpg,red,0.041015625,0.1435546875,0.439453125,1.0,1.0,0.9765625,1.0
red (971).jpg,red,0.1171875,0.2626953125,0.552734375,0.9794921875,0.9990234375,0.9755859375,0.9990234375
red (972).jpg,red,0.251953125,0.4697265625,0.6875,0.77734375,0.984375,0.7197265625,0.8623046875
red (973).jpg,red,0.1396484375,0.22265625,0.373046875,0.9287109375,0.99609375,0.892578125,0.9443359375
red (974).jpg,red,0.1123046875,0.19921875,0.318359375,0.9384765625,0.998046875,0.912109375,0.9560546875
red (975).jpg,red,0.0732421875,0.1982421875,0.4853515625,0.9970703125,0.9970703125,0.9951171875,1.0
red (976).jpg,red,0.0732421875,0.1982421875,0.4853515625,0.9970703125,0.9970703125,0.9951171875,1.0
red (977).jpg,red,0.0498046875,0.2412109375,0.5849609375,0.888671875,0.953125,0.982421875,0.9990234375
red (978).jpg,red,0.041015625,0.1435546875,0.439453125,1.0,1.0,0.9765625,1.0
red (979).jpg,red,0.1171875,0.2626953125,0.552734375,0.9794921875,0.9990234375,0.9755859375,0.9990234375
red (98).jpg,red,0.041015625,0.1435546875,0.439453125,1.0,1.0,0.9765625,1.0
red (980).jpg,red,0.251953125,0.4697265625,0.6875,0.77734375,0.984375,0.7197265625,0.8623046875
red (981).jpg,red,0.1396484375,0.22265625,0.373046875,0.9287109375,0.99609375,0.892578125,0.9443359375
red (982).jpg,red,0.1123046875,0.19921875,0.318359375,0.9384765625,0.998046875,0.912109375,0.9560546875
red (983).jpg,red,0.0732421875,0.1982421875,0.4853515625,0.9970703125,0.9970703125,0.9951171875,1.0
red (984).jpg,red,0.0732421875,0.1982421875,0.4853515625,0.9970703125,0.9970703125,0.9951171875,1.0
red (985).jpg,red,0.0498046875,0.2412109375,0.5849609375,0.888671875,0.953125,0.982421875,0.9990234375
red (986).jpg,red,0.041015625,0.1435546875,0.439453125,1.0,1.0,0.9765625,1.0
red (987).jpg,red,0.1171875,0.2626953125,0.552734375,0.9794921875,0.9990234375,0.9755859375,0.9990234375
red (988).jpg,red,0.251953125,0.4697265625,0.6875,0.77734375,0.984375,0.7197265625,0.8623046875
red (989).jpg,red,0.1396484375,0.22265625,0.373046875,0.9287109375,0.99609375,0.892578125,0.9443359375
red (99).jpg,red,0.1171875,0.2626953125,0.552734375,0.9794921875,0.9990234375,0.9755859375,0.9990234375
red (990).jpg,red,0.1123046875,0.19921875,0.318359375,0.9384765625,0.998046875,0.912109375,0.9560546875
red (991).jpg,red,0.0732421875,0.1982421875,0.4853515625,0.9970703125,0.9970703125,0.9951171875,1.0
red (992).jpg,red,0.0732421875,0.1982421875,0.4853515625,0.9970703125,0.9970703125,0.9951171875,1.0
red (993).jpg,red,0.0498046875,0.2412109375,0.5849609375,0.888671875,0.953125,0.982421875,0.9990234375
red (994).jpg,red,0.041015625,0.1435546875,0.439453125,1.0,1.0,0.9765625,1.0
red (995).jpg,red,0.1171875,0.2626953125,0.552734375,0.9794921875,0.9990234375,0.9755859375,0.9990234375
red (996).jpg,red,0.251953125,0.4697265625,0.6875,0.77734375,0.984375,0.7197265625,0.8623046875
red (997).jpg,red,0.1396484375,0.22265625,0.373046875,0.9287109375,0.99609375,0.892578125,0.9443359375
red (998).jpg,red,0.1123046875,0.19921875,0.318359375,0.9384765625,0.998046875,0.912109375,0.9560546875
red (999).jpg,red,0.0732421875,0.1982421875,0.4853515625,0.9970703125,0.9970703125,0.9951171875,1.0
white (1).jpg,white,0.3515625,0.42578125,0.7421875,0.4326171875,0.7421875,0.5849609375,0.931640625
white (10).jpg,white,0.27734375,0.380859375,0.6796875,0.38671875,0.7412109375,0.58984375,0.94921875
white (100).jpg,white,0.27734375,0.380859375,0.6796875,0.38671875,0.7412109375,0.58984375,0.94921875
white (1000).jpg,white,0.27734375,0.380859375,0.6796875,0.38671875,0.7412109375,0.58984375,0.94921875
white (1001).jpg,white,0.27734375,0.380859375,0.6796875,0.38671875,0.7412109375,0.58984375,0.94921875
white (1002).jpg,white,0.27734375,0.380859375,0.6796875,0.38671875,0.7412109375,0.58984375,0.94921875
white (1003).jpg,white,0.27734375,0.380859375,0.6796875,0.38671875,0.7412109375,0.58984375,0.94921875
white (1004).jpg,white,0.27734375,0.380859375,0.6796875,0.38671875,0.7412109375,0.58984375,0.94921875
white (1005).jpg,white,0.27734375,0.380859375,0.6796875,0.38671875,0.7412109375,0.58984375,0.94921875
white (1006).jpg,white,0.27734375,0.380859375,0.6796875,0.38671875,0.7412109375,0.58984375,0.94921875
white (1007).jpg,white,0.27734375,0.380859375,0.6796875,0.38671875,0.7412109375,0.58984375,0.94921875
white (1008).jpg,white,0.27734375,0.380859375,0.6796875,0.38671875,0.7412109375,0.58984375,0.94921875
white (1009).jpg,white,0.3515625,0.42578125,0.7421875,0.4326171875,0.7421875,0.5849609375,0.931640625
white (101).jpg,white,0.27734375,0.380859375,0.6796875,0.38671875,0.7412109375,0.58984375,0.94921875
white (1010).jpg,white,0.27734375,0.380859375,0.6796875,0.38671875,0.7412109375,0.58984375,0.94921875
white (1011).jpg,white,0.27734375,0.380859375,0.6796875,0.38671875,0.7412109375,0.58984375,0.94921875
white (1012).jpg,white,0.27734375,0.380859375,0.6796875,0.38671875,0.7412109375,0.58984375,0.94921875
white (1013).jpg,white,0.27734375,0.380859375,0.6796875,0.38671875,0.7412109375,0.58984375,0.94921875
white (1014).jpg,white,0.27734375,0.380859375,0.6796875,0.38671875,0.7412109375,0.58984375,0.94921875
white (1015).jpg,white,0.27734375,0.380859375,0.6796875,0.38671875,0.7412109375,0.58984375,0.94921875
white (1016).jpg,white,0.27734375,0.380859375,0.6796875,0.38671875,0.7412109375,0.58984375,0.94921875
white (1017).jpg,white,0.27734375,0.380859375,0.6796875,0.38671875,0.7412109375,0.58984375,0.94921875
white (1018).jpg,white,0.27734375,0.380859375,0.6796875,0.38671875,0.7412109375,0.58984375,0.94921875
white (1019).jpg,white,0.27734375,0.380859375,0.6796875,0.38671875,0.7412109375,0.58984375,0.94921875
white (102).jpg,white,0.27734375,0.380859375,0.6796875,0.38671875,0.7412109375,0.58984375,0.94921875
white (1020).jpg,white,0.353515625,0.4375,0.7490234375,0.427734375,0.744140625,0.587890625,0.92578125
white (1021).jpg,white,0.27734375,0.380859375,0.6796875,0.38671875,0.7412109375,0.58984375,0.94921875
white (1022).jpg,white,0.27734375,0.380859375,0.6796875,0.38671875,0.7412109375,0.58984375,0.94921875
white (1023).jpg,white,0.27734375,0.380859375,0.6796875,0.38671875,0.7412109375,0.58984375,0.94921875
white (1024).jpg,white,0.27734375,0.380859375,0.6796875,0.38671875,0.7412109375,0.58984375,0.94921875
white (1025).jpg,white,0.27734375,0.380859375,0.6796875,0.38671875,0.7412109375,0.58984375,0.94921875
white (1026).jpg,white,0.27734375,0.380859375,0.6796875,0.38671875,0.7412109375,0.58984375,0.94921875
white (1027).jpg,white,0.27734375,0.380859375,0.6796875,0.38671875,0.7412109375,0.58984375,0.94921875
white (1028).jpg,white,0.27734375,0.380859375,0.6796875,0.38671875,0.7412109375,0.58984375,0.94921875
white (1029).jpg,white,0.27734375,0.380859375,0.6796875,0.38671875,0.7412109375,0.58984375,0.94921875
white (103).jpg,white,0.27734375,0.380859375,0.6796875,0.38671875,0.7412109375,0.58984375,0.94921875
white (1030).jpg,white,0.27734375,0.380859375,0.6796875,0.38671875,0.7412109375,0.58984375,0.94921875
white (1031).jpg,white,0.27734375,0.380859375,0.6796875,0.38671875,0.7412109375,0.58984375,0.94921875
white (1032).jpg,white,0.27734375,0.380859375,0.6796875,0.38671875,0.7412109375,0.58984375,0.94921875
white (1033).jpg,white,0.3515625,0.42578125,0.7421875,0.4326171875,0.7421875,0.5849609375,0.931640625
white (1034).jpg,white,0.27734375,0.380859375,0.6796875,0.38671875,0.7412109375,0.58984375,0.94921875
white (1035).jpg,white,0.27734375,0.380859375,0.6796875,0.38671875,0.7412109375,0.58984375,0.94921875
white (1036).jpg,white,0.27734375,0.380859375,0.6796875,0.38671875,0.7412109375,0.58984375,0.94921875
white (1037).jpg,white,0.27734375,0.380859375,0.6796875,0.38671875,0.7412109375,0.58984375,0.94921875
white (1038).jpg,white,0.27734375,0.380859375,0.6796875,0.38671875,0.7412109375,0.58984375,0.94921875
white (1039).jpg,white,0.27734375,0.380859375,0.6796875,0.38671875,0.7412109375,0.58984375,0.94921875
white (104).jpg,white,0.27734375,0.380859375,0.6796875,0.38671875,0.7412109375,0.58984375,0.94921875
white (1040).jpg,white,0.27734375,0.380859375,0.6796875,0.38671875,0.7412109375,0.58984375,0.94921875
white (1041).jpg,white,0.27734375,0.380859375,0.6796875,0.38671875,0.7412109375,0.58984375,0.94921875
white (1042).jpg,white,0.27734375,0.380859375,0.6796875,0.38671875,0.7412109375,0.58984375,0.94921875
white (1043).jpg,white,0.27734375,0.380859375,0.6796875,0.38671875,0.7412109375,0.58984375,0.94921875
white (1044).jpg,white,0.353515625,0.4375,0.7490234375,0.427734375,0.744140625,0.587890625,0.92578125
white (1045).jpg,white,0.27734375,0.380859375,0.6796875,0.38671875,0.7412109375,0.58984375,0.94921875
white (1046).jpg,white,0.27734375,0.380859375,0.6796875,0.38671875,0.7412109375,0.58984375,0.94921875
white (1047).jpg,white,0.27734375,0.380859375,0.6796875,0.38671875,0.7412109375,0.58984375,0.94921875
white (1048).jpg,white,0.27734375,0.380859375,0.6796875,0.38671875,0.7412109375,0.58984375,0.94921875
white (1049).jpg,white,0.27734375,0.380859375,0.6796875,0.38671875,0.7412109375,0.58984375,0.94921875
white (105).jpg,white,0.27734375,0.380859375,0.6796875,0.38671875,0.7412109375,0.58984375,0.94921875
white (1050).jpg,white,0.27734375,0.380859375,0.6796875,0.38671875,0.7412109375,0.58984375,0.94921875
white (1051).jpg,white,0.27734375,0.380859375,0.6796875,0.38671875,0.7412109375,0.58984375,0.94921875
white (1052).jpg,white,0.27734375,0.380859375,0.6796875,0.38671875,0.7412109375,0.58984375,0.94921875
white (1053).jpg,white,0.27734375,0.380859375,0.6796875,0.38671875,0.7412109375,0.58984375,0.94921875
white (1054).jpg,white,0.27734375,0.380859375,0.6796875,0.38671875,0.7412109375,0.58984375,0.94921875
white (1055).jpg,white,0.27734375,0.380859375,0.6796875,0.38671875,0.7412109375,0.58984375,0.94921875
white (1056).jpg,white,0.27734375,0.380859375,0.6796875,0.38671875,0.7412109375,0.58984375,0.94921875
white (1057).jpg,white,0.3515625,0.42578125,0.7421875,0.4326171875,0.7421875,0.5849609375,0.931640625
white (1058).jpg,white,0.27734375,0.380859375,0.6796875,0.38671875,0.7412109375,0.58984375,0.94921875
white (1059).jpg,white,0.27734375,0.380859375,0.6796875,0.38671875,0.7412109375,0.58984375,0.94921875
white (106).jpg,white,0.27734375,0.380859375,0.6796875,0.38671875,0.7412109375,0.58984375,0.94921875
white (1060).jpg,white,0.27734375,0.380859375,0.6796875,0.38671875,0.7412109375,0.58984375,0.94921875
white (1061).jpg,white,0.27734375,0.380859375,0.6796875,0.38671875,0.7412109375,0.58984375,0.94921875
white (1062).jpg,white,0.27734375,0.380859375,0.6796875,0.38671875,0.7412109375,0.58984375,0.94921875
white (1063).jpg,white,0.27734375,0.380859375,0.6796875,0.38671875,0.7412109375,0.58984375,0.94921875
white (1064).jpg,white,0.27734375,0.380859375,0.6796875,0.38671875,0.7412109375,0.58984375,0.94921875
white (1065).jpg,white,0.27734375,0.380859375,0.6796875,0.38671875,0.7412109375,0.58984375,0.94921875
white (1066).jpg,white,0.27734375,0.380859375,0.6796875,0.38671875,0.7412109375,0.58984375,0.94921875
white (1067).jpg,white,0.27734375,0.380859375,0.6796875,0.38671875,0.7412109375,0.58984375,0.94921875
white (1068).jpg,white,0.353515625,0.4375,0.7490234375,0.427734375,0.744140625,0.587890625,0.92578125
white (1069).jpg,white,0.27734375,0.380859375,0.6796875,0.38671875,0.7412109375,0.58984375,0.94921875
white (107).jpg,white,0.27734375,0.380859375,0.6796875,0.38671875,0.7412109375,0.58984375,0.94921875
white (1070).jpg,white,0.27734375,0.380859375,0.6796875,0.38671875,0.7412109375,0.58984375,0.94921875
white (1071).jpg,white,0.27734375,0.380859375,0.6796875,0.38671875,0.7412109375,0.58984375,0.94921875
white (1072).jpg,white,0.27734375,0.380859375,0.6796875,0.38671875,0.7412109375,0.58984375,0.94921875
white (1073).jpg,white,0.27734375,0.380859375,0.6796875,0.38671875,0.7412109375,0.58984375,0.94921875
white (1074).jpg,white,0.27734375,0.380859375,0.6796875,0.38671875,0.7412109375,0.58984375,0.94921875
white (1075).jpg,white,0.27734375,0.380859375,0.6796875,0.38671875,0.7412109375,0.58984375,0.94921875
white (1076).jpg,white,0.27734375,0.380859375,0.6796875,0.38671875,0.7412109375,0.58984375,0.94921875
white (1077).jpg,white,0.27734375,0.380859375,0.6796875,0.38671875,0.7412109375,0.58984375,0.94921875
white (1078).jpg,white,0.27734375,0.380859375,0.6796875,0.38671875,0.7412109375,0.58984375,0.94921875
white (1079).jpg,white,0.27734375,0.380859375,0.6796875,0.38671875,0.7412109375,0.58984375,0.94921875
white (108).jpg,white,0.353515625,0.4375,0.7490234375,0.427734375,0.744140625,0.587890625,0.92578125
white (1080).jpg,white,0.27734375,0.380859375,0.6796875,0.38671875,0.7412109375,0.58984375,0.94921875
white (1081).jpg,white,0.3515625,0.42578125,0.7421875,0.4326171875,0.7421875,0.5849609375,0.931640625
white (1082).jpg,white,0.27734375,0.380859375,0.6796875,0.38671875,0.7412109375,0.58984375,0.94921875
white (1083).jpg,white,0.27734375,0.380859375,0.6796875,0.38671875,0.7412109375,0.58984375,0.94921875
white (1084).jpg,white,0.27734375,0.380859375,0.6796875,0.38671875,0.7412109375,0.58984375,0.94921875
white (1085).jpg,white,0.27734375,0.380859375,0.6796875,0.38671875,0.7412109375,0.58984375,0.94921875
white (1086).jpg,white,0.27734375,0.380859375,0.6796875,0.38671875,0.7412109375,0.58984375,0.94921875
white (1087).jpg,white,0.27734375,0.380859375,0.6796875,0.38671875,0.7412109375,0.58984375,0.94921875
white (1088).jpg,white,0.27734375,0.380859375,0.6796875,0.38671875,0.7412109375,0.58984375,0.94921875
white (1089).jpg,white,0.27734375,0.380859375,0.6796875,0.38671875,0.7412109375,0.58984375,0.94921875
white (109).jpg,white,0.27734375,0.380859375,0.6796875,0.38671875,0.7412109375,0.58984375,0.94921875
white (1090).jpg,white,0.27734375,0.380859375,0.6796875,0.38671875,0.7412109375,0.58984375,0.94921875
white (1091).jpg,white,0.27734375,0.380859375,0.6796875,0.38671875,0.7412109375,0.58984375,0.94921875
white (1092).jpg,white,0.353515625,0.4375,0.7490234375,0.427734375,0.744140625,0.587890625,0.92578125
white (1093).jpg,white,0.27734375,0.380859375,0.6796875,0.38671875,0.7412109375,0.58984375,0.94921875
white (1094).jpg,white,0.27734375,0.380859375,0.6796875,0.38671875,0.7412109375,0.58984375,0.94921875
white (1095).jpg,white,0.27734375,0.380859375,0.6796875,0.38671875,0.7412109375,0.58984375,0.94921875
white (1096).jpg,white,0.27734375,0.380859375,0.6796875,0.38671875,0.7412109375,0.58984375,0.94921875
white (1097).jpg,white,0.27734375,0.380859375,0.6796875,0.38671875,0.7412109375,0.58984375,0.94921875
white (1098).jpg,white,0.27734375,0.380859375,0.6796875,0.38671875,0.7412109375,0.58984375,0.94921875
white (1099).jpg,white,0.27734375,0.380859375,0.6796875,0.38671875,0.7412109375,0.58984375,0.94921875
white (11).jpg,white,0.27734375,0.380859375,0.6796875,0.38671875,0.7412109375,0.58984375,0.94921875
white (110).jpg,white,0.27734375,0.380859375,0.6796875,0.38671875,0.7412109375,0.58984375,0.94921875
white (1100).jpg,white,0.27734375,0.380859375,0.6796875,0.38671875,0.7412109375,0.58984375,0.94921875
white (111).jpg,white,0.27734375,0.380859375,0.6796875,0.38671875,0.7412109375,0.58984375,0.94921875
white (112).jpg,white,0.27734375,0.380859375,0.6796875,0.38671875,0.7412109375,0.58984375,0.94921875
white (113).jpg,white,0.27734375,0.380859375,0.6796875,0.38671875,0.7412109375,0.58984375,0.94921875
white (114).jpg,white,0.27734375,0.380859375,0.6796875,0.38671875,0.7412109375,0.58984375,0.94921875
white (115).jpg,white,0.27734375,0.380859375,0.6796875,0.38671875,0.7412109375,0.58984375,0.94921875
white (116).jpg,white,0.27734375,0.380859375,0.6796875,0.38671875,0.7412109375,0.58984375,0.94921875
white (117).jpg,white,0.27734375,0.380859375,0.6796875,0.38671875,0.7412109375,0.58984375,0.94921875
white (118).jpg,white,0.27734375,0.380859375,0.6796875,0.38671875,0.7412109375,0.58984375,0.94921875
white (119).jpg,white,0.27734375,0.380859375,0.6796875,0.38671875,0.7412109375,0.58984375,0.94921875
white (12).jpg,white,0.27734375,0.380859375,0.6796875,0.38671875,0.7412109375,0.58984375,0.94921875
white (120).jpg,white,0.27734375,0.380859375,0.6796875,0.38671875,0.7412109375,0.58984375,0.94921875
white (121).jpg,white,0.3515625,0.42578125,0.7421875,0.4326171875,0.7421875,0.5849609375,0.931640625
white (122).jpg,white,0.27734375,0.380859375,0.6796875,0.38671875,0.7412109375,0.58984375,0.94921875
white (123).jpg,white,0.27734375,0.380859375,0.6796875,0.38671875,0.7412109375,0.58984375,0.94921875
white (124).jpg,white,0.27734375,0.380859375,0.6796875,0.38671875,0.7412109375,0.58984375,0.94921875
white (125).jpg,white,0.27734375,0.380859375,0.6796875,0.38671875,0.7412109375,0.58984375,0.94921875
white (126).jpg,white,0.27734375,0.380859375,0.6796875,0.38671875,0.7412109375,0.58984375,0.94921875
white (127).jpg,white,0.27734375,0.380859375,0.6796875,0.38671875,0.7412109375,0.58984375,0.94921875
white (128).jpg,white,0.27734375,0.380859375,0.6796875,0.38671875,0.7412109375,0.58984375,0.94921875
white (129).jpg,white,0.27734375,0.380859375,0.6796875,0.38671875,0.7412109375,0.58984375,0.94921875
white (13).jpg,white,0.27734375,0.380859375,0.6796875,0.38671875,0.7412109375,0.58984375,0.94921875
white (130).jpg,white,0.27734375,0.380859375,0.6796875,0.38671875,0.7412109375,0.58984375,0.94921875
white (131).jpg,white,0.27734375,0.380859375,0.6796875,0.38671875,0.7412109375,0.58984375,0.94921875
white (132).jpg,white,0.353515625,0.4375,0.7490234375,0.427734375,0.744140625,0.587890625,0.92578125
white (133).jpg,white,0.27734375,0.380859375,0.6796875,0.38671875,0.7412109375,0.58984375,0.94921875
white (134).jpg,white,0.27734375,0.380859375,0.6796875,0.38671875,0.7412109375,0.58984375,0.94921875
white (135).jpg,white,0.27734375,0.380859375,0.6796875,0.38671875,0.7412109375,0.58984375,0.94921875
white (136).jpg,white,0.27734375,0.380859375,0.6796875,0.38671875,0.7412109375,0.58984375,0.94921875
white (137).jpg,white,0.27734375,0.380859375,0.6796875,0.38671875,0.7412109375,0.58984375,0.94921875
white (138).jpg,white,0.27734375,0.380859375,0.6796875,0.38671875,0.7412109375,0.58984375,0.94921875
white (139).jpg,white,0.27734375,0.380859375,0.6796875,0.38671875,0.7412109375,0.58984375,0.94921875
white (14).jpg,white,0.27734375,0.380859375,0.6796875,0.38671875,0.7412109375,0.58984375,0.94921875
white (140).jpg,white,0.27734375,0.380859375,0.6796875,0.38671875,0.7412109375,0.58984375,0.94921875
white (141).jpg,white,0.27734375,0.380859375,0.6796875,0.38671875,0.7412109375,0.58984375,0.94921875
white (142).jpg,white,0.27734375,0.380859375,0.6796875,0.38671875,0.7412109375,0.58984375,0.94921875
white (143).jpg,white,0.27734375,0.380859375,0.6796875,0.38671875,0.7412109375,0.58984375,0.94921875
white (144).jpg,white,0.27734375,0.380859375,0.6796875,0.38671875,0.7412109375,0.58984375,0.94921875
white (145).jpg,white,0.3515625,0.42578125,0.7421875,0.4326171875,0.7421875,0.5849609375,0.931640625
white (146).jpg,white,0.27734375,0.380859375,0.6796875,0.38671875,0.7412109375,0.58984375,0.94921875
white (147).jpg,white,0.27734375,0.380859375,0.6796875,0.38671875,0.7412109375,0.58984375,0.94921875
white (148).jpg,white,0.27734375,0.380859375,0.6796875,0.38671875,0.7412109375,0.58984375,0.94921875
white (149).jpg,white,0.27734375,0.380859375,0.6796875,0.38671875,0.7412109375,0.58984375,0.94921875
white (15).jpg,white,0.27734375,0.380859375,0.6796875,0.38671875,0.7412109375,0.58984375,0.94921875
white (150).jpg,white,0.27734375,0.380859375,0.6796875,0.38671875,0.7412109375,0.58984375,0.94921875
white (151).jpg,white,0.27734375,0.380859375,0.6796875,0.38671875,0.7412109375,0.58984375,0.94921875
white (152).jpg,white,0.27734375,0.380859375,0.6796875,0.38671875,0.7412109375,0.58984375,0.94921875
white (153).jpg,white,0.27734375,0.380859375,0.6796875,0.38671875,0.7412109375,0.58984375,0.94921875
white (154).jpg,white,0.27734375,0.380859375,0.6796875,0.38671875,0.7412109375,0.58984375,0.94921875
white (155).jpg,white,0.27734375,0.380859375,0.6796875,0.38671875,0.7412109375,0.58984375,0.94921875
white (156).jpg,white,0.353515625,0.4375,0.7490234375,0.427734375,0.744140625,0.587890625,0.92578125
white (157).jpg,white,0.27734375,0.380859375,0.6796875,0.38671875,0.7412109375,0.58984375,0.94921875
white (158).jpg,white,0.27734375,0.380859375,0.6796875,0.38671875,0.7412109375,0.58984375,0.94921875
white (159).jpg,white,0.27734375,0.380859375,0.6796875,0.38671875,0.7412109375,0.58984375,0.94921875
white (16).jpg,white,0.27734375,0.380859375,0.6796875,0.38671875,0.7412109375,0.58984375,0.94921875
white (160).jpg,white,0.27734375,0.380859375,0.6796875,0.38671875,0.7412109375,0.58984375,0.94921875
white (161).jpg,white,0.27734375,0.380859375,0.6796875,0.38671875,0.7412109375,0.58984375,0.94921875
white (162).jpg,white,0.27734375,0.380859375,0.6796875,0.38671875,0.7412109375,0.58984375,0.94921875
white (163).jpg,white,0.27734375,0.380859375,0.6796875,0.38671875,0.7412109375,0.58984375,0.94921875
white (164).jpg,white,0.27734375,0.380859375,0.6796875,0.38671875,0.7412109375,0.58984375,0.94921875
white (165).jpg,white,0.27734375,0.380859375,0.6796875,0.38671875,0.7412109375,0.58984375,0.94921875
white (166).jpg,white,0.27734375,0.380859375,0.6796875,0.38671875,0.7412109375,0.58984375,0.94921875
white (167).jpg,white,0.27734375,0.380859375,0.6796875,0.38671875,0.7412109375,0.58984375,0.94921875
white (168).jpg,white,0.27734375,0.380859375,0.6796875,0.38671875,0.7412109375,0.58984375,0.94921875
white (169).jpg,white,0.3515625,0.42578125,0.7421875,0.4326171875,0.7421875,0.5849609375,0.931640625
white (17).jpg,white,0.27734375,0.380859375,0.6796875,0.38671875,0.7412109375,0.58984375,0.94921875
white (170).jpg,white,0.27734375,0.380859375,0.6796875,0.38671875,0.7412109375,0.58984375,0.94921875
white (171).jpg,white,0.27734375,0.380859375,0.6796875,0.38671875,0.7412109375,0.58984375,0.94921875
white (172).jpg,white,0.27734375,0.380859375,0.6796875,0.38671875,0.7412109375,0.58984375,0.94921875
white (173).jpg,white,0.27734375,0.380859375,0.6796875,0.38671875,0.7412109375,0.58984375,0.94921875
white (174).jpg,white,0.27734375,0.380859375,0.6796875,0.38671875,0.7412109375,0.58984375,0.94921875
white (175).jpg,white,0.27734375,0.380859375,0.6796875,0.38671875,0.7412109375,0.58984375,0.94921875
white (176).jpg,white,0.27734375,0.380859375,0.6796875,0.38671875,0.7412109375,0.58984375,0.94921875
white (177).jpg,white,0.27734375,0.380859375,0.6796875,0.38671875,0.7412109375,0.58984375,0.94921875
white (178).jpg,white,0.27734375,0.380859375,0.6796875,0.38671875,0.7412109375,0.58984375,0.94921875
white (179).jpg,white,0.27734375,0.380859375,0.6796875,0.38671875,0.7412109375,0.58984375,0.94921875
white (18).jpg,white,0.27734375,0.380859375,0.6796875,0.38671875,0.7412109375,0.58984375,0.94921875
white (180).jpg,white,0.353515625,0.4375,0.7490234375,0.427734375,0.744140625,0.587890625,0.92578125
white (181).jpg,white,0.27734375,0.380859375,0.6796875,0.38671875,0.7412109375,0.58984375,0.94921875
white (182).jpg,white,0.27734375,0.380859375,0.6796875,0.38671875,0.7412109375,0.58984375,0.94921875
white (183).jpg,white,0.27734375,0.380859375,0.6796875,0.38671875,0.7412109375,0.58984375,0.94921875
white (184).jpg,white,0.27734375,0.380859375,0.6796875,0.38671875,0.7412109375,0.58984375,0.94921875
white (185).jpg,white,0.27734375,0.380859375,0.6796875,0.38671875,0.7412109375,0.58984375,0.94921875
white (186).jpg,white,0.27734375,0.380859375,0.6796875,0.38671875,0.7412109375,0.58984375,0.94921875
white (187).jpg,white,0.27734375,0.380859375,0.6796875,0.38671875,0.7412109375,0.58984375,0.94921875
white (188).jpg,white,0.27734375,0.380859375,0.6796875,0.38671875,0.7412109375,0.58984375,0.94921875
white (189).jpg,white,0.27734375,0.380859375,0.6796875,0.38671875,0.7412109375,0.58984375,0.94921875
white (19).jpg,white,0.27734375,0.380859375,0.6796875,0.38671875,0.7412109375,0.58984375,0.94921875
white (190).jpg,white,0.27734375,0.380859375,0.6796875,0.38671875,0.7412109375,0.58984375,0.94921875
white (191).jpg,white,0.27734375,0.380859375,0.6796875,0.38671875,0.7412109375,0.58984375,0.94921875
white (192).jpg,white,0.27734375,0.380859375,0.6796875,0.38671875,0.7412109375,0.58984375,0.94921875
white (193).jpg,white,0.3515625,0.42578125,0.7421875,0.4326171875,0.7421875,0.5849609375,0.931640625
white (194).jpg,white,0.27734375,0.380859375,0.6796875,0.38671875,0.7412109375,0.58984375,0.94921875
white (195).jpg,white,0.27734375,0.380859375,0.6796875,0.38671875,0.7412109375,0.58984375,0.94921875
white (196).jpg,white,0.27734375,0.380859375,0.6796875,0.38671875,0.7412109375,0.58984375,0.94921875
white (197).jpg,white,0.27734375,0.380859375,0.6796875,0.38671875,0.7412109375,0.58984375,0.94921875
white (198).jpg,white,0.27734375,0.380859375,0.6796875,0.38671875,0.7412109375,0.58984375,0.94921875
white (199).jpg,white,0.27734375,0.380859375,0.6796875,0.38671875,0.7412109375,0.58984375,0.94921875
white (2).jpg,white,0.353515625,0.4375,0.7490234375,0.427734375,0.744140625,0.587890625,0.92578125
white (20).jpg,white,0.27734375,0.380859375,0.6796875,0.38671875,0.7412109375,0.58984375,0.94921875
white (200).jpg,white,0.27734375,0.380859375,0.6796875,0.38671875,0.7412109375,0.58984375,0.94921875
white (201).jpg,white,0.27734375,0.380859375,0.6796875,0.38671875,0.7412109375,0.58984375,0.94921875
white (202).jpg,white,0.27734375,0.380859375,0.6796875,0.38671875,0.7412109375,0.58984375,0.94921875
white (203).jpg,white,0.27734375,0.380859375,0.6796875,0.38671875,0.7412109375,0.58984375,0.94921875
white (204).jpg,white,0.353515625,0.4375,0.7490234375,0.427734375,0.744140625,0.587890625,0.92578125
white (205).jpg,white,0.27734375,0.380859375,0.6796875,0.38671875,0.7412109375,0.58984375,0.94921875
white (206).jpg,white,0.27734375,0.380859375,0.6796875,0.38671875,0.7412109375,0.58984375,0.94921875
white (207).jpg,white,0.27734375,0.380859375,0.6796875,0.38671875,0.7412109375,0.58984375,0.94921875
white (208).jpg,white,0.27734375,0.380859375,0.6796875,0.38671875,0.7412109375,0.58984375,0.94921875
white (209).jpg,white,0.27734375,0.380859375,0.6796875,0.38671875,0.7412109375,0.58984375,0.94921875
white (21).jpg,white,0.27734375,0.380859375,0.6796875,0.38671875,0.7412109375,0.58984375,0.94921875
white (210).jpg,white,0.27734375,0.380859375,0.6796875,0.38671875,0.7412109375,0.58984375,0.94921875
white (211).jpg,white,0.27734375,0.380859375,0.6796875,0.38671875,0.7412109375,0.58984375,0.94921875
white (212).jpg,white,0.27734375,0.380859375,0.6796875,0.38671875,0.7412109375,0.58984375,0.94921875
white (213).jpg,white,0.27734375,0.380859375,0.6796875,0.38671875,0.7412109375,0.58984375,0.94921875
white (214).jpg,white,0.27734375,0.380859375,0.6796875,0.38671875,0.7412109375,0.58984375,0.94921875
white (215).jpg,white,0.27734375,0.380859375,0.6796875,0.38671875,0.7412109375,0.58984375,0.94921875
white (216).jpg,white,0.27734375,0.380859375,0.6796875,0.38671875,0.7412109375,0.58984375,0.94921875
white (217).jpg,white,0.3515625,0.42578125,0.7421875,0.4326171875,0.7421875,0.5849609375,0.931640625
white (218).jpg,white,0.27734375,0.380859375,0.6796875,0.38671875,0.7412109375,0.58984375,0.94921875
white (219).jpg,white,0.27734375,0.380859375,0.6796875,0.38671875,0.7412109375,0.58984375,0.94921875
white (22).jpg,white,0.27734375,0.380859375,0.6796875,0.38671875,0.7412109375,0.58984375,0.94921875
white (220).jpg,white,0.27734375,0.380859375,0.6796875,0.38671875,0.7412109375,0.58984375,0.94921875
white (221).jpg,white,0.27734375,0.380859375,0.6796875,0.38671875,0.7412109375,0.58984375,0.94921875
white (222).jpg,white,0.27734375,0.380859375,0.6796875,0.38671875,0.7412109375,0.58984375,0.94921875
white (223).jpg,white,0.27734375,0.380859375,0.6796875,0.38671875,0.7412109375,0.58984375,0.94921875
white (224).jpg,white,0.27734375,0.380859375,0.6796875,0.38671875,0.7412109375,0.58984375,0.94921875
white (225).jpg,white,0.27734375,0.380859375,0.6796875,0.38671875,0.7412109375,0.58984375,0.94921875
white (226).jpg,white,0.27734375,0.380859375,0.6796875,0.38671875,0.7412109375,0.58984375,0.94921875
white (227).jpg,white,0.27734375,0.380859375,0.6796875,0.38671875,0.7412109375,0.58984375,0.94921875
white (228).jpg,white,0.353515625,0.4375,0.7490234375,0.427734375,0.744140625,0.587890625,0.92578125
white (229).jpg,white,0.27734375,0.380859375,0.6796875,0.38671875,0.7412109375,0.58984375,0.94921875
white (23).jpg,white,0.27734375,0.380859375,0.6796875,0.38671875,0.7412109375,0.58984375,0.94921875
white (230).jpg,white,0.27734375,0.380859375,0.6796875,0.38671875,0.7412109375,0.58984375,0.94921875
white (231).jpg,white,0.27734375,0.380859375,0.6796875,0.38671875,0.7412109375,0.58984375,0.94921875
white (232).jpg,white,0.27734375,0.380859375,0.6796875,0.38671875,0.7412109375,0.58984375,0.94921875
white (233).jpg,white,0.27734375,0.380859375,0.6796875,0.38671875,0.7412109375,0.58984375,0.94921875
white (234).jpg,white,0.27734375,0.380859375,0.6796875,0.38671875,0.7412109375,0.58984375,0.94921875
white (235).jpg,white,0.27734375,0.380859375,0.6796875,0.38671875,0.7412109375,0.58984375,0.94921875
white (236).jpg,white,0.27734375,0.380859375,0.6796875,0.38671875,0.7412109375,0.58984375,0.94921875
white (237).jpg,white,0.27734375,0.380859375,0.6796875,0.38671875,0.7412109375,0.58984375,0.94921875
white (238).jpg,white,0.27734375,0.380859375,0.6796875,0.38671875,0.7412109375,0.58984375,0.94921875
white (239).jpg,white,0.27734375,0.380859375,0.6796875,0.38671875,0.7412109375,0.58984375,0.94921875
white (24).jpg,white,0.27734375,0.380859375,0.6796875,0.38671875,0.7412109375,0.58984375,0.94921875
white (240).jpg,white,0.27734375,0.380859375,0.6796875,0.38671875,0.7412109375,0.58984375,0.94921875
white (241).jpg,white,0.3515625,0.42578125,0.7421875,0.4326171875,0.7421875,0.5849609375,0.931640625
white (242).jpg,white,0.27734375,0.380859375,0.6796875,0.38671875,0.7412109375,0.58984375,0.94921875
white (243).jpg,white,0.27734375,0.380859375,0.6796875,0.38671875,0.7412109375,0.58984375,0.94921875
white (244).jpg,white,0.27734375,0.380859375,0.6796875,0.38671875,0.7412109375,0.58984375,0.94921875
white (245).jpg,white,0.27734375,0.380859375,0.6796875,0.38671875,0.7412109375,0.58984375,0.94921875
white (246).jpg,white,0.27734375,0.380859375,0.6796875,0.38671875,0.7412109375,0.58984375,0.94921875
white (247).jpg,white,0.27734375,0.380859375,0.6796875,0.38671875,0.7412109375,0.58984375,0.94921875
white (248).jpg,white,0.27734375,0.380859375,0.6796875,0.38671875,0.7412109375,0.58984375,0.94921875
white (249).jpg,white,0.27734375,0.380859375,0.6796875,0.38671875,0.7412109375,0.58984375,0.94921875
white (25).jpg,white,0.3515625,0.42578125,0.7421875,0.4326171875,0.7421875,0.5849609375,0.931640625
white (250).jpg,white,0.27734375,0.380859375,0.6796875,0.38671875,0.7412109375,0.58984375,0.94921875
white (251).jpg,white,0.27734375,0.380859375,0.6796875,0.38671875,0.7412109375,0.58984375,0.94921875
white (252).jpg,white,0.353515625,0.4375,0.7490234375,0.427734375,0.744140625,0.587890625,0.92578125
white (253).jpg,white,0.27734375,0.380859375,0.6796875,0.38671875,0.7412109375,0.58984375,0.94921875
white (254).jpg,white,0.27734375,0.380859375,0.6796875,0.38671875,0.7412109375,0.58984375,0.94921875
white (255).jpg,white,0.27734375,0.380859375,0.6796875,0.38671875,0.7412109375,0.58984375,0.94921875
white (256).jpg,white,0.27734375,0.380859375,0.6796875,0.38671875,0.7412109375,0.58984375,0.94921875
white (257).jpg,white,0.27734375,0.380859375,0.6796875,0.38671875,0.7412109375,0.58984375,0.94921875
white (258).jpg,white,0.27734375,0.380859375,0.6796875,0.38671875,0.7412109375,0.58984375,0.94921875
white (259).jpg,white,0.27734375,0.380859375,0.6796875,0.38671875,0.7412109375,0.58984375,0.94921875
white (26).jpg,white,0.27734375,0.380859375,0.6796875,0.38671875,0.7412109375,0.58984375,0.94921875
white (260).jpg,white,0.27734375,0.380859375,0.6796875,0.38671875,0.7412109375,0.58984375,0.94921875
white (261).jpg,white,0.27734375,0.380859375,0.6796875,0.38671875,0.7412109375,0.58984375,0.94921875
white (262).jpg,white,0.27734375,0.380859375,0.6796875,0.38671875,0.7412109375,0.58984375,0.94921875
white (263).jpg,white,0.27734375,0.380859375,0.6796875,0.38671875,0.7412109375,0.58984375,0.94921875
white (264).jpg,white,0.27734375,0.380859375,0.6796875,0.38671875,0.7412109375,0.58984375,0.94921875
white (265).jpg,white,0.3515625,0.42578125,0.7421875,0.4326171875,0.7421875,0.5849609375,0.931640625
white (266).jpg,white,0.27734375,0.380859375,0.6796875,0.38671875,0.7412109375,0.58984375,0.94921875
white (267).jpg,white,0.27734375,0.380859375,0.6796875,0.38671875,0.7412109375,0.58984375,0.94921875
white (268).jpg,white,0.27734375,0.380859375,0.6796875,0.38671875,0.7412109375,0.58984375,0.94921875
white (269).jpg,white,0.27734375,0.380859375,0.6796875,0.38671875,0.7412109375,0.58984375,0.94921875
white (27).jpg,white,0.27734375,0.380859375,0.6796875,0.38671875,0.7412109375,0.58984375,0.94921875
white (270).jpg,white,0.27734375,0.380859375,0.6796875,0.38671875,0.7412109375,0.58984375,0.94921875
white (271).jpg,white,0.27734375,0.380859375,0.6796875,0.38671875,0.7412109375,0.58984375,0.94921875
white (272).jpg,white,0.27734375,0.380859375,0.6796875,0.38671875,0.7412109375,0.58984375,0.94921875
white (273).jpg,white,0.27734375,0.380859375,0.6796875,0.38671875,0.7412109375,0.58984375,0.94921875
white (274).jpg,white,0.27734375,0.380859375,0.6796875,0.38671875,0.7412109375,0.58984375,0.94921875
white (275).jpg,white,0.27734375,0.380859375,0.6796875,0.38671875,0.7412109375,0.58984375,0.94921875
white (276).jpg,white,0.353515625,0.4375,0.7490234375,0.427734375,0.744140625,0.587890625,0.92578125
white (277).jpg,white,0.27734375,0.380859375,0.6796875,0.38671875,0.7412109375,0.58984375,0.94921875
white (278).jpg,white,0.27734375,0.380859375,0.6796875,0.38671875,0.7412109375,0.58984375,0.94921875
white (279).jpg,white,0.27734375,0.380859375,0.6796875,0.38671875,0.7412109375,0.58984375,0.94921875
white (28).jpg,white,0.27734375,0.380859375,0.6796875,0.38671875,0.7412109375,0.58984375,0.94921875
white (280).jpg,white,0.27734375,0.380859375,0.6796875,0.38671875,0.7412109375,0.58984375,0.94921875
white (281).jpg,white,0.27734375,0.380859375,0.6796875,0.38671875,0.7412109375,0.58984375,0.94921875
white (282).jpg,white,0.27734375,0.380859375,0.6796875,0.38671875,0.7412109375,0.58984375,0.94921875
white (283).jpg,white,0.27734375,0.380859375,0.6796875,0.38671875,0.7412109375,0.58984375,0.94921875
white (284).jpg,white,0.27734375,0.380859375,0.6796875,0.38671875,0.7412109375,0.58984375,0.94921875
white (285).jpg,white,0.27734375,0.380859375,0.6796875,0.38671875,0.7412109375,0.58984375,0.94921875
white (286).jpg,white,0.27734375,0.380859375,0.6796875,0.38671875,0.7412109375,0.58984375,0.94921875
white (287).jpg,white,0.27734375,0.380859375,0.6796875,0.38671875,0.7412109375,0.58984375,0.94921875
white (288).jpg,white,0.27734375,0.380859375,0.6796875,0.38671875,0.7412109375,0.58984375,0.94921875
white (289).jpg,white,0.3515625,0.42578125,0.7421875,0.4326171875,0.7421875,0.5849609375,0.931640625
white (29).jpg,white,0.27734375,0.380859375,0.6796875,0.38671875,0.7412109375,0.58984375,0.94921875
white (290).jpg,white,0.27734375,0.380859375,0.6796875,0.38671875,0.7412109375,0.58984375,0.94921875
white (291).jpg,white,0.27734375,0.380859375,0.6796875,0.38671875,0.7412109375,0.58984375,0.94921875
white (292).jpg,white,0.27734375,0.380859375,0.6796875,0.38671875,0.7412109375,0.58984375,0.94921875
white (293).jpg,white,0.27734375,0.380859375,0.6796875,0.38671875,0.7412109375,0.58984375,0.94921875
white (294).jpg,white,0.27734375,0.380859375,0.6796875,0.38671875,0.7412109375,0.58984375,0.94921875
white (295).jpg,white,0.27734375,0.380859375,0.6796875,0.38671875,0.7412109375,0.58984375,0.94921875
white (296).jpg,white,0.27734375,0.380859375,0.6796875,0.38671875,0.7412109375,0.58984375,0.94921875
white (297).jpg,white,0.27734375,0.380859375,0.6796875,0.38671875,0.7412109375,0.58984375,0.94921875
white (298).jpg,white,0.27734375,0.380859375,0.6796875,0.38671875,0.7412109375,0.58984375,0.94921875
white (299).jpg,white,0.27734375,0.380859375,0.6796875,0.38671875,0.7412109375,0.58984375,0.94921875
white (3).jpg,white,0.27734375,0.380859375,0.6796875,0.38671875,0.7412109375,0.58984375,0.94921875
white (30).jpg,white,0.27734375,0.380859375,0.6796875,0.38671875,0.7412109375,0.58984375,0.94921875
white (300).jpg,white,0.353515625,0.4375,0.7490234375,0.427734375,0.744140625,0.587890625,0.92578125
white (301).jpg,white,0.27734375,0.380859375,0.6796875,0.38671875,0.7412109375,0.58984375,0.94921875
white (302).jpg,white,0.27734375,0.380859375,0.6796875,0.38671875,0.7412109375,0.58984375,0.94921875
white (303).jpg,white,0.27734375,0.380859375,0.6796875,0.38671875,0.7412109375,0.58984375,0.94921875
white (304).jpg,white,0.27734375,0.380859375,0.6796875,0.38671875,0.7412109375,0.58984375,0.94921875
white (305).jpg,white,0.27734375,0.380859375,0.6796875,0.38671875,0.7412109375,0.58984375,0.94921875
white (306).jpg,white,0.27734375,0.380859375,0.6796875,0.38671875,0.7412109375,0.58984375,0.94921875
white (307).jpg,white,0.27734375,0.380859375,0.6796875,0.38671875,0.7412109375,0.58984375,0.94921875
white (308).jpg,white,0.27734375,0.380859375,0.6796875,0.38671875,0.7412109375,0.58984375,0.94921875
white (309).jpg,white,0.27734375,0.380859375,0.6796875,0.38671875,0.7412109375,0.58984375,0.94921875
white (31).jpg,white,0.27734375,0.380859375,0.6796875,0.38671875,0.7412109375,0.58984375,0.94921875
white (310).jpg,white,0.27734375,0.380859375,0.6796875,0.38671875,0.7412109375,0.58984375,0.94921875
white (311).jpg,white,0.27734375,0.380859375,0.6796875,0.38671875,0.7412109375,0.58984375,0.94921875
white (312).jpg,white,0.27734375,0.380859375,0.6796875,0.38671875,0.7412109375,0.58984375,0.94921875
white (313).jpg,white,0.3515625,0.42578125,0.7421875,0.4326171875,0.7421875,0.5849609375,0.931640625
white (314).jpg,white,0.27734375,0.380859375,0.6796875,0.38671875,0.7412109375,0.58984375,0.94921875
white (315).jpg,white,0.27734375,0.380859375,0.6796875,0.38671875,0.7412109375,0.58984375,0.94921875
white (316).jpg,white,0.27734375,0.380859375,0.6796875,0.38671875,0.7412109375,0.58984375,0.94921875
white (317).jpg,white,0.27734375,0.380859375,0.6796875,0.38671875,0.7412109375,0.58984375,0.94921875
white (318).jpg,white,0.27734375,0.380859375,0.6796875,0.38671875,0.7412109375,0.58984375,0.94921875
white (319).jpg,white,0.27734375,0.380859375,0.6796875,0.38671875,0.7412109375,0.58984375,0.94921875
white (32).jpg,white,0.27734375,0.380859375,0.6796875,0.38671875,0.7412109375,0.58984375,0.94921875
white (320).jpg,white,0.27734375,0.380859375,0.6796875,0.38671875,0.7412109375,0.58984375,0.94921875
white (321).jpg,white,0.27734375,0.380859375,0.6796875,0.38671875,0.7412109375,0.58984375,0.94921875
white (322).jpg,white,0.27734375,0.380859375,0.6796875,0.38671875,0.7412109375,0.58984375,0.94921875
white (323).jpg,white,0.27734375,0.380859375,0.6796875,0.38671875,0.7412109375,0.58984375,0.94921875
white (324).jpg,white,0.353515625,0.4375,0.7490234375,0.427734375,0.744140625,0.587890625,0.92578125
white (325).jpg,white,0.27734375,0.380859375,0.6796875,0.38671875,0.7412109375,0.58984375,0.94921875
white (326).jpg,white,0.27734375,0.380859375,0.6796875,0.38671875,0.7412109375,0.58984375,0.94921875
white (327).jpg,white,0.27734375,0.380859375,0.6796875,0.38671875,0.7412109375,0.58984375,0.94921875
white (328).jpg,white,0.27734375,0.380859375,0.6796875,0.38671875,0.7412109375,0.58984375,0.94921875
white (329).jpg,white,0.27734375,0.380859375,0.6796875,0.38671875,0.7412109375,0.58984375,0.94921875
white (33).jpg,white,0.27734375,0.380859375,0.6796875,0.38671875,0.7412109375,0.58984375,0.94921875
white (330).jpg,white,0.27734375,0.380859375,0.6796875,0.38671875,0.7412109375,0.58984375,0.94921875
white (331).jpg,white,0.27734375,0.380859375,0.6796875,0.38671875,0.7412109375,0.58984375,0.94921875
white (332).jpg,white,0.27734375,0.380859375,0.6796875,0.38671875,0.7412109375,0.58984375,0.94921875
white (333).jpg,white,0.27734375,0.380859375,0.6796875,0.38671875,0.7412109375,0.58984375,0.94921875
white (334).jpg,white,0.27734375,0.380859375,0.6796875,0.38671875,0.7412109375,0.58984375,0.94921875
white (335).jpg,white,0.27734375,0.380859375,0.6796875,0.38671875,0.7412109375,0.58984375,0.94921875
white (336).jpg,white,0.27734375,0.380859375,0.6796875,0.38671875,0.7412109375,0.58984375,0.94921875
white (337).jpg,white,0.3515625,0.42578125,0.7421875,0.4326171875,0.7421875,0.5849609375,0.931640625
white (338).jpg,white,0.27734375,0.380859375,0.6796875,0.38671875,0.7412109375,0.58984375,0.94921875
white (339).jpg,white,0.27734375,0.380859375,0.6796875,0.38671875,0.7412109375,0.58984375,0.94921875
white (34).jpg,white,0.27734375,0.380859375,0.6796875,0.38671875,0.7412109375,0.58984375,0.94921875
white (340).jpg,white,0.27734375,0.380859375,0.6796875,0.38671875,0.7412109375,0.58984375,0.94921875
white (341).jpg,white,0.27734375,0.380859375,0.6796875,0.38671875,0.7412109375,0.58984375,0.94921875
white (342).jpg,white,0.27734375,0.380859375,0.6796875,0.38671875,0.7412109375,0.58984375,0.94921875
white (343).jpg,white,0.27734375,0.380859375,0.6796875,0.38671875,0.7412109375,0.58984375,0.94921875
white (344).jpg,white,0.27734375,0.380859375,0.6796875,0.38671875,0.7412109375,0.58984375,0.94921875
white (345).jpg,white,0.27734375,0.380859375,0.6796875,0.38671875,0.7412109375,0.58984375,0.94921875
white (346).jpg,white,0.27734375,0.380859375,0.6796875,0.38671875,0.7412109375,0.58984375,0.94921875
white (347).jpg,white,0.27734375,0.380859375,0.6796875,0.38671875,0.7412109375,0.58984375,0.94921875
white (348).jpg,white,0.353515625,0.4375,0.7490234375,0.427734375,0.744140625,0.587890625,0.92578125
white (349).jpg,white,0.27734375,0.380859375,0.6796875,0.38671875,0.7412109375,0.58984375,0.94921875
white (35).jpg,white,0.27734375,0.380859375,0.6796875,0.38671875,0.7412109375,0.58984375,0.94921875
white (350).jpg,white,0.27734375,0.380859375,0.6796875,0.38671875,0.7412109375,0.58984375,0.94921875
white (351).jpg,white,0.27734375,0.380859375,0.6796875,0.38671875,0.7412109375,0.58984375,0.94921875
white (352).jpg,white,0.27734375,0.380859375,0.6796875,0.38671875,0.7412109375,0.58984375,0.94921875
white (353).jpg,white,0.27734375,0.380859375,0.6796875,0.38671875,0.7412109375,0.58984375,0.94921875
white (354).jpg,white,0.27734375,0.380859375,0.6796875,0.38671875,0.7412109375,0.58984375,0.94921875
white (355).jpg,white,0.27734375,0.380859375,0.6796875,0.38671875,0.7412109375,0.58984375,0.94921875
white (356).jpg,white,0.27734375,0.380859375,0.6796875,0.38671875,0.7412109375,0.58984375,0.94921875
white (357).jpg,white,0.27734375,0.380859375,0.6796875,0.38671875,0.7412109375,0.58984375,0.94921875
white (358).jpg,white,0.27734375,0.380859375,0.6796875,0.38671875,0.7412109375,0.58984375,0.94921875
white (359).jpg,white,0.27734375,0.380859375,0.6796875,0.38671875,0.7412109375,0.58984375,0.94921875
white (36).jpg,white,0.353515625,0.4375,0.7490234375,0.427734375,0.744140625,0.587890625,0.92578125
white (360).jpg,white,0.27734375,0.380859375,0.6796875,0.38671875,0.7412109375,0.58984375,0.94921875
white (361).jpg,white,0.3515625,0.42578125,0.7421875,0.4326171875,0.7421875,0.5849609375,0.931640625
white (362).jpg,white,0.27734375,0.380859375,0.6796875,0.38671875,0.7412109375,0.58984375,0.94921875
white (363).jpg,white,0.27734375,0.380859375,0.6796875,0.38671875,0.7412109375,0.58984375,0.94921875
white (364).jpg,white,0.27734375,0.380859375,0.6796875,0.38671875,0.7412109375,0.58984375,0.94921875
white (365).jpg,white,0.27734375,0.380859375,0.6796875,0.38671875,0.7412109375,0.58984375,0.94921875
white (366).jpg,white,0.27734375,0.380859375,0.6796875,0.38671875,0.7412109375,0.58984375,0.94921875
white (367).jpg,white,0.27734375,0.380859375,0.6796875,0.38671875,0.7412109375,0.58984375,0.94921875
white (368).jpg,white,0.27734375,0.380859375,0.6796875,0.38671875,0.7412109375,0.58984375,0.94921875
white (369).jpg,white,0.27734375,0.380859375,0.6796875,0.38671875,0.7412109375,0.58984375,0.94921875
white (37).jpg,white,0.27734375,0.380859375,0.6796875,0.38671875,0.7412109375,0.58984375,0.94921875
white (370).jpg,white,0.27734375,0.380859375,0.6796875,0.38671875,0.7412109375,0.58984375,0.94921875
white (371).jpg,white,0.27734375,0.380859375,0.6796875,0.38671875,0.7412109375,0.58984375,0.94921875
white (372).jpg,white,0.353515625,0.4375,0.7490234375,0.427734375,0.744140625,0.587890625,0.92578125
white (373).jpg,white,0.27734375,0.380859375,0.6796875,0.38671875,0.7412109375,0.58984375,0.94921875
white (374).jpg,white,0.27734375,0.380859375,0.6796875,0.38671875,0.7412109375,0.58984375,0.94921875
white (375).jpg,white,0.27734375,0.380859375,0.6796875,0.38671875,0.7412109375,0.58984375,0.94921875
white (376).jpg,white,0.27734375,0.380859375,0.6796875,0.38671875,0.7412109375,0.58984375,0.94921875
white (377).jpg,white,0.27734375,0.380859375,0.6796875,0.38671875,0.7412109375,0.58984375,0.94921875
white (378).jpg,white,0.27734375,0.380859375,0.6796875,0.38671875,0.7412109375,0.58984375,0.94921875
white (379).jpg,white,0.27734375,0.380859375,0.6796875,0.38671875,0.7412109375,0.58984375,0.94921875
white (38).jpg,white,0.27734375,0.380859375,0.6796875,0.38671875,0.7412109375,0.58984375,0.94921875
white (380).jpg,white,0.27734375,0.380859375,0.6796875,0.38671875,0.7412109375,0.58984375,0.94921875
white (381).jpg,white,0.27734375,0.380859375,0.6796875,0.38671875,0.7412109375,0.58984375,0.94921875
white (382).jpg,white,0.27734375,0.380859375,0.6796875,0.38671875,0.7412109375,0.58984375,0.94921875
white (383).jpg,white,0.27734375,0.380859375,0.6796875,0.38671875,0.7412109375,0.58984375,0.94921875
white (384).jpg,white,0.27734375,0.380859375,0.6796875,0.38671875,0.7412109375,0.58984375,0.94921875
white (385).jpg,white,0.3515625,0.42578125,0.7421875,0.4326171875,0.7421875,0.5849609375,0.931640625
white (386).jpg,white,0.27734375,0.380859375,0.6796875,0.38671875,0.7412109375,0.58984375,0.94921875
white (387).jpg,white,0.27734375,0.380859375,0.6796875,0.38671875,0.7412109375,0.58984375,0.94921875
white (388).jpg,white,0.27734375,0.380859375,0.6796875,0.38671875,0.7412109375,0.58984375,0.94921875
white (389).jpg,white,0.27734375,0.380859375,0.6796875,0.38671875,0.7412109375,0.58984375,0.94921875
white (39).jpg,white,0.27734375,0.380859375,0.6796875,0.38671875,0.7412109375,0.58984375,0.94921875
white (390).jpg,white,0.27734375,0.380859375,0.6796875,0.38671875,0.7412109375,0.58984375,0.94921875
white (391).jpg,white,0.27734375,0.380859375,0.6796875,0.38671875,0.7412109375,0.58984375,0.94921875
white (392).jpg,white,0.27734375,0.380859375,0.6796875,0.38671875,0.7412109375,0.58984375,0.94921875
white (393).jpg,white,0.27734375,0.380859375,0.6796875,0.38671875,0.7412109375,0.58984375,0.94921875
white (394).jpg,white,0.27734375,0.380859375,0.6796875,0.38671875,0.7412109375,0.58984375,0.94921875
white (395).jpg,white,0.27734375,0.380859375,0.6796875,0.38671875,0.7412109375,0.58984375,0.94921875
white (396).jpg,white,0.353515625,0.4375,0.7490234375,0.427734375,0.744140625,0.587890625,0.92578125
white (397).jpg,white,0.27734375,0.380859375,0.6796875,0.38671875,0.7412109375,0.58984375,0.94921875
white (398).jpg,white,0.27734375,0.380859375,0.6796875,0.38671875,0.7412109375,0.58984375,0.94921875
white (399).jpg,white,0.27734375,0.380859375,0.6796875,0.38671875,0.7412109375,0.58984375,0.94921875
white (4).jpg,white,0.27734375,0.380859375,0.6796875,0.38671875,0.7412109375,0.58984375,0.94921875
white (40).jpg,white,0.27734375,0.380859375,0.6796875,0.38671875,0.7412109375,0.58984375,0.94921875
white (400).jpg,white,0.27734375,0.380859375,0.6796875,0.38671875,0.7412109375,0.58984375,0.94921875
white (401).jpg,white,0.27734375,0.380859375,0.6796875,0.38671875,0.7412109375,0.58984375,0.94921875
white (402).jpg,white,0.27734375,0.380859375,0.6796875,0.38671875,0.7412109375,0.58984375,0.94921875
white (403).jpg,white,0.27734375,0.380859375,0.6796875,0.38671875,0.7412109375,0.58984375,0.94921875
white (404).jpg,white,0.27734375,0.380859375,0.6796875,0.38671875,0.7412109375,0.58984375,0.94921875
white (405).jpg,white,0.27734375,0.380859375,0.6796875,0.38671875,0.7412109375,0.58984375,0.94921875
white (406).jpg,white,0.27734375,0.380859375,0.6796875,0.38671875,0.7412109375,0.58984375,0.94921875
white (407).jpg,white,0.27734375,0.380859375,0.6796875,0.38671875,0.7412109375,0.58984375,0.94921875
white (408).jpg,white,0.27734375,0.380859375,0.6796875,0.38671875,0.7412109375,0.58984375,0.94921875
white (409).jpg,white,0.3515625,0.42578125,0.7421875,0.4326171875,0.7421875,0.5849609375,0.931640625
white (41).jpg,white,0.27734375,0.380859375,0.6796875,0.38671875,0.7412109375,0.58984375,0.94921875
white (410).jpg,white,0.27734375,0.380859375,0.6796875,0.38671875,0.7412109375,0.58984375,0.94921875
white (411).jpg,white,0.27734375,0.380859375,0.6796875,0.38671875,0.7412109375,0.58984375,0.94921875
white (412).jpg,white,0.27734375,0.380859375,0.6796875,0.38671875,0.7412109375,0.58984375,0.94921875
white (413).jpg,white,0.27734375,0.380859375,0.6796875,0.38671875,0.7412109375,0.58984375,0.94921875
white (414).jpg,white,0.27734375,0.380859375,0.6796875,0.38671875,0.7412109375,0.58984375,0.94921875
white (415).jpg,white,0.27734375,0.380859375,0.6796875,0.38671875,0.7412109375,0.58984375,0.94921875
white (416).jpg,white,0.27734375,0.380859375,0.6796875,0.38671875,0.7412109375,0.58984375,0.94921875
white (417).jpg,white,0.27734375,0.380859375,0.6796875,0.38671875,0.7412109375,0.58984375,0.94921875
white (418).jpg,white,0.27734375,0.380859375,0.6796875,0.38671875,0.7412109375,0.58984375,0.94921875
white (419).jpg,white,0.27734375,0.380859375,0.6796875,0.38671875,0.7412109375,0.58984375,0.94921875
white (42).jpg,white,0.27734375,0.380859375,0.6796875,0.38671875,0.7412109375,0.58984375,0.94921875
white (420).jpg,white,0.353515625,0.4375,0.7490234375,0.427734375,0.744140625,0.587890625,0.92578125
white (421).jpg,white,0.27734375,0.380859375,0.6796875,0.38671875,0.7412109375,0.58984375,0.94921875
white (422).jpg,white,0.27734375,0.380859375,0.6796875,0.38671875,0.7412109375,0.58984375,0.94921875
white (423).jpg,white,0.27734375,0.380859375,0.6796875,0.38671875,0.7412109375,0.58984375,0.94921875
white (424).jpg,white,0.27734375,0.380859375,0.6796875,0.38671875,0.7412109375,0.58984375,0.94921875
white (425).jpg,white,0.27734375,0.380859375,0.6796875,0.38671875,0.7412109375,0.58984375,0.94921875
white (426).jpg,white,0.27734375,0.380859375,0.6796875,0.38671875,0.7412109375,0.58984375,0.94921875
white (427).jpg,white,0.27734375,0.380859375,0.6796875,0.38671875,0.7412109375,0.58984375,0.94921875
white (428).jpg,white,0.27734375,0.380859375,0.6796875,0.38671875,0.7412109375,0.58984375,0.94921875
white (429).jpg,white,0.27734375,0.380859375,0.6796875,0.38671875,0.7412109375,0.58984375,0.94921875
white (43).jpg,white,0.27734375,0.380859375,0.6796875,0.38671875,0.7412109375,0.58984375,0.94921875
white (430).jpg,white,0.27734375,0.380859375,0.6796875,0.38671875,0.7412109375,0.58984375,0.94921875
white (431).jpg,white,0.27734375,0.380859375,0.6796875,0.38671875,0.7412109375,0.58984375,0.94921875
white (432).jpg,white,0.27734375,0.380859375,0.6796875,0.38671875,0.7412109375,0.58984375,0.94921875
white (433).jpg,white,0.3515625,0.42578125,0.7421875,0.4326171875,0.7421875,0.5849609375,0.931640625
white (434).jpg,white,0.27734375,0.380859375,0.6796875,0.38671875,0.7412109375,0.58984375,0.94921875
white (435).jpg,white,0.27734375,0.380859375,0.6796875,0.38671875,0.7412109375,0.58984375,0.94921875
white (436).jpg,white,0.27734375,0.380859375,0.6796875,0.38671875,0.7412109375,0.58984375,0.94921875
white (437).jpg,white,0.27734375,0.380859375,0.6796875,0.38671875,0.7412109375,0.58984375,0.94921875
white (438).jpg,white,0.27734375,0.380859375,0.6796875,0.38671875,0.7412109375,0.58984375,0.94921875
white (439).jpg,white,0.27734375,0.380859375,0.6796875,0.38671875,0.7412109375,0.58984375,0.94921875
white (44).jpg,white,0.27734375,0.380859375,0.6796875,0.38671875,0.7412109375,0.58984375,0.94921875
white (440).jpg,white,0.27734375,0.380859375,0.6796875,0.38671875,0.7412109375,0.58984375,0.94921875
white (441).jpg,white,0.27734375,0.380859375,0.6796875,0.38671875,0.7412109375,0.58984375,0.94921875
white (442).jpg,white,0.27734375,0.380859375,0.6796875,0.38671875,0.7412109375,0.58984375,0.94921875
white (443).jpg,white,0.27734375,0.380859375,0.6796875,0.38671875,0.7412109375,0.58984375,0.94921875
white (444).jpg,white,0.353515625,0.4375,0.7490234375,0.427734375,0.744140625,0.587890625,0.92578125
white (445).jpg,white,0.27734375,0.380859375,0.6796875,0.38671875,0.7412109375,0.58984375,0.94921875
white (446).jpg,white,0.27734375,0.380859375,0.6796875,0.38671875,0.7412109375,0.58984375,0.94921875
white (447).jpg,white,0.27734375,0.380859375,0.6796875,0.38671875,0.7412109375,0.58984375,0.94921875
white (448).jpg,white,0.27734375,0.380859375,0.6796875,0.38671875,0.7412109375,0.58984375,0.94921875
white (449).jpg,white,0.27734375,0.380859375,0.6796875,0.38671875,0.7412109375,0.58984375,0.94921875
white (45).jpg,white,0.27734375,0.380859375,0.6796875,0.38671875,0.7412109375,0.58984375,0.94921875
white (450).jpg,white,0.27734375,0.380859375,0.6796875,0.38671875,0.7412109375,0.58984375,0.94921875
white (451).jpg,white,0.27734375,0.380859375,0.6796875,0.38671875,0.7412109375,0.58984375,0.94921875
white (452).jpg,white,0.27734375,0.380859375,0.6796875,0.38671875,0.7412109375,0.58984375,0.94921875
white (453).jpg,white,0.27734375,0.380859375,0.6796875,0.38671875,0.7412109375,0.58984375,0.94921875
white (454).jpg,white,0.27734375,0.380859375,0.6796875,0.38671875,0.7412109375,0.58984375,0.94921875
white (455).jpg,white,0.27734375,0.380859375,0.6796875,0.38671875,0.7412109375,0.58984375,0.94921875
white (456).jpg,white,0.27734375,0.380859375,0.6796875,0.38671875,0.7412109375,0.58984375,0.94921875
white (457).jpg,white,0.3515625,0.42578125,0.7421875,0.4326171875,0.7421875,0.5849609375,0.931640625
white (458).jpg,white,0.27734375,0.380859375,0.6796875,0.38671875,0.7412109375,0.58984375,0.94921875
white (459).jpg,white,0.27734375,0.380859375,0.6796875,0.38671875,0.7412109375,0.58984375,0.94921875
white (46).jpg,white,0.27734375,0.380859375,0.6796875,0.38671875,0.7412109375,0.58984375,0.94921875
white (460).jpg,white,0.27734375,0.380859375,0.6796875,0.38671875,0.7412109375,0.58984375,0.94921875
white (461).jpg,white,0.27734375,0.380859375,0.6796875,0.38671875,0.7412109375,0.58984375,0.94921875
white (462).jpg,white,0.27734375,0.380859375,0.6796875,0.38671875,0.7412109375,0.58984375,0.94921875
white (463).jpg,white,0.27734375,0.380859375,0.6796875,0.38671875,0.7412109375,0.58984375,0.94921875
white (464).jpg,white,0.27734375,0.380859375,0.6796875,0.38671875,0.7412109375,0.58984375,0.94921875
white (465).jpg,white,0.27734375,0.380859375,0.6796875,0.38671875,0.7412109375,0.58984375,0.94921875
white (466).jpg,white,0.27734375,0.380859375,0.6796875,0.38671875,0.7412109375,0.58984375,0.94921875
white (467).jpg,white,0.27734375,0.380859375,0.6796875,0.38671875,0.7412109375,0.58984375,0.94921875
white (468).jpg,white,0.353515625,0.4375,0.7490234375,0.427734375,0.744140625,0.587890625,0.92578125
white (469).jpg,white,0.27734375,0.380859375,0.6796875,0.38671875,0.7412109375,0.58984375,0.94921875
white (47).jpg,white,0.27734375,0.380859375,0.6796875,0.38671875,0.7412109375,0.58984375,0.94921875
white (470).jpg,white,0.27734375,0.380859375,0.6796875,0.38671875,0.7412109375,0.58984375,0.94921875
white (471).jpg,white,0.27734375,0.380859375,0.6796875,0.38671875,0.7412109375,0.58984375,0.94921875
white (472).jpg,white,0.27734375,0.380859375,0.6796875,0.38671875,0.7412109375,0.58984375,0.94921875
white (473).jpg,white,0.27734375,0.380859375,0.6796875,0.38671875,0.7412109375,0.58984375,0.94921875
white (474).jpg,white,0.27734375,0.380859375,0.6796875,0.38671875,0.7412109375,0.58984375,0.94921875
white (475).jpg,white,0.27734375,0.380859375,0.6796875,0.38671875,0.7412109375,0.58984375,0.94921875
white (476).jpg,white,0.27734375,0.380859375,0.6796875,0.38671875,0.7412109375,0.58984375,0.94921875
white (477).jpg,white,0.27734375,0.380859375,0.6796875,0.38671875,0.7412109375,0.58984375,0.94921875
white (478).jpg,white,0.27734375,0.380859375,0.6796875,0.38671875,0.7412109375,0.58984375,0.94921875
white (479).jpg,white,0.27734375,0.380859375,0.6796875,0.38671875,0.7412109375,0.58984375,0.94921875
white (48).jpg,white,0.27734375,0.380859375,0.6796875,0.38671875,0.7412109375,0.58984375,0.94921875
white (480).jpg,white,0.27734375,0.380859375,0.6796875,0.38671875,0.7412109375,0.58984375,0.94921875
white (481).jpg,white,0.3515625,0.42578125,0.7421875,0.4326171875,0.7421875,0.5849609375,0.931640625
white (482).jpg,white,0.27734375,0.380859375,0.6796875,0.38671875,0.7412109375,0.58984375,0.94921875
white (483).jpg,white,0.27734375,0.380859375,0.6796875,0.38671875,0.7412109375,0.58984375,0.94921875
white (484).jpg,white,0.27734375,0.380859375,0.6796875,0.38671875,0.7412109375,0.58984375,0.94921875
white (485).jpg,white,0.27734375,0.380859375,0.6796875,0.38671875,0.7412109375,0.58984375,0.94921875
white (486).jpg,white,0.27734375,0.380859375,0.6796875,0.38671875,0.7412109375,0.58984375,0.94921875
white (487).jpg,white,0.27734375,0.380859375,0.6796875,0.38671875,0.7412109375,0.58984375,0.94921875
white (488).jpg,white,0.27734375,0.380859375,0.6796875,0.38671875,0.7412109375,0.58984375,0.94921875
white (489).jpg,white,0.27734375,0.380859375,0.6796875,0.38671875,0.7412109375,0.58984375,0.94921875
white (49).jpg,white,0.3515625,0.42578125,0.7421875,0.4326171875,0.7421875,0.5849609375,0.931640625
white (490).jpg,white,0.27734375,0.380859375,0.6796875,0.38671875,0.7412109375,0.58984375,0.94921875
white (491).jpg,white,0.27734375,0.380859375,0.6796875,0.38671875,0.7412109375,0.58984375,0.94921875
white (492).jpg,white,0.353515625,0.4375,0.7490234375,0.427734375,0.744140625,0.587890625,0.92578125
white (493).jpg,white,0.27734375,0.380859375,0.6796875,0.38671875,0.7412109375,0.58984375,0.94921875
white (494).jpg,white,0.27734375,0.380859375,0.6796875,0.38671875,0.7412109375,0.58984375,0.94921875
white (495).jpg,white,0.27734375,0.380859375,0.6796875,0.38671875,0.7412109375,0.58984375,0.94921875
white (496).jpg,white,0.27734375,0.380859375,0.6796875,0.38671875,0.7412109375,0.58984375,0.94921875
white (497).jpg,white,0.27734375,0.380859375,0.6796875,0.38671875,0.7412109375,0.58984375,0.94921875
white (498).jpg,white,0.27734375,0.380859375,0.6796875,0.38671875,0.7412109375,0.58984375,0.94921875
white (499).jpg,white,0.27734375,0.380859375,0.6796875,0.38671875,0.7412109375,0.58984375,0.94921875
white (5).jpg,white,0.27734375,0.380859375,0.6796875,0.38671875,0.7412109375,0.58984375,0.94921875
white (50).jpg,white,0.27734375,0.380859375,0.6796875,0.38671875,0.7412109375,0.58984375,0.94921875
white (500).jpg,white,0.27734375,0.380859375,0.6796875,0.38671875,0.7412109375,0.58984375,0.94921875
white (501).jpg,white,0.27734375,0.380859375,0.6796875,0.38671875,0.7412109375,0.58984375,0.94921875
white (502).jpg,white,0.27734375,0.380859375,0.6796875,0.38671875,0.7412109375,0.58984375,0.94921875
white (503).jpg,white,0.27734375,0.380859375,0.6796875,0.38671875,0.7412109375,0.58984375,0.94921875
white (504).jpg,white,0.27734375,0.380859375,0.6796875,0.38671875,0.7412109375,0.58984375,0.94921875
white (505).jpg,white,0.3515625,0.42578125,0.7421875,0.4326171875,0.7421875,0.5849609375,0.931640625
white (506).jpg,white,0.27734375,0.380859375,0.6796875,0.38671875,0.7412109375,0.58984375,0.94921875
white (507).jpg,white,0.27734375,0.380859375,0.6796875,0.38671875,0.7412109375,0.58984375,0.94921875
white (508).jpg,white,0.27734375,0.380859375,0.6796875,0.38671875,0.7412109375,0.58984375,0.94921875
white (509).jpg,white,0.27734375,0.380859375,0.6796875,0.38671875,0.7412109375,0.58984375,0.94921875
white (51).jpg,white,0.27734375,0.380859375,0.6796875,0.38671875,0.7412109375,0.58984375,0.94921875
white (510).jpg,white,0.27734375,0.380859375,0.6796875,0.38671875,0.7412109375,0.58984375,0.94921875
white (511).jpg,white,0.27734375,0.380859375,0.6796875,0.38671875,0.7412109375,0.58984375,0.94921875
white (512).jpg,white,0.27734375,0.380859375,0.6796875,0.38671875,0.7412109375,0.58984375,0.94921875
white (513).jpg,white,0.27734375,0.380859375,0.6796875,0.38671875,0.7412109375,0.58984375,0.94921875
white (514).jpg,white,0.27734375,0.380859375,0.6796875,0.38671875,0.7412109375,0.58984375,0.94921875
white (515).jpg,white,0.27734375,0.380859375,0.6796875,0.38671875,0.7412109375,0.58984375,0.94921875
white (516).jpg,white,0.353515625,0.4375,0.7490234375,0.427734375,0.744140625,0.587890625,0.92578125
white (517).jpg,white,0.27734375,0.380859375,0.6796875,0.38671875,0.7412109375,0.58984375,0.94921875
white (518).jpg,white,0.27734375,0.380859375,0.6796875,0.38671875,0.7412109375,0.58984375,0.94921875
white (519).jpg,white,0.27734375,0.380859375,0.6796875,0.38671875,0.7412109375,0.58984375,0.94921875
white (52).jpg,white,0.27734375,0.380859375,0.6796875,0.38671875,0.7412109375,0.58984375,0.94921875
white (520).jpg,white,0.27734375,0.380859375,0.6796875,0.38671875,0.7412109375,0.58984375,0.94921875
white (521).jpg,white,0.27734375,0.380859375,0.6796875,0.38671875,0.7412109375,0.58984375,0.94921875
white (522).jpg,white,0.27734375,0.380859375,0.6796875,0.38671875,0.7412109375,0.58984375,0.94921875
white (523).jpg,white,0.27734375,0.380859375,0.6796875,0.38671875,0.7412109375,0.58984375,0.94921875
white (524).jpg,white,0.27734375,0.380859375,0.6796875,0.38671875,0.7412109375,0.58984375,0.94921875
white (525).jpg,white,0.27734375,0.380859375,0.6796875,0.38671875,0.7412109375,0.58984375,0.94921875
white (526).jpg,white,0.27734375,0.380859375,0.6796875,0.38671875,0.7412109375,0.58984375,0.94921875
white (527).jpg,white,0.27734375,0.380859375,0.6796875,0.38671875,0.7412109375,0.58984375,0.94921875
white (528).jpg,white,0.27734375,0.380859375,0.6796875,0.38671875,0.7412109375,0.58984375,0.94921875
white (529).jpg,white,0.3515625,0.42578125,0.7421875,0.4326171875,0.7421875,0.5849609375,0.931640625
white (53).jpg,white,0.27734375,0.380859375,0.6796875,0.38671875,0.7412109375,0.58984375,0.94921875
white (530).jpg,white,0.27734375,0.380859375,0.6796875,0.38671875,0.7412109375,0.58984375,0.94921875
white (531).jpg,white,0.27734375,0.380859375,0.6796875,0.38671875,0.7412109375,0.58984375,0.94921875
white (532).jpg,white,0.27734375,0.380859375,0.6796875,0.38671875,0.7412109375,0.58984375,0.94921875
white (533).jpg,white,0.27734375,0.380859375,0.6796875,0.38671875,0.7412109375,0.58984375,0.94921875
white (534).jpg,white,0.27734375,0.380859375,0.6796875,0.38671875,0.7412109375,0.58984375,0.94921875
white (535).jpg,white,0.27734375,0.380859375,0.6796875,0.38671875,0.7412109375,0.58984375,0.94921875
white (536).jpg,white,0.27734375,0.380859375,0.6796875,0.38671875,0.7412109375,0.58984375,0.94921875
white (537).jpg,white,0.27734375,0.380859375,0.6796875,0.38671875,0.7412109375,0.58984375,0.94921875
white (538).jpg,white,0.27734375,0.380859375,0.6796875,0.38671875,0.7412109375,0.58984375,0.94921875
white (539).jpg,white,0.27734375,0.380859375,0.6796875,0.38671875,0.7412109375,0.58984375,0.94921875
white (54).jpg,white,0.27734375,0.380859375,0.6796875,0.38671875,0.7412109375,0.58984375,0.94921875
white (540).jpg,white,0.353515625,0.4375,0.7490234375,0.427734375,0.744140625,0.587890625,0.92578125
white (541).jpg,white,0.27734375,0.380859375,0.6796875,0.38671875,0.7412109375,0.58984375,0.94921875
white (542).jpg,white,0.27734375,0.380859375,0.6796875,0.38671875,0.7412109375,0.58984375,0.94921875
white (543).jpg,white,0.27734375,0.380859375,0.6796875,0.38671875,0.7412109375,0.58984375,0.94921875
white (544).jpg,white,0.27734375,0.380859375,0.6796875,0.38671875,0.7412109375,0.58984375,0.94921875
white (545).jpg,white,0.27734375,0.380859375,0.6796875,0.38671875,0.7412109375,0.58984375,0.94921875
white (546).jpg,white,0.27734375,0.380859375,0.6796875,0.38671875,0.7412109375,0.58984375,0.94921875
white (547).jpg,white,0.27734375,0.380859375,0.6796875,0.38671875,0.7412109375,0.58984375,0.94921875
white (548).jpg,white,0.27734375,0.380859375,0.6796875,0.38671875,0.7412109375,0.58984375,0.94921875
white (549).jpg,white,0.27734375,0.380859375,0.6796875,0.38671875,0.7412109375,0.58984375,0.94921875
white (55).jpg,white,0.27734375,0.380859375,0.6796875,0.38671875,0.7412109375,0.58984375,0.94921875
white (550).jpg,white,0.27734375,0.380859375,0.6796875,0.38671875,0.7412109375,0.58984375,0.94921875
white (551).jpg,white,0.27734375,0.380859375,0.6796875,0.38671875,0.7412109375,0.58984375,0.94921875
white (552).jpg,white,0.27734375,0.380859375,0.6796875,0.38671875,0.7412109375,0.58984375,0.94921875
white (553).jpg,white,0.3515625,0.42578125,0.7421875,0.4326171875,0.7421875,0.5849609375,0.931640625
white (554).jpg,white,0.27734375,0.380859375,0.6796875,0.38671875,0.7412109375,0.58984375,0.94921875
white (555).jpg,white,0.27734375,0.380859375,0.6796875,0.38671875,0.7412109375,0.58984375,0.94921875
white (556).jpg,white,0.27734375,0.380859375,0.6796875,0.38671875,0.7412109375,0.58984375,0.94921875
white (557).jpg,white,0.27734375,0.380859375,0.6796875,0.38671875,0.7412109375,0.58984375,0.94921875
white (558).jpg,white,0.27734375,0.380859375,0.6796875,0.38671875,0.7412109375,0.58984375,0.94921875
white (559).jpg,white,0.27734375,0.380859375,0.6796875,0.38671875,0.7412109375,0.58984375,0.94921875
white (56).jpg,white,0.27734375,0.380859375,0.6796875,0.38671875,0.7412109375,0.58984375,0.94921875
white (560).jpg,white,0.27734375,0.380859375,0.6796875,0.38671875,0.7412109375,0.58984375,0.94921875
white (561).jpg,white,0.27734375,0.380859375,0.6796875,0.38671875,0.7412109375,0.58984375,0.94921875
white (562).jpg,white,0.27734375,0.380859375,0.6796875,0.38671875,0.7412109375,0.58984375,0.94921875
white (563).jpg,white,0.27734375,0.380859375,0.6796875,0.38671875,0.7412109375,0.58984375,0.94921875
white (564).jpg,white,0.353515625,0.4375,0.7490234375,0.427734375,0.744140625,0.587890625,0.92578125
white (565).jpg,white,0.27734375,0.380859375,0.6796875,0.38671875,0.7412109375,0.58984375,0.94921875
white (566).jpg,white,0.27734375,0.380859375,0.6796875,0.38671875,0.7412109375,0.58984375,0.94921875
white (567).jpg,white,0.27734375,0.380859375,0.6796875,0.38671875,0.7412109375,0.58984375,0.94921875
white (568).jpg,white,0.27734375,0.380859375,0.6796875,0.38671875,0.7412109375,0.58984375,0.94921875
white (569).jpg,white,0.27734375,0.380859375,0.6796875,0.38671875,0.7412109375,0.58984375,0.94921875
white (57).jpg,white,0.27734375,0.380859375,0.6796875,0.38671875,0.7412109375,0.58984375,0.94921875
white (570).jpg,white,0.27734375,0.380859375,0.6796875,0.38671875,0.7412109375,0.58984375,0.94921875
white (571).jpg,white,0.27734375,0.380859375,0.6796875,0.38671875,0.7412109375,0.58984375,0.94921875
white (572).jpg,white,0.27734375,0.380859375,0.6796875,0.38671875,0.7412109375,0.58984375,0.94921875
white (573).jpg,white,0.27734375,0.380859375,0.6796875,0.38671875,0.7412109375,0.58984375,0.94921875
white (574).jpg,white,0.27734375,0.380859375,0.6796875,0.38671875,0.7412109375,0.58984375,0.94921875
white (575).jpg,white,0.27734375,0.380859375,0.6796875,0.38671875,0.7412109375,0.58984375,0.94921875
white (576).jpg,white,0.27734375,0.380859375,0.6796875,0.38671875,0.7412109375,0.58984375,0.94921875
white (577).jpg,white,0.3515625,0.42578125,0.7421875,0.4326171875,0.7421875,0.5849609375,0.931640625
white (578).jpg,white,0.27734375,0.380859375,0.6796875,0.38671875,0.7412109375,0.58984375,0.94921875
white (579).jpg,white,0.27734375,0.380859375,0.6796875,0.38671875,0.7412109375,0.58984375,0.94921875
white (58).jpg,white,0.27734375,0.380859375,0.6796875,0.38671875,0.7412109375,0.58984375,0.94921875
white (580).jpg,white,0.27734375,0.380859375,0.6796875,0.38671875,0.7412109375,0.58984375,0.94921875
white (581).jpg,white,0.27734375,0.380859375,0.6796875,0.38671875,0.7412109375,0.58984375,0.94921875
white (582).jpg,white,0.27734375,0.380859375,0.6796875,0.38671875,0.7412109375,0.58984375,0.94921875
white (583).jpg,white,0.27734375,0.380859375,0.6796875,0.38671875,0.7412109375,0.58984375,0.94921875
white (584).jpg,white,0.27734375,0.380859375,0.6796875,0.38671875,0.7412109375,0.58984375,0.94921875
white (585).jpg,white,0.27734375,0.380859375,0.6796875,0.38671875,0.7412109375,0.58984375,0.94921875
white (586).jpg,white,0.27734375,0.380859375,0.6796875,0.38671875,0.7412109375,0.58984375,0.94921875
white (587).jpg,white,0.27734375,0.380859375,0.6796875,0.38671875,0.7412109375,0.58984375,0.94921875
white (588).jpg,white,0.353515625,0.4375,0.7490234375,0.427734375,0.744140625,0.587890625,0.92578125
white (589).jpg,white,0.27734375,0.380859375,0.6796875,0.38671875,0.7412109375,0.58984375,0.94921875
white (59).jpg,white,0.27734375,0.380859375,0.6796875,0.38671875,0.7412109375,0.58984375,0.94921875
white (590).jpg,white,0.27734375,0.380859375,0.6796875,0.38671875,0.7412109375,0.58984375,0.94921875
white (591).jpg,white,0.27734375,0.380859375,0.6796875,0.38671875,0.7412109375,0.58984375,0.94921875
white (592).jpg,white,0.27734375,0.380859375,0.6796875,0.38671875,0.7412109375,0.58984375,0.94921875
white (593).jpg,white,0.27734375,0.380859375,0.6796875,0.38671875,0.7412109375,0.58984375,0.94921875
white (594).jpg,white,0.27734375,0.380859375,0.6796875,0.38671875,0.7412109375,0.58984375,0.94921875
white (595).jpg,white,0.27734375,0.380859375,0.6796875,0.38671875,0.7412109375,0.58984375,0.94921875
white (596).jpg,white,0.27734375,0.380859375,0.6796875,0.38671875,0.7412109375,0.58984375,0.94921875
white (597).jpg,white,0.27734375,0.380859375,0.6796875,0.38671875,0.7412109375,0.58984375,0.94921875
white (598).jpg,white,0.27734375,0.380859375,0.6796875,0.38671875,0.7412109375,0.58984375,0.94921875
white (599).jpg,white,0.27734375,0.380859375,0.6796875,0.38671875,0.7412109375,0.58984375,0.94921875
white (6).jpg,white,0.27734375,0.380859375,0.6796875,0.38671875,0.7412109375,0.58984375,0.94921875
white (60).jpg,white,0.353515625,0.4375,0.7490234375,0.427734375,0.744140625,0.587890625,0.92578125
white (600).jpg,white,0.27734375,0.380859375,0.6796875,0.38671875,0.7412109375,0.58984375,0.94921875
white (601).jpg,white,0.3515625,0.42578125,0.7421875,0.4326171875,0.7421875,0.5849609375,0.931640625
white (602).jpg,white,0.27734375,0.380859375,0.6796875,0.38671875,0.7412109375,0.58984375,0.94921875
white (603).jpg,white,0.27734375,0.380859375,0.6796875,0.38671875,0.7412109375,0.58984375,0.94921875
white (604).jpg,white,0.27734375,0.380859375,0.6796875,0.38671875,0.7412109375,0.58984375,0.94921875
white (605).jpg,white,0.27734375,0.380859375,0.6796875,0.38671875,0.7412109375,0.58984375,0.94921875
white (606).jpg,white,0.27734375,0.380859375,0.6796875,0.38671875,0.7412109375,0.58984375,0.94921875
white (607).jpg,white,0.27734375,0.380859375,0.6796875,0.38671875,0.7412109375,0.58984375,0.94921875
white (608).jpg,white,0.27734375,0.380859375,0.6796875,0.38671875,0.7412109375,0.58984375,0.94921875
white (609).jpg,white,0.27734375,0.380859375,0.6796875,0.38671875,0.7412109375,0.58984375,0.94921875
white (61).jpg,white,0.27734375,0.380859375,0.6796875,0.38671875,0.7412109375,0.58984375,0.94921875
white (610).jpg,white,0.27734375,0.380859375,0.6796875,0.38671875,0.7412109375,0.58984375,0.94921875
white (611).jpg,white,0.27734375,0.380859375,0.6796875,0.38671875,0.7412109375,0.58984375,0.94921875
white (612).jpg,white,0.353515625,0.4375,0.7490234375,0.427734375,0.744140625,0.587890625,0.92578125
white (613).jpg,white,0.27734375,0.380859375,0.6796875,0.38671875,0.7412109375,0.58984375,0.94921875
white (614).jpg,white,0.27734375,0.380859375,0.6796875,0.38671875,0.7412109375,0.58984375,0.94921875
white (615).jpg,white,0.27734375,0.380859375,0.6796875,0.38671875,0.7412109375,0.58984375,0.94921875
white (616).jpg,white,0.27734375,0.380859375,0.6796875,0.38671875,0.7412109375,0.58984375,0.94921875
white (617).jpg,white,0.27734375,0.380859375,0.6796875,0.38671875,0.7412109375,0.58984375,0.94921875
white (618).jpg,white,0.27734375,0.380859375,0.6796875,0.38671875,0.7412109375,0.58984375,0.94921875
white (619).jpg,white,0.27734375,0.380859375,0.6796875,0.38671875,0.7412109375,0.58984375,0.94921875
white (62).jpg,white,0.27734375,0.380859375,0.6796875,0.38671875,0.7412109375,0.58984375,0.94921875
white (620).jpg,white,0.27734375,0.380859375,0.6796875,0.38671875,0.7412109375,0.58984375,0.94921875
white (621).jpg,white,0.27734375,0.380859375,0.6796875,0.38671875,0.7412109375,0.58984375,0.94921875
white (622).jpg,white,0.27734375,0.380859375,0.6796875,0.38671875,0.7412109375,0.58984375,0.94921875
white (623).jpg,white,0.27734375,0.380859375,0.6796875,0.38671875,0.7412109375,0.58984375,0.94921875
white (624).jpg,white,0.27734375,0.380859375,0.6796875,0.38671875,0.7412109375,0.58984375,0.94921875
white (625).jpg,white,0.3515625,0.42578125,0.7421875,0.4326171875,0.7421875,0.5849609375,0.931640625
white (626).jpg,white,0.27734375,0.380859375,0.6796875,0.38671875,0.7412109375,0.58984375,0.94921875
white (627).jpg,white,0.27734375,0.380859375,0.6796875,0.38671875,0.7412109375,0.58984375,0.94921875
white (628).jpg,white,0.27734375,0.380859375,0.6796875,0.38671875,0.7412109375,0.58984375,0.94921875
white (629).jpg,white,0.27734375,0.380859375,0.6796875,0.38671875,0.7412109375,0.58984375,0.94921875
white (63).jpg,white,0.27734375,0.380859375,0.6796875,0.38671875,0.7412109375,0.58984375,0.94921875
white (630).jpg,white,0.27734375,0.380859375,0.6796875,0.38671875,0.7412109375,0.58984375,0.94921875
white (631).jpg,white,0.27734375,0.380859375,0.6796875,0.38671875,0.7412109375,0.58984375,0.94921875
white (632).jpg,white,0.27734375,0.380859375,0.6796875,0.38671875,0.7412109375,0.58984375,0.94921875
white (633).jpg,white,0.27734375,0.380859375,0.6796875,0.38671875,0.7412109375,0.58984375,0.94921875
white (634).jpg,white,0.27734375,0.380859375,0.6796875,0.38671875,0.7412109375,0.58984375,0.94921875
white (635).jpg,white,0.27734375,0.380859375,0.6796875,0.38671875,0.7412109375,0.58984375,0.94921875
white (636).jpg,white,0.353515625,0.4375,0.7490234375,0.427734375,0.744140625,0.587890625,0.92578125
white (637).jpg,white,0.27734375,0.380859375,0.6796875,0.38671875,0.7412109375,0.58984375,0.94921875
white (638).jpg,white,0.27734375,0.380859375,0.6796875,0.38671875,0.7412109375,0.58984375,0.94921875
white (639).jpg,white,0.27734375,0.380859375,0.6796875,0.38671875,0.7412109375,0.58984375,0.94921875
white (64).jpg,white,0.27734375,0.380859375,0.6796875,0.38671875,0.7412109375,0.58984375,0.94921875
white (640).jpg,white,0.27734375,0.380859375,0.6796875,0.38671875,0.7412109375,0.58984375,0.94921875
white (641).jpg,white,0.27734375,0.380859375,0.6796875,0.38671875,0.7412109375,0.58984375,0.94921875
white (642).jpg,white,0.27734375,0.380859375,0.6796875,0.38671875,0.7412109375,0.58984375,0.94921875
white (643).jpg,white,0.27734375,0.380859375,0.6796875,0.38671875,0.7412109375,0.58984375,0.94921875
white (644).jpg,white,0.27734375,0.380859375,0.6796875,0.38671875,0.7412109375,0.58984375,0.94921875
white (645).jpg,white,0.27734375,0.380859375,0.6796875,0.38671875,0.7412109375,0.58984375,0.94921875
white (646).jpg,white,0.27734375,0.380859375,0.6796875,0.38671875,0.7412109375,0.58984375,0.94921875
white (647).jpg,white,0.27734375,0.380859375,0.6796875,0.38671875,0.7412109375,0.58984375,0.94921875
white (648).jpg,white,0.27734375,0.380859375,0.6796875,0.38671875,0.7412109375,0.58984375,0.94921875
white (649).jpg,white,0.3515625,0.42578125,0.7421875,0.4326171875,0.7421875,0.5849609375,0.931640625
white (65).jpg,white,0.27734375,0.380859375,0.6796875,0.38671875,0.7412109375,0.58984375,0.94921875
white (650).jpg,white,0.27734375,0.380859375,0.6796875,0.38671875,0.7412109375,0.58984375,0.94921875
white (651).jpg,white,0.27734375,0.380859375,0.6796875,0.38671875,0.7412109375,0.58984375,0.94921875
white (652).jpg,white,0.27734375,0.380859375,0.6796875,0.38671875,0.7412109375,0.58984375,0.94921875
white (653).jpg,white,0.27734375,0.380859375,0.6796875,0.38671875,0.7412109375,0.58984375,0.94921875
white (654).jpg,white,0.27734375,0.380859375,0.6796875,0.38671875,0.7412109375,0.58984375,0.94921875
white (655).jpg,white,0.27734375,0.380859375,0.6796875,0.38671875,0.7412109375,0.58984375,0.94921875
white (656).jpg,white,0.27734375,0.380859375,0.6796875,0.38671875,0.7412109375,0.58984375,0.94921875
white (657).jpg,white,0.27734375,0.380859375,0.6796875,0.38671875,0.7412109375,0.58984375,0.94921875
white (658).jpg,white,0.27734375,0.380859375,0.6796875,0.38671875,0.7412109375,0.58984375,0.94921875
white (659).jpg,white,0.27734375,0.380859375,0.6796875,0.38671875,0.7412109375,0.58984375,0.94921875
white (66).jpg,white,0.27734375,0.380859375,0.6796875,0.38671875,0.7412109375,0.58984375,0.94921875
white (660).jpg,white,0.353515625,0.4375,0.7490234375,0.427734375,0.744140625,0.587890625,0.92578125
white (661).jpg,white,0.27734375,0.380859375,0.6796875,0.38671875,0.7412109375,0.58984375,0.94921875
white (662).jpg,white,0.27734375,0.380859375,0.6796875,0.38671875,0.7412109375,0.58984375,0.94921875
white (663).jpg,white,0.27734375,0.380859375,0.6796875,0.38671875,0.7412109375,0.58984375,0.94921875
white (664).jpg,white,0.27734375,0.380859375,0.6796875,0.38671875,0.7412109375,0.58984375,0.94921875
white (665).jpg,white,0.27734375,0.380859375,0.6796875,0.38671875,0.7412109375,0.58984375,0.94921875
white (666).jpg,white,0.27734375,0.380859375,0.6796875,0.38671875,0.7412109375,0.58984375,0.94921875
white (667).jpg,white,0.27734375,0.380859375,0.6796875,0.38671875,0.7412109375,0.58984375,0.94921875
white (668).jpg,white,0.27734375,0.380859375,0.6796875,0.38671875,0.7412109375,0.58984375,0.94921875
white (669).jpg,white,0.27734375,0.380859375,0.6796875,0.38671875,0.7412109375,0.58984375,0.94921875
white (67).jpg,white,0.27734375,0.380859375,0.6796875,0.38671875,0.7412109375,0.58984375,0.94921875
white (670).jpg,white,0.27734375,0.380859375,0.6796875,0.38671875,0.7412109375,0.58984375,0.94921875
white (671).jpg,white,0.27734375,0.380859375,0.6796875,0.38671875,0.7412109375,0.58984375,0.94921875
white (672).jpg,white,0.27734375,0.380859375,0.6796875,0.38671875,0.7412109375,0.58984375,0.94921875
white (673).jpg,white,0.3515625,0.42578125,0.7421875,0.4326171875,0.7421875,0.5849609375,0.931640625
white (674).jpg,white,0.27734375,0.380859375,0.6796875,0.38671875,0.7412109375,0.58984375,0.94921875
white (675).jpg,white,0.27734375,0.380859375,0.6796875,0.38671875,0.7412109375,0.58984375,0.94921875
white (676).jpg,white,0.27734375,0.380859375,0.6796875,0.38671875,0.7412109375,0.58984375,0.94921875
white (677).jpg,white,0.27734375,0.380859375,0.6796875,0.38671875,0.7412109375,0.58984375,0.94921875
white (678).jpg,white,0.27734375,0.380859375,0.6796875,0.38671875,0.7412109375,0.58984375,0.94921875
white (679).jpg,white,0.27734375,0.380859375,0.6796875,0.38671875,0.7412109375,0.58984375,0.94921875
white (68).jpg,white,0.27734375,0.380859375,0.6796875,0.38671875,0.7412109375,0.58984375,0.94921875
white (680).jpg,white,0.27734375,0.380859375,0.6796875,0.38671875,0.7412109375,0.58984375,0.94921875
white (681).jpg,white,0.27734375,0.380859375,0.6796875,0.38671875,0.7412109375,0.58984375,0.94921875
white (682).jpg,white,0.27734375,0.380859375,0.6796875,0.38671875,0.7412109375,0.58984375,0.94921875
white (683).jpg,white,0.27734375,0.380859375,0.6796875,0.38671875,0.7412109375,0.58984375,0.94921875
white (684).jpg,white,0.353515625,0.4375,0.7490234375,0.427734375,0.744140625,0.587890625,0.92578125
white (685).jpg,white,0.27734375,0.380859375,0.6796875,0.38671875,0.7412109375,0.58984375,0.94921875
white (686).jpg,white,0.27734375,0.380859375,0.6796875,0.38671875,0.7412109375,0.58984375,0.94921875
white (687).jpg,white,0.27734375,0.380859375,0.6796875,0.38671875,0.7412109375,0.58984375,0.94921875
white (688).jpg,white,0.27734375,0.380859375,0.6796875,0.38671875,0.7412109375,0.58984375,0.94921875
white (689).jpg,white,0.27734375,0.380859375,0.6796875,0.38671875,0.7412109375,0.58984375,0.94921875
white (69).jpg,white,0.27734375,0.380859375,0.6796875,0.38671875,0.7412109375,0.58984375,0.94921875
white (690).jpg,white,0.27734375,0.380859375,0.6796875,0.38671875,0.7412109375,0.58984375,0.94921875
white (691).jpg,white,0.27734375,0.380859375,0.6796875,0.38671875,0.7412109375,0.58984375,0.94921875
white (692).jpg,white,0.27734375,0.380859375,0.6796875,0.38671875,0.7412109375,0.58984375,0.94921875
white (693).jpg,white,0.27734375,0.380859375,0.6796875,0.38671875,0.7412109375,0.58984375,0.94921875
white (694).jpg,white,0.27734375,0.380859375,0.6796875,0.38671875,0.7412109375,0.58984375,0.94921875
white (695).jpg,white,0.27734375,0.380859375,0.6796875,0.38671875,0.7412109375,0.58984375,0.94921875
white (696).jpg,white,0.27734375,0.380859375,0.6796875,0.38671875,0.7412109375,0.58984375,0.94921875
white (697).jpg,white,0.3515625,0.42578125,0.7421875,0.4326171875,0.7421875,0.5849609375,0.931640625
white (698).jpg,white,0.27734375,0.380859375,0.6796875,0.38671875,0.7412109375,0.58984375,0.94921875
white (699).jpg,white,0.27734375,0.380859375,0.6796875,0.38671875,0.7412109375,0.58984375,0.94921875
white (7).jpg,white,0.27734375,0.380859375,0.6796875,0.38671875,0.7412109375,0.58984375,0.94921875
white (70).jpg,white,0.27734375,0.380859375,0.6796875,0.38671875,0.7412109375,0.58984375,0.94921875
white (700).jpg,white,0.27734375,0.380859375,0.6796875,0.38671875,0.7412109375,0.58984375,0.94921875
white (701).jpg,white,0.27734375,0.380859375,0.6796875,0.38671875,0.7412109375,0.58984375,0.94921875
white (702).jpg,white,0.27734375,0.380859375,0.6796875,0.38671875,0.7412109375,0.58984375,0.94921875
white (703).jpg,white,0.27734375,0.380859375,0.6796875,0.38671875,0.7412109375,0.58984375,0.94921875
white (704).jpg,white,0.27734375,0.380859375,0.6796875,0.38671875,0.7412109375,0.58984375,0.94921875
white (705).jpg,white,0.27734375,0.380859375,0.6796875,0.38671875,0.7412109375,0.58984375,0.94921875
white (706).jpg,white,0.27734375,0.380859375,0.6796875,0.38671875,0.7412109375,0.58984375,0.94921875
white (707).jpg,white,0.27734375,0.380859375,0.6796875,0.38671875,0.7412109375,0.58984375,0.94921875
white (708).jpg,white,0.353515625,0.4375,0.7490234375,0.427734375,0.744140625,0.587890625,0.92578125
white (709).jpg,white,0.27734375,0.380859375,0.6796875,0.38671875,0.7412109375,0.58984375,0.94921875
white (71).jpg,white,0.27734375,0.380859375,0.6796875,0.38671875,0.7412109375,0.58984375,0.94921875
white (710).jpg,white,0.27734375,0.380859375,0.6796875,0.38671875,0.7412109375,0.58984375,0.94921875
white (711).jpg,white,0.27734375,0.380859375,0.6796875,0.38671875,0.7412109375,0.58984375,0.94921875
white (712).jpg,white,0.27734375,0.380859375,0.6796875,0.38671875,0.7412109375,0.58984375,0.94921875
white (713).jpg,white,0.27734375,0.380859375,0.6796875,0.38671875,0.7412109375,0.58984375,0.94921875
white (714).jpg,white,0.27734375,0.380859375,0.6796875,0.38671875,0.7412109375,0.58984375,0.94921875
white (715).jpg,white,0.27734375,0.380859375,0.6796875,0.38671875,0.7412109375,0.58984375,0.94921875
white (716).jpg,white,0.27734375,0.380859375,0.6796875,0.38671875,0.7412109375,0.58984375,0.94921875
white (717).jpg,white,0.27734375,0.380859375,0.6796875,0.38671875,0.7412109375,0.58984375,0.94921875
white (718).jpg,white,0.27734375,0.380859375,0.6796875,0.38671875,0.7412109375,0.58984375,0.94921875
white (719).jpg,white,0.27734375,0.380859375,0.6796875,0.38671875,0.7412109375,0.58984375,0.94921875
white (72).jpg,white,0.27734375,0.380859375,0.6796875,0.38671875,0.7412109375,0.58984375,0.94921875
white (720).jpg,white,0.27734375,0.380859375,0.6796875,0.38671875,0.7412109375,0.58984375,0.94921875
white (721).jpg,white,0.3515625,0.42578125,0.7421875,0.4326171875,0.7421875,0.5849609375,0.931640625
white (722).jpg,white,0.27734375,0.380859375,0.6796875,0.38671875,0.7412109375,0.58984375,0.94921875
white (723).jpg,white,0.27734375,0.380859375,0.6796875,0.38671875,0.7412109375,0.58984375,0.94921875
white (724).jpg,white,0.27734375,0.380859375,0.6796875,0.38671875,0.7412109375,0.58984375,0.94921875
white (725).jpg,white,0.27734375,0.380859375,0.6796875,0.38671875,0.7412109375,0.58984375,0.94921875
white (726).jpg,white,0.27734375,0.380859375,0.6796875,0.38671875,0.7412109375,0.58984375,0.94921875
white (727).jpg,white,0.27734375,0.380859375,0.6796875,0.38671875,0.7412109375,0.58984375,0.94921875
white (728).jpg,white,0.27734375,0.380859375,0.6796875,0.38671875,0.7412109375,0.58984375,0.94921875
white (729).jpg,white,0.27734375,0.380859375,0.6796875,0.38671875,0.7412109375,0.58984375,0.94921875
white (73).jpg,white,0.3515625,0.42578125,0.7421875,0.4326171875,0.7421875,0.5849609375,0.931640625
white (730).jpg,white,0.27734375,0.380859375,0.6796875,0.38671875,0.7412109375,0.58984375,0.94921875
white (731).jpg,white,0.27734375,0.380859375,0.6796875,0.38671875,0.7412109375,0.58984375,0.94921875
white (732).jpg,white,0.353515625,0.4375,0.7490234375,0.427734375,0.744140625,0.587890625,0.92578125
white (733).jpg,white,0.27734375,0.380859375,0.6796875,0.38671875,0.7412109375,0.58984375,0.94921875
white (734).jpg,white,0.27734375,0.380859375,0.6796875,0.38671875,0.7412109375,0.58984375,0.94921875
white (735).jpg,white,0.27734375,0.380859375,0.6796875,0.38671875,0.7412109375,0.58984375,0.94921875
white (736).jpg,white,0.27734375,0.380859375,0.6796875,0.38671875,0.7412109375,0.58984375,0.94921875
white (737).jpg,white,0.27734375,0.380859375,0.6796875,0.38671875,0.7412109375,0.58984375,0.94921875
white (738).jpg,white,0.27734375,0.380859375,0.6796875,0.38671875,0.7412109375,0.58984375,0.94921875
white (739).jpg,white,0.27734375,0.380859375,0.6796875,0.38671875,0.7412109375,0.58984375,0.94921875
white (74).jpg,white,0.27734375,0.380859375,0.6796875,0.38671875,0.7412109375,0.58984375,0.94921875
white (740).jpg,white,0.27734375,0.380859375,0.6796875,0.38671875,0.7412109375,0.58984375,0.94921875
white (741).jpg,white,0.27734375,0.380859375,0.6796875,0.38671875,0.7412109375,0.58984375,0.94921875
white (742).jpg,white,0.27734375,0.380859375,0.6796875,0.38671875,0.7412109375,0.58984375,0.94921875
white (743).jpg,white,0.27734375,0.380859375,0.6796875,0.38671875,0.7412109375,0.58984375,0.94921875
white (744).jpg,white,0.27734375,0.380859375,0.6796875,0.38671875,0.7412109375,0.58984375,0.94921875
white (745).jpg,white,0.3515625,0.42578125,0.7421875,0.4326171875,0.7421875,0.5849609375,0.931640625
white (746).jpg,white,0.27734375,0.380859375,0.6796875,0.38671875,0.7412109375,0.58984375,0.94921875
white (747).jpg,white,0.27734375,0.380859375,0.6796875,0.38671875,0.7412109375,0.58984375,0.94921875
white (748).jpg,white,0.27734375,0.380859375,0.6796875,0.38671875,0.7412109375,0.58984375,0.94921875
white (749).jpg,white,0.27734375,0.380859375,0.6796875,0.38671875,0.7412109375,0.58984375,0.94921875
white (75).jpg,white,0.27734375,0.380859375,0.6796875,0.38671875,0.7412109375,0.58984375,0.94921875
white (750).jpg,white,0.27734375,0.380859375,0.6796875,0.38671875,0.7412109375,0.58984375,0.94921875
white (751).jpg,white,0.27734375,0.380859375,0.6796875,0.38671875,0.7412109375,0.58984375,0.94921875
white (752).jpg,white,0.27734375,0.380859375,0.6796875,0.38671875,0.7412109375,0.58984375,0.94921875
white (753).jpg,white,0.27734375,0.380859375,0.6796875,0.38671875,0.7412109375,0.58984375,0.94921875
white (754).jpg,white,0.27734375,0.380859375,0.6796875,0.38671875,0.7412109375,0.58984375,0.94921875
white (755).jpg,white,0.27734375,0.380859375,0.6796875,0.38671875,0.7412109375,0.58984375,0.94921875
white (756).jpg,white,0.353515625,0.4375,0.7490234375,0.427734375,0.744140625,0.587890625,0.92578125
white (757).jpg,white,0.27734375,0.380859375,0.6796875,0.38671875,0.7412109375,0.58984375,0.94921875
white (758).jpg,white,0.27734375,0.380859375,0.6796875,0.38671875,0.7412109375,0.58984375,0.94921875
white (759).jpg,white,0.27734375,0.380859375,0.6796875,0.38671875,0.7412109375,0.58984375,0.94921875
white (76).jpg,white,0.27734375,0.380859375,0.6796875,0.38671875,0.7412109375,0.58984375,0.94921875
white (760).jpg,white,0.27734375,0.380859375,0.6796875,0.38671875,0.7412109375,0.58984375,0.94921875
white (761).jpg,white,0.27734375,0.380859375,0.6796875,0.38671875,0.7412109375,0.58984375,0.94921875
white (762).jpg,white,0.27734375,0.380859375,0.6796875,0.38671875,0.7412109375,0.58984375,0.94921875
white (763).jpg,white,0.27734375,0.380859375,0.6796875,0.38671875,0.7412109375,0.58984375,0.94921875
white (764).jpg,white,0.27734375,0.380859375,0.6796875,0.38671875,0.7412109375,0.58984375,0.94921875
white (765).jpg,white,0.27734375,0.380859375,0.6796875,0.38671875,0.7412109375,0.58984375,0.94921875
white (766).jpg,white,0.27734375,0.380859375,0.6796875,0.38671875,0.7412109375,0.58984375,0.94921875
white (767).jpg,white,0.27734375,0.380859375,0.6796875,0.38671875,0.7412109375,0.58984375,0.94921875
white (768).jpg,white,0.27734375,0.380859375,0.6796875,0.38671875,0.7412109375,0.58984375,0.94921875
white (769).jpg,white,0.3515625,0.42578125,0.7421875,0.4326171875,0.7421875,0.5849609375,0.931640625
white (77).jpg,white,0.27734375,0.380859375,0.6796875,0.38671875,0.7412109375,0.58984375,0.94921875
white (770).jpg,white,0.27734375,0.380859375,0.6796875,0.38671875,0.7412109375,0.58984375,0.94921875
white (771).jpg,white,0.27734375,0.380859375,0.6796875,0.38671875,0.7412109375,0.58984375,0.94921875
white (772).jpg,white,0.27734375,0.380859375,0.6796875,0.38671875,0.7412109375,0.58984375,0.94921875
white (773).jpg,white,0.27734375,0.380859375,0.6796875,0.38671875,0.7412109375,0.58984375,0.94921875
white (774).jpg,white,0.27734375,0.380859375,0.6796875,0.38671875,0.7412109375,0.58984375,0.94921875
white (775).jpg,white,0.27734375,0.380859375,0.6796875,0.38671875,0.7412109375,0.58984375,0.94921875
white (776).jpg,white,0.27734375,0.380859375,0.6796875,0.38671875,0.7412109375,0.58984375,0.94921875
white (777).jpg,white,0.27734375,0.380859375,0.6796875,0.38671875,0.7412109375,0.58984375,0.94921875
white (778).jpg,white,0.27734375,0.380859375,0.6796875,0.38671875,0.7412109375,0.58984375,0.94921875
white (779).jpg,white,0.27734375,0.380859375,0.6796875,0.38671875,0.7412109375,0.58984375,0.94921875
white (78).jpg,white,0.27734375,0.380859375,0.6796875,0.38671875,0.7412109375,0.58984375,0.94921875
white (780).jpg,white,0.353515625,0.4375,0.7490234375,0.427734375,0.744140625,0.587890625,0.92578125
white (781).jpg,white,0.27734375,0.380859375,0.6796875,0.38671875,0.7412109375,0.58984375,0.94921875
white (782).jpg,white,0.27734375,0.380859375,0.6796875,0.38671875,0.7412109375,0.58984375,0.94921875
white (783).jpg,white,0.27734375,0.380859375,0.6796875,0.38671875,0.7412109375,0.58984375,0.94921875
white (784).jpg,white,0.27734375,0.380859375,0.6796875,0.38671875,0.7412109375,0.58984375,0.94921875
white (785).jpg,white,0.27734375,0.380859375,0.6796875,0.38671875,0.7412109375,0.58984375,0.94921875
white (786).jpg,white,0.27734375,0.380859375,0.6796875,0.38671875,0.7412109375,0.58984375,0.94921875
white (787).jpg,white,0.27734375,0.380859375,0.6796875,0.38671875,0.7412109375,0.58984375,0.94921875
white (788).jpg,white,0.27734375,0.380859375,0.6796875,0.38671875,0.7412109375,0.58984375,0.94921875
white (789).jpg,white,0.27734375,0.380859375,0.6796875,0.38671875,0.7412109375,0.58984375,0.94921875
white (79).jpg,white,0.27734375,0.380859375,0.6796875,0.38671875,0.7412109375,0.58984375,0.94921875
white (790).jpg,white,0.27734375,0.380859375,0.6796875,0.38671875,0.7412109375,0.58984375,0.94921875
white (791).jpg,white,0.27734375,0.380859375,0.6796875,0.38671875,0.7412109375,0.58984375,0.94921875
white (792).jpg,white,0.27734375,0.380859375,0.6796875,0.38671875,0.7412109375,0.58984375,0.94921875
white (793).jpg,white,0.3515625,0.42578125,0.7421875,0.4326171875,0.7421875,0.5849609375,0.931640625
white (794).jpg,white,0.27734375,0.380859375,0.6796875,0.38671875,0.7412109375,0.58984375,0.94921875
white (795).jpg,white,0.27734375,0.380859375,0.6796875,0.38671875,0.7412109375,0.58984375,0.94921875
white (796).jpg,white,0.27734375,0.380859375,0.6796875,0.38671875,0.7412109375,0.58984375,0.94921875
white (797).jpg,white,0.27734375,0.380859375,0.6796875,0.38671875,0.7412109375,0.58984375,0.94921875
white (798).jpg,white,0.27734375,0.380859375,0.6796875,0.38671875,0.7412109375,0.58984375,0.94921875
white (799).jpg,white,0.27734375,0.380859375,0.6796875,0.38671875,0.7412109375,0.58984375,0.94921875
white (8).jpg,white,0.27734375,0.380859375,0.6796875,0.38671875,0.7412109375,0.58984375,0.94921875
white (80).jpg,white,0.27734375,0.380859375,0.6796875,0.38671875,0.7412109375,0.58984375,0.94921875
white (800).jpg,white,0.27734375,0.380859375,0.6796875,0.38671875,0.7412109375,0.58984375,0.94921875
white (801).jpg,white,0.27734375,0.380859375,0.6796875,0.38671875,0.7412109375,0.58984375,0.94921875
white (802).jpg,white,0.27734375,0.380859375,0.6796875,0.38671875,0.7412109375,0.58984375,0.94921875
white (803).jpg,white,0.27734375,0.380859375,0.6796875,0.38671875,0.7412109375,0.58984375,0.94921875
white (804).jpg,white,0.353515625,0.4375,0.7490234375,0.427734375,0.744140625,0.587890625,0.92578125
white (805).jpg,white,0.27734375,0.380859375,0.6796875,0.38671875,0.7412109375,0.58984375,0.94921875
white (806).jpg,white,0.27734375,0.380859375,0.6796875,0.38671875,0.7412109375,0.58984375,0.94921875
white (807).jpg,white,0.27734375,0.380859375,0.6796875,0.38671875,0.7412109375,0.58984375,0.94921875
white (808).jpg,white,0.27734375,0.380859375,0.6796875,0.38671875,0.7412109375,0.58984375,0.94921875
white (809).jpg,white,0.27734375,0.380859375,0.6796875,0.38671875,0.7412109375,0.58984375,0.94921875
white (81).jpg,white,0.27734375,0.380859375,0.6796875,0.38671875,0.7412109375,0.58984375,0.94921875
white (810).jpg,white,0.27734375,0.380859375,0.6796875,0.38671875,0.7412109375,0.58984375,0.94921875
white (811).jpg,white,0.27734375,0.380859375,0.6796875,0.38671875,0.7412109375,0.58984375,0.94921875
white (812).jpg,white,0.27734375,0.380859375,0.6796875,0.38671875,0.7412109375,0.58984375,0.94921875
white (813).jpg,white,0.27734375,0.380859375,0.6796875,0.38671875,0.7412109375,0.58984375,0.94921875
white (814).jpg,white,0.27734375,0.380859375,0.6796875,0.38671875,0.7412109375,0.58984375,0.94921875
white (815).jpg,white,0.27734375,0.380859375,0.6796875,0.38671875,0.7412109375,0.58984375,0.94921875
white (816).jpg,white,0.27734375,0.380859375,0.6796875,0.38671875,0.7412109375,0.58984375,0.94921875
white (817).jpg,white,0.3515625,0.42578125,0.7421875,0.4326171875,0.7421875,0.5849609375,0.931640625
white (818).jpg,white,0.27734375,0.380859375,0.6796875,0.38671875,0.7412109375,0.58984375,0.94921875
white (819).jpg,white,0.27734375,0.380859375,0.6796875,0.38671875,0.7412109375,0.58984375,0.94921875
white (82).jpg,white,0.27734375,0.380859375,0.6796875,0.38671875,0.7412109375,0.58984375,0.94921875
white (820).jpg,white,0.27734375,0.380859375,0.6796875,0.38671875,0.7412109375,0.58984375,0.94921875
white (821).jpg,white,0.27734375,0.380859375,0.6796875,0.38671875,0.7412109375,0.58984375,0.94921875
white (822).jpg,white,0.27734375,0.380859375,0.6796875,0.38671875,0.7412109375,0.58984375,0.94921875
white (823).jpg,white,0.27734375,0.380859375,0.6796875,0.38671875,0.7412109375,0.58984375,0.94921875
white (824).jpg,white,0.27734375,0.380859375,0.6796875,0.38671875,0.7412109375,0.58984375,0.94921875
white (825).jpg,white,0.27734375,0.380859375,0.6796875,0.38671875,0.7412109375,0.58984375,0.94921875
white (826).jpg,white,0.27734375,0.380859375,0.6796875,0.38671875,0.7412109375,0.58984375,0.94921875
white (827).jpg,white,0.27734375,0.380859375,0.6796875,0.38671875,0.7412109375,0.58984375,0.94921875
white (828).jpg,white,0.353515625,0.4375,0.7490234375,0.427734375,0.744140625,0.587890625,0.92578125
white (829).jpg,white,0.27734375,0.380859375,0.6796875,0.38671875,0.7412109375,0.58984375,0.94921875
white (83).jpg,white,0.27734375,0.380859375,0.6796875,0.38671875,0.7412109375,0.58984375,0.94921875
white (830).jpg,white,0.27734375,0.380859375,0.6796875,0.38671875,0.7412109375,0.58984375,0.94921875
white (831).jpg,white,0.27734375,0.380859375,0.6796875,0.38671875,0.7412109375,0.58984375,0.94921875
white (832).jpg,white,0.27734375,0.380859375,0.6796875,0.38671875,0.7412109375,0.58984375,0.94921875
white (833).jpg,white,0.27734375,0.380859375,0.6796875,0.38671875,0.7412109375,0.58984375,0.94921875
white (834).jpg,white,0.27734375,0.380859375,0.6796875,0.38671875,0.7412109375,0.58984375,0.94921875
white (835).jpg,white,0.27734375,0.380859375,0.6796875,0.38671875,0.7412109375,0.58984375,0.94921875
white (836).jpg,white,0.27734375,0.380859375,0.6796875,0.38671875,0.7412109375,0.58984375,0.94921875
white (837).jpg,white,0.27734375,0.380859375,0.6796875,0.38671875,0.7412109375,0.58984375,0.94921875
white (838).jpg,white,0.27734375,0.380859375,0.6796875,0.38671875,0.7412109375,0.58984375,0.94921875
white (839).jpg,white,0.27734375,0.380859375,0.6796875,0.38671875,0.7412109375,0.58984375,0.94921875
white (84).jpg,white,0.353515625,0.4375,0.7490234375,0.427734375,0.744140625,0.587890625,0.92578125
white (840).jpg,white,0.27734375,0.380859375,0.6796875,0.38671875,0.7412109375,0.58984375,0.94921875
white (841).jpg,white,0.3515625,0.42578125,0.7421875,0.4326171875,0.7421875,0.5849609375,0.931640625
white (842).jpg,white,0.27734375,0.380859375,0.6796875,0.38671875,0.7412109375,0.58984375,0.94921875
white (843).jpg,white,0.27734375,0.380859375,0.6796875,0.38671875,0.7412109375,0.58984375,0.94921875
white (844).jpg,white,0.27734375,0.380859375,0.6796875,0.38671875,0.7412109375,0.58984375,0.94921875
white (845).jpg,white,0.27734375,0.380859375,0.6796875,0.38671875,0.7412109375,0.58984375,0.94921875
white (846).jpg,white,0.27734375,0.380859375,0.6796875,0.38671875,0.7412109375,0.58984375,0.94921875
white (847).jpg,white,0.27734375,0.380859375,0.6796875,0.38671875,0.7412109375,0.58984375,0.94921875
white (848).jpg,white,0.27734375,0.380859375,0.6796875,0.38671875,0.7412109375,0.58984375,0.94921875
white (849).jpg,white,0.27734375,0.380859375,0.6796875,0.38671875,0.7412109375,0.58984375,0.94921875
white (85).jpg,white,0.27734375,0.380859375,0.6796875,0.38671875,0.7412109375,0.58984375,0.94921875
white (850).jpg,white,0.27734375,0.380859375,0.6796875,0.38671875,0.7412109375,0.58984375,0.94921875
white (851).jpg,white,0.27734375,0.380859375,0.6796875,0.38671875,0.7412109375,0.58984375,0.94921875
white (852).jpg,white,0.353515625,0.4375,0.7490234375,0.427734375,0.744140625,0.587890625,0.92578125
white (853).jpg,white,0.27734375,0.380859375,0.6796875,0.38671875,0.7412109375,0.58984375,0.94921875
white (854).jpg,white,0.27734375,0.380859375,0.6796875,0.38671875,0.7412109375,0.58984375,0.94921875
white (855).jpg,white,0.27734375,0.380859375,0.6796875,0.38671875,0.7412109375,0.58984375,0.94921875
white (856).jpg,white,0.27734375,0.380859375,0.6796875,0.38671875,0.7412109375,0.58984375,0.94921875
white (857).jpg,white,0.27734375,0.380859375,0.6796875,0.38671875,0.7412109375,0.58984375,0.94921875
white (858).jpg,white,0.27734375,0.380859375,0.6796875,0.38671875,0.7412109375,0.58984375,0.94921875
white (859).jpg,white,0.27734375,0.380859375,0.6796875,0.38671875,0.7412109375,0.58984375,0.94921875
white (86).jpg,white,0.27734375,0.380859375,0.6796875,0.38671875,0.7412109375,0.58984375,0.94921875
white (860).jpg,white,0.27734375,0.380859375,0.6796875,0.38671875,0.7412109375,0.58984375,0.94921875
white (861).jpg,white,0.27734375,0.380859375,0.6796875,0.38671875,0.7412109375,0.58984375,0.94921875
white (862).jpg,white,0.27734375,0.380859375,0.6796875,0.38671875,0.7412109375,0.58984375,0.94921875
white (863).jpg,white,0.27734375,0.380859375,0.6796875,0.38671875,0.7412109375,0.58984375,0.94921875
white (864).jpg,white,0.27734375,0.380859375,0.6796875,0.38671875,0.7412109375,0.58984375,0.94921875
white (865).jpg,white,0.3515625,0.42578125,0.7421875,0.4326171875,0.7421875,0.5849609375,0.931640625
white (866).jpg,white,0.27734375,0.380859375,0.6796875,0.38671875,0.7412109375,0.58984375,0.94921875
white (867).jpg,white,0.27734375,0.380859375,0.6796875,0.38671875,0.7412109375,0.58984375,0.94921875
white (868).jpg,white,0.27734375,0.380859375,0.6796875,0.38671875,0.7412109375,0.58984375,0.94921875
white (869).jpg,white,0.27734375,0.380859375,0.6796875,0.38671875,0.7412109375,0.58984375,0.94921875
white (87).jpg,white,0.27734375,0.380859375,0.6796875,0.38671875,0.7412109375,0.58984375,0.94921875
white (870).jpg,white,0.27734375,0.380859375,0.6796875,0.38671875,0.7412109375,0.58984375,0.94921875
white (871).jpg,white,0.27734375,0.380859375,0.6796875,0.38671875,0.7412109375,0.58984375,0.94921875
white (872).jpg,white,0.27734375,0.380859375,0.6796875,0.38671875,0.7412109375,0.58984375,0.94921875
white (873).jpg,white,0.27734375,0.380859375,0.6796875,0.38671875,0.7412109375,0.58984375,0.94921875
white (874).jpg,white,0.27734375,0.380859375,0.6796875,0.38671875,0.7412109375,0.58984375,0.94921875
white (875).jpg,white,0.27734375,0.380859375,0.6796875,0.38671875,0.7412109375,0.58984375,0.94921875
white (876).jpg,white,0.353515625,0.4375,0.7490234375,0.427734375,0.744140625,0.587890625,0.92578125
white (877).jpg,white,0.27734375,0.380859375,0.6796875,0.38671875,0.7412109375,0.58984375,0.94921875
white (878).jpg,white,0.27734375,0.380859375,0.6796875,0.38671875,0.7412109375,0.58984375,0.94921875
white (879).jpg,white,0.27734375,0.380859375,0.6796875,0.38671875,0.7412109375,0.58984375,0.94921875
white (88).jpg,white,0.27734375,0.380859375,0.6796875,0.38671875,0.7412109375,0.58984375,0.94921875
white (880).jpg,white,0.27734375,0.380859375,0.6796875,0.38671875,0.7412109375,0.58984375,0.94921875
white (881).jpg,white,0.27734375,0.380859375,0.6796875,0.38671875,0.7412109375,0.58984375,0.94921875
white (882).jpg,white,0.27734375,0.380859375,0.6796875,0.38671875,0.7412109375,0.58984375,0.94921875
white (883).jpg,white,0.27734375,0.380859375,0.6796875,0.38671875,0.7412109375,0.58984375,0.94921875
white (884).jpg,white,0.27734375,0.380859375,0.6796875,0.38671875,0.7412109375,0.58984375,0.94921875
white (885).jpg,white,0.27734375,0.380859375,0.6796875,0.38671875,0.7412109375,0.58984375,0.94921875
white (886).jpg,white,0.27734375,0.380859375,0.6796875,0.38671875,0.7412109375,0.58984375,0.94921875
white (887).jpg,white,0.27734375,0.380859375,0.6796875,0.38671875,0.7412109375,0.58984375,0.94921875
white (888).jpg,white,0.27734375,0.380859375,0.6796875,0.38671875,0.7412109375,0.58984375,0.94921875
white (889).jpg,white,0.3515625,0.42578125,0.7421875,0.4326171875,0.7421875,0.5849609375,0.931640625
white (89).jpg,white,0.27734375,0.380859375,0.6796875,0.38671875,0.7412109375,0.58984375,0.94921875
white (890).jpg,white,0.27734375,0.380859375,0.6796875,0.38671875,0.7412109375,0.58984375,0.94921875
white (891).jpg,white,0.27734375,0.380859375,0.6796875,0.38671875,0.7412109375,0.58984375,0.94921875
white (892).jpg,white,0.27734375,0.380859375,0.6796875,0.38671875,0.7412109375,0.58984375,0.94921875
white (893).jpg,white,0.27734375,0.380859375,0.6796875,0.38671875,0.7412109375,0.58984375,0.94921875
white (894).jpg,white,0.27734375,0.380859375,0.6796875,0.38671875,0.7412109375,0.58984375,0.94921875
white (895).jpg,white,0.27734375,0.380859375,0.6796875,0.38671875,0.7412109375,0.58984375,0.94921875
white (896).jpg,white,0.27734375,0.380859375,0.6796875,0.38671875,0.7412109375,0.58984375,0.94921875
white (897).jpg,white,0.27734375,0.380859375,0.6796875,0.38671875,0.7412109375,0.58984375,0.94921875
white (898).jpg,white,0.27734375,0.380859375,0.6796875,0.38671875,0.7412109375,0.58984375,0.94921875
white (899).jpg,white,0.27734375,0.380859375,0.6796875,0.38671875,0.7412109375,0.58984375,0.94921875
white (9).jpg,white,0.27734375,0.380859375,0.6796875,0.38671875,0.7412109375,0.58984375,0.94921875
white (90).jpg,white,0.27734375,0.380859375,0.6796875,0.38671875,0.7412109375,0.58984375,0.94921875
white (900).jpg,white,0.353515625,0.4375,0.7490234375,0.427734375,0.744140625,0.587890625,0.92578125
white (901).jpg,white,0.27734375,0.380859375,0.6796875,0.38671875,0.7412109375,0.58984375,0.94921875
white (902).jpg,white,0.27734375,0.380859375,0.6796875,0.38671875,0.7412109375,0.58984375,0.94921875
white (903).jpg,white,0.27734375,0.380859375,0.6796875,0.38671875,0.7412109375,0.58984375,0.94921875
white (904).jpg,white,0.27734375,0.380859375,0.6796875,0.38671875,0.7412109375,0.58984375,0.94921875
white (905).jpg,white,0.27734375,0.380859375,0.6796875,0.38671875,0.7412109375,0.58984375,0.94921875
white (906).jpg,white,0.27734375,0.380859375,0.6796875,0.38671875,0.7412109375,0.58984375,0.94921875
white (907).jpg,white,0.27734375,0.380859375,0.6796875,0.38671875,0.7412109375,0.58984375,0.94921875
white (908).jpg,white,0.27734375,0.380859375,0.6796875,0.38671875,0.7412109375,0.58984375,0.94921875
white (909).jpg,white,0.27734375,0.380859375,0.6796875,0.38671875,0.7412109375,0.58984375,0.94921875
white (91).jpg,white,0.27734375,0.380859375,0.6796875,0.38671875,0.7412109375,0.58984375,0.94921875
white (910).jpg,white,0.27734375,0.380859375,0.6796875,0.38671875,0.7412109375,0.58984375,0.94921875
white (911).jpg,white,0.27734375,0.380859375,0.6796875,0.38671875,0.7412109375,0.58984375,0.94921875
white (912).jpg,white,0.27734375,0.380859375,0.6796875,0.38671875,0.7412109375,0.58984375,0.94921875
white (913).jpg,white,0.3515625,0.42578125,0.7421875,0.4326171875,0.7421875,0.5849609375,0.931640625
white (914).jpg,white,0.27734375,0.380859375,0.6796875,0.38671875,0.7412109375,0.58984375,0.94921875
white (915).jpg,white,0.27734375,0.380859375,0.6796875,0.38671875,0.7412109375,0.58984375,0.94921875
white (916).jpg,white,0.27734375,0.380859375,0.6796875,0.38671875,0.7412109375,0.58984375,0.94921875
white (917).jpg,white,0.27734375,0.380859375,0.6796875,0.38671875,0.7412109375,0.58984375,0.94921875
white (918).jpg,white,0.27734375,0.380859375,0.6796875,0.38671875,0.7412109375,0.58984375,0.94921875
white (919).jpg,white,0.27734375,0.380859375,0.6796875,0.38671875,0.7412109375,0.58984375,0.94921875
white (92).jpg,white,0.27734375,0.380859375,0.6796875,0.38671875,0.7412109375,0.58984375,0.94921875
white (920).jpg,white,0.27734375,0.380859375,0.6796875,0.38671875,0.7412109375,0.58984375,0.94921875
white (921).jpg,white,0.27734375,0.380859375,0.6796875,0.38671875,0.7412109375,0.58984375,0.94921875
white (922).jpg,white,0.27734375,0.380859375,0.6796875,0.38671875,0.7412109375,0.58984375,0.94921875
white (923).jpg,white,0.27734375,0.380859375,0.6796875,0.38671875,0.7412109375,0.58984375,0.94921875
white (924).jpg,white,0.353515625,0.4375,0.7490234375,0.427734375,0.744140625,0.587890625,0.92578125
white (925).jpg,white,0.27734375,0.380859375,0.6796875,0.38671875,0.7412109375,0.58984375,0.94921875
white (926).jpg,white,0.27734375,0.380859375,0.6796875,0.38671875,0.7412109375,0.58984375,0.94921875
white (927).jpg,white,0.27734375,0.380859375,0.6796875,0.38671875,0.7412109375,0.58984375,0.94921875
white (928).jpg,white,0.27734375,0.380859375,0.6796875,0.38671875,0.7412109375,0.58984375,0.94921875
white (929).jpg,white,0.27734375,0.380859375,0.6796875,0.38671875,0.7412109375,0.58984375,0.94921875
white (93).jpg,white,0.27734375,0.380859375,0.6796875,0.38671875,0.7412109375,0.58984375,0.94921875
white (930).jpg,white,0.27734375,0.380859375,0.6796875,0.38671875,0.7412109375,0.58984375,0.94921875
white (931).jpg,white,0.27734375,0.380859375,0.6796875,0.38671875,0.7412109375,0.58984375,0.94921875
white (932).jpg,white,0.27734375,0.380859375,0.6796875,0.38671875,0.7412109375,0.58984375,0.94921875
white (933).jpg,white,0.27734375,0.380859375,0.6796875,0.38671875,0.7412109375,0.58984375,0.94921875
white (934).jpg,white,0.27734375,0.380859375,0.6796875,0.38671875,0.7412109375,0.58984375,0.94921875
white (935).jpg,white,0.27734375,0.380859375,0.6796875,0.38671875,0.7412109375,0.58984375,0.94921875
white (936).jpg,white,0.27734375,0.380859375,0.6796875,0.38671875,0.7412109375,0.58984375,0.94921875
white (937).jpg,white,0.3515625,0.42578125,0.7421875,0.4326171875,0.7421875,0.5849609375,0.931640625
white (938).jpg,white,0.27734375,0.380859375,0.6796875,0.38671875,0.7412109375,0.58984375,0.94921875
white (939).jpg,white,0.27734375,0.380859375,0.6796875,0.38671875,0.7412109375,0.58984375,0.94921875
white (94).jpg,white,0.27734375,0.380859375,0.6796875,0.38671875,0.7412109375,0.58984375,0.94921875
white (940).jpg,white,0.27734375,0.380859375,0.6796875,0.38671875,0.7412109375,0.58984375,0.94921875
white (941).jpg,white,0.27734375,0.380859375,0.6796875,0.38671875,0.7412109375,0.58984375,0.94921875
white (942).jpg,white,0.27734375,0.380859375,0.6796875,0.38671875,0.7412109375,0.58984375,0.94921875
white (943).jpg,white,0.27734375,0.380859375,0.6796875,0.38671875,0.7412109375,0.58984375,0.94921875
white (944).jpg,white,0.27734375,0.380859375,0.6796875,0.38671875,0.7412109375,0.58984375,0.94921875
white (945).jpg,white,0.27734375,0.380859375,0.6796875,0.38671875,0.7412109375,0.58984375,0.94921875
white (946).jpg,white,0.27734375,0.380859375,0.6796875,0.38671875,0.7412109375,0.58984375,0.94921875
white (947).jpg,white,0.27734375,0.380859375,0.6796875,0.38671875,0.7412109375,0.58984375,0.94921875
white (948).jpg,white,0.353515625,0.4375,0.7490234375,0.427734375,0.744140625,0.587890625,0.92578125
white (949).jpg,white,0.27734375,0.380859375,0.6796875,0.38671875,0.7412109375,0.58984375,0.94921875
white (95).jpg,white,0.27734375,0.380859375,0.6796875,0.38671875,0.7412109375,0.58984375,0.94921875
white (950).jpg,white,0.27734375,0.380859375,0.6796875,0.38671875,0.7412109375,0.58984375,0.94921875
white (951).jpg,white,0.27734375,0.380859375,0.6796875,0.38671875,0.7412109375,0.58984375,0.94921875
white (952).jpg,white,0.27734375,0.380859375,0.6796875,0.38671875,0.7412109375,0.58984375,0.94921875
white (953).jpg,white,0.27734375,0.380859375,0.6796875,0.38671875,0.7412109375,0.58984375,0.94921875
white (954).jpg,white,0.27734375,0.380859375,0.6796875,0.38671875,0.7412109375,0.58984375,0.94921875
white (955).jpg,white,0.27734375,0.380859375,0.6796875,0.38671875,0.7412109375,0.58984375,0.94921875
white (956).jpg,white,0.27734375,0.380859375,0.6796875,0.38671875,0.7412109375,0.58984375,0.94921875
white (957).jpg,white,0.27734375,0.380859375,0.6796875,0.38671875,0.7412109375,0.58984375,0.94921875
white (958).jpg,white,0.27734375,0.380859375,0.6796875,0.38671875,0.7412109375,0.58984375,0.94921875
white (959).jpg,white,0.27734375,0.380859375,0.6796875,0.38671875,0.7412109375,0.58984375,0.94921875
white (96).jpg,white,0.27734375,0.380859375,0.6796875,0.38671875,0.7412109375,0.58984375,0.94921875
white (960).jpg,white,0.27734375,0.380859375,0.6796875,0.38671875,0.7412109375,0.58984375,0.94921875
white (961).jpg,white,0.3515625,0.42578125,0.7421875,0.4326171875,0.7421875,0.5849609375,0.931640625
white (962).jpg,white,0.27734375,0.380859375,0.6796875,0.38671875,0.7412109375,0.58984375,0.94921875
white (963).jpg,white,0.27734375,0.380859375,0.6796875,0.38671875,0.7412109375,0.58984375,0.94921875
white (964).jpg,white,0.27734375,0.380859375,0.6796875,0.38671875,0.7412109375,0.58984375,0.94921875
white (965).jpg,white,0.27734375,0.380859375,0.6796875,0.38671875,0.7412109375,0.58984375,0.94921875
white (966).jpg,white,0.27734375,0.380859375,0.6796875,0.38671875,0.7412109375,0.58984375,0.94921875
white (967).jpg,white,0.27734375,0.380859375,0.6796875,0.38671875,0.7412109375,0.58984375,0.94921875
white (968).jpg,white,0.27734375,0.380859375,0.6796875,0.38671875,0.7412109375,0.58984375,0.94921875
white (969).jpg,white,0.27734375,0.380859375,0.6796875,0.38671875,0.7412109375,0.58984375,0.94921875
white (97).jpg,white,0.3515625,0.42578125,0.7421875,0.4326171875,0.7421875,0.5849609375,0.931640625
white (970).jpg,white,0.27734375,0.380859375,0.6796875,0.38671875,0.7412109375,0.58984375,0.94921875
white (971).jpg,white,0.27734375,0.380859375,0.6796875,0.38671875,0.7412109375,0.58984375,0.94921875
white (972).jpg,white,0.353515625,0.4375,0.7490234375,0.427734375,0.744140625,0.587890625,0.92578125
white (973).jpg,white,0.27734375,0.380859375,0.6796875,0.38671875,0.7412109375,0.58984375,0.94921875
white (974).jpg,white,0.27734375,0.380859375,0.6796875,0.38671875,0.7412109375,0.58984375,0.94921875
white (975).jpg,white,0.27734375,0.380859375,0.6796875,0.38671875,0.7412109375,0.58984375,0.94921875
white (976).jpg,white,0.27734375,0.380859375,0.6796875,0.38671875,0.7412109375,0.58984375,0.94921875
white (977).jpg,white,0.27734375,0.380859375,0.6796875,0.38671875,0.7412109375,0.58984375,0.94921875
white (978).jpg,white,0.27734375,0.380859375,0.6796875,0.38671875,0.7412109375,0.58984375,0.94921875
white (979).jpg,white,0.27734375,0.380859375,0.6796875,0.38671875,0.7412109375,0.58984375,0.94921875
white (98).jpg,white,0.27734375,0.380859375,0.6796875,0.38671875,0.7412109375,0.58984375,0.94921875
white (980).jpg,white,0.27734375,0.380859375,0.6796875,0.38671875,0.7412109375,0.58984375,0.94921875
white (981).jpg,white,0.27734375,0.380859375,0.6796875,0.38671875,0.7412109375,0.58984375,0.94921875
white (982).jpg,white,0.27734375,0.380859375,0.6796875,0.38671875,0.7412109375,0.58984375,0.94921875
white (983).jpg,white,0.27734375,0.380859375,0.6796875,0.38671875,0.7412109375,0.58984375,0.94921875
white (984).jpg,white,0.27734375,0.380859375,0.6796875,0.38671875,0.7412109375,0.58984375,0.94921875
white (985).jpg,white,0.3515625,0.42578125,0.7421875,0.4326171875,0.7421875,0.5849609375,0.931640625
white (986).jpg,white,0.27734375,0.380859375,0.6796875,0.38671875,0.7412109375,0.58984375,0.94921875
white (987).jpg,white,0.27734375,0.380859375,0.6796875,0.38671875,0.7412109375,0.58984375,0.94921875
white (988).jpg,white,0.27734375,0.380859375,0.6796875,0.38671875,0.7412109375,0.58984375,0.94921875
white (989).jpg,white,0.27734375,0.380859375,0.6796875,0.38671875,0.7412109375,0.58984375,0.94921875
white (99).jpg,white,0.27734375,0.380859375,0.6796875,0.38671875,0.7412109375,0.58984375,0.94921875
white (990).jpg,white,0.27734375,0.380859375,0.6796875,0.38671875,0.7412109375,0.58984375,0.94921875
white (991).jpg,white,0.27734375,0.380859375,0.6796875,0.38671875,0.7412109375,0.58984375,0.94921875
white (992).jpg,white,0.27734375,0.380859375,0.6796875,0.38671875,0.7412109375,0.58984375,0.94921875
white (993).jpg,white,0.27734375,0.380859375,0.6796875,0.38671875,0.7412109375,0.58984375,0.94921875
white (994).jpg,white,0.27734375,0.380859375,0.6796875,0.38671875,0.7412109375,0.58984375,0.94921875
white (995).jpg,white,0.27734375,0.380859375,0.6796875,0.38671875,0.7412109375,0.58984375,0.94921875
white (996).jpg,white,0.353515625,0.4375,0.7490234375,0.427734375,0.744140625,0.587890625,0.92578125
white (997).jpg,white,0.27734375,0.380859375,0.6796875,0.38671875,0.7412109375,0.58984375,0.94921875
white (998).jpg,white,0.27734375,0.380859375,0.6796875,0.38671875,0.7412109375,0.58984375,0.94921875
white (999).jpg,white,0.27734375,0.380859375,0.6796875,0.38671875,0.7412109375,0.58984375,0.94921875
yellow (1).jpg,yellow,0.0986328125,0.1552734375,0.2685546875,0.2666015625,0.857421875,0.947265625,0.986328125
yellow (10).jpg,yellow,0.1650390625,0.189453125,0.3291015625,0.3427734375,0.87890625,0.9990234375,1.0
yellow (100).jpg,yellow,0.1650390625,0.189453125,0.3291015625,0.3427734375,0.87890625,0.9990234375,1.0
yellow (1000).jpg,yellow,0.1650390625,0.189453125,0.3291015625,0.3427734375,0.87890625,0.9990234375,1.0
yellow (1001).jpg,yellow,0.1650390625,0.189453125,0.3291015625,0.3427734375,0.87890625,0.9990234375,1.0
yellow (1002).jpg,yellow,0.171875,0.2041015625,0.3662109375,0.2421875,0.7890625,0.8505859375,0.98046875
yellow (1003).jpg,yellow,0.08984375,0.1884765625,0.40234375,0.2099609375,0.7568359375,0.8916015625,1.0
yellow (1004).jpg,yellow,0.2119140625,0.2822265625,0.4072265625,0.4189453125,0.9267578125,1.0,1.0
yellow (1005).jpg,yellow,0.4296875,0.490234375,0.578125,0.5234375,0.923828125,0.9912109375,0.9990234375
yellow (1006).jpg,yellow,0.263671875,0.306640625,0.4208984375,0.4091796875,0.90625,1.0,1.0
yellow (1007).jpg,yellow,0.1650390625,0.189453125,0.3291015625,0.3427734375,0.87890625,0.9990234375,1.0
yellow (1008).jpg,yellow,0.1650390625,0.189453125,0.3291015625,0.3427734375,0.87890625,0.9990234375,1.0
yellow (1009).jpg,yellow,0.0986328125,0.1552734375,0.2685546875,0.2666015625,0.857421875,0.947265625,0.986328125
yellow (101).jpg,yellow,0.1650390625,0.189453125,0.3291015625,0.3427734375,0.87890625,0.9990234375,1.0
yellow (1010).jpg,yellow,0.1650390625,0.189453125,0.3291015625,0.3427734375,0.87890625,0.9990234375,1.0
yellow (1011).jpg,yellow,0.1650390625,0.189453125,0.3291015625,0.3427734375,0.87890625,0.9990234375,1.0
yellow (1012).jpg,yellow,0.1650390625,0.189453125,0.3291015625,0.3427734375,0.87890625,0.9990234375,1.0
yellow (1013).jpg,yellow,0.1650390625,0.189453125,0.3291015625,0.3427734375,0.87890625,0.9990234375,1.0
yellow (1014).jpg,yellow,0.1650390625,0.189453125,0.3291015625,0.3427734375,0.87890625,0.9990234375,1.0
yellow (1015).jpg,yellow,0.1650390625,0.189453125,0.3291015625,0.3427734375,0.87890625,0.9990234375,1.0
yellow (1016).jpg,yellow,0.1650390625,0.189453125,0.3291015625,0.3427734375,0.87890625,0.9990234375,1.0
yellow (1017).jpg,yellow,0.1650390625,0.189453125,0.3291015625,0.3427734375,0.87890625,0.9990234375,1.0
yellow (1018).jpg,yellow,0.1650390625,0.189453125,0.3291015625,0.3427734375,0.87890625,0.9990234375,1.0
yellow (1019).jpg,yellow,0.1650390625,0.189453125,0.3291015625,0.3427734375,0.87890625,0.9990234375,1.0
yellow (102).jpg,yellow,0.1650390625,0.189453125,0.3291015625,0.3427734375,0.87890625,0.9990234375,1.0
yellow (1020).jpg,yellow,0.1162109375,0.150390625,0.37109375,0.228515625,0.8466796875,0.8818359375,0.9912109375
yellow (1021).jpg,yellow,0.1650390625,0.189453125,0.3291015625,0.3427734375,0.87890625,0.9990234375,1.0
yellow (1022).jpg,yellow,0.1650390625,0.189453125,0.3291015625,0.3427734375,0.87890625,0.9990234375,1.0
yellow (1023).jpg,yellow,0.1650390625,0.189453125,0.3291015625,0.3427734375,0.87890625,0.9990234375,1.0
yellow (1024).jpg,yellow,0.1650390625,0.189453125,0.3291015625,0.3427734375,0.87890625,0.9990234375,1.0
yellow (1025).jpg,yellow,0.1650390625,0.189453125,0.3291015625,0.3427734375,0.87890625,0.9990234375,1.0
yellow (1026).jpg,yellow,0.171875,0.2041015625,0.3662109375,0.2421875,0.7890625,0.8505859375,0.98046875
yellow (1027).jpg,yellow,0.08984375,0.1884765625,0.40234375,0.2099609375,0.7568359375,0.8916015625,1.0
yellow (1028).jpg,yellow,0.2119140625,0.2822265625,0.4072265625,0.4189453125,0.9267578125,1.0,1.0
yellow (1029).jpg,yellow,0.4296875,0.490234375,0.578125,0.5234375,0.923828125,0.9912109375,0.9990234375
yellow (103).jpg,yellow,0.1650390625,0.189453125,0.3291015625,0.3427734375,0.87890625,0.9990234375,1.0
yellow (1030).jpg,yellow,0.263671875,0.306640625,0.4208984375,0.4091796875,0.90625,1.0,1.0
yellow (1031).jpg,yellow,0.1650390625,0.189453125,0.3291015625,0.3427734375,0.87890625,0.9990234375,1.0
yellow (1032).jpg,yellow,0.1650390625,0.189453125,0.3291015625,0.3427734375,0.87890625,0.9990234375,1.0
yellow (1033).jpg,yellow,0.0986328125,0.1552734375,0.2685546875,0.2666015625,0.857421875,0.947265625,0.986328125
yellow (1034).jpg,yellow,0.1650390625,0.189453125,0.3291015625,0.3427734375,0.87890625,0.9990234375,1.0
yellow (1035).jpg,yellow,0.1650390625,0.189453125,0.3291015625,0.3427734375,0.87890625,0.9990234375,1.0
yellow (1036).jpg,yellow,0.1650390625,0.189453125,0.3291015625,0.3427734375,0.87890625,0.9990234375,1.0
yellow (1037).jpg,yellow,0.1650390625,0.189453125,0.3291015625,0.3427734375,0.87890625,0.9990234375,1.0
yellow (1038).jpg,yellow,0.1650390625,0.189453125,0.3291015625,0.3427734375,0.87890625,0.9990234375,1.0
yellow (1039).jpg,yellow,0.1650390625,0.189453125,0.3291015625,0.3427734375,0.87890625,0.9990234375,1.0
yellow (104).jpg,yellow,0.1650390625,0.189453125,0.3291015625,0.3427734375,0.87890625,0.9990234375,1.0
yellow (1040).jpg,yellow,0.1650390625,0.189453125,0.3291015625,0.3427734375,0.87890625,0.9990234375,1.0
yellow (1041).jpg,yellow,0.1650390625,0.189453125,0.3291015625,0.3427734375,0.87890625,0.9990234375,1.0
yellow (1042).jpg,yellow,0.1650390625,0.189453125,0.3291015625,0.3427734375,0.87890625,0.9990234375,1.0
yellow (1043).jpg,yellow,0.1650390625,0.189453125,0.3291015625,0.3427734375,0.87890625,0.9990234375,1.0
yellow (1044).jpg,yellow,0.1162109375,0.150390625,0.37109375,0.228515625,0.8466796875,0.8818359375,0.9912109375
yellow (1045).jpg,yellow,0.1650390625,0.189453125,0.3291015625,0.3427734375,0.87890625,0.9990234375,1.0
yellow (1046).jpg,yellow,0.1650390625,0.189453125,0.3291015625,0.3427734375,0.87890625,0.9990234375,1.0
yellow (1047).jpg,yellow,0.1650390625,0.189453125,0.3291015625,0.3427734375,0.87890625,0.9990234375,1.0
yellow (1048).jpg,yellow,0.1650390625,0.189453125,0.3291015625,0.3427734375,0.87890625,0.9990234375,1.0
yellow (1049).jpg,yellow,0.1650390625,0.189453125,0.3291015625,0.3427734375,0.87890625,0.9990234375,1.0
yellow (105).jpg,yellow,0.1650390625,0.189453125,0.3291015625,0.3427734375,0.87890625,0.9990234375,1.0
yellow (1050).jpg,yellow,0.171875,0.2041015625,0.3662109375,0.2421875,0.7890625,0.8505859375,0.98046875
yellow (1051).jpg,yellow,0.08984375,0.1884765625,0.40234375,0.2099609375,0.7568359375,0.8916015625,1.0
yellow (1052).jpg,yellow,0.2119140625,0.2822265625,0.4072265625,0.4189453125,0.9267578125,1.0,1.0
yellow (1053).jpg,yellow,0.4296875,0.490234375,0.578125,0.5234375,0.923828125,0.9912109375,0.9990234375
yellow (1054).jpg,yellow,0.263671875,0.306640625,0.4208984375,0.4091796875,0.90625,1.0,1.0
yellow (1055).jpg,yellow,0.1650390625,0.189453125,0.3291015625,0.3427734375,0.87890625,0.9990234375,1.0
yellow (1056).jpg,yellow,0.1650390625,0.189453125,0.3291015625,0.3427734375,0.87890625,0.9990234375,1.0
yellow (1057).jpg,yellow,0.0986328125,0.1552734375,0.2685546875,0.2666015625,0.857421875,0.947265625,0.986328125
yellow (1058).jpg,yellow,0.1650390625,0.189453125,0.3291015625,0.3427734375,0.87890625,0.9990234375,1.0
yellow (1059).jpg,yellow,0.1650390625,0.189453125,0.3291015625,0.3427734375,0.87890625,0.9990234375,1.0
yellow (106).jpg,yellow,0.1650390625,0.189453125,0.3291015625,0.3427734375,0.87890625,0.9990234375,1.0
yellow (1060).jpg,yellow,0.1650390625,0.189453125,0.3291015625,0.3427734375,0.87890625,0.9990234375,1.0
yellow (1061).jpg,yellow,0.1650390625,0.189453125,0.3291015625,0.3427734375,0.87890625,0.9990234375,1.0
yellow (1062).jpg,yellow,0.1650390625,0.189453125,0.3291015625,0.3427734375,0.87890625,0.9990234375,1.0
yellow (1063).jpg,yellow,0.1650390625,0.189453125,0.3291015625,0.3427734375,0.87890625,0.9990234375,1.0
yellow (1064).jpg,yellow,0.1650390625,0.189453125,0.3291015625,0.3427734375,0.87890625,0.9990234375,1.0
yellow (1065).jpg,yellow,0.1650390625,0.189453125,0.3291015625,0.3427734375,0.87890625,0.9990234375,1.0
yellow (1066).jpg,yellow,0.1650390625,0.189453125,0.3291015625,0.3427734375,0.87890625,0.9990234375,1.0
yellow (1067).jpg,yellow,0.1650390625,0.189453125,0.3291015625,0.3427734375,0.87890625,0.9990234375,1.0
yellow (1068).jpg,yellow,0.1162109375,0.150390625,0.37109375,0.228515625,0.8466796875,0.8818359375,0.9912109375
yellow (1069).jpg,yellow,0.1650390625,0.189453125,0.3291015625,0.3427734375,0.87890625,0.9990234375,1.0
yellow (107).jpg,yellow,0.1650390625,0.189453125,0.3291015625,0.3427734375,0.87890625,0.9990234375,1.0
yellow (1070).jpg,yellow,0.1650390625,0.189453125,0.3291015625,0.3427734375,0.87890625,0.9990234375,1.0
yellow (1071).jpg,yellow,0.1650390625,0.189453125,0.3291015625,0.3427734375,0.87890625,0.9990234375,1.0
yellow (1072).jpg,yellow,0.1650390625,0.189453125,0.3291015625,0.3427734375,0.87890625,0.9990234375,1.0
yellow (1073).jpg,yellow,0.1650390625,0.189453125,0.3291015625,0.3427734375,0.87890625,0.9990234375,1.0
yellow (1074).jpg,yellow,0.171875,0.2041015625,0.3662109375,0.2421875,0.7890625,0.8505859375,0.98046875
yellow (1075).jpg,yellow,0.08984375,0.1884765625,0.40234375,0.2099609375,0.7568359375,0.8916015625,1.0
yellow (1076).jpg,yellow,0.2119140625,0.2822265625,0.4072265625,0.4189453125,0.9267578125,1.0,1.0
yellow (1077).jpg,yellow,0.4296875,0.490234375,0.578125,0.5234375,0.923828125,0.9912109375,0.9990234375
yellow (1078).jpg,yellow,0.263671875,0.306640625,0.4208984375,0.4091796875,0.90625,1.0,1.0
yellow (1079).jpg,yellow,0.1650390625,0.189453125,0.3291015625,0.3427734375,0.87890625,0.9990234375,1.0
yellow (108).jpg,yellow,0.1162109375,0.150390625,0.37109375,0.228515625,0.8466796875,0.8818359375,0.9912109375
yellow (1080).jpg,yellow,0.1650390625,0.189453125,0.3291015625,0.3427734375,0.87890625,0.9990234375,1.0
yellow (1081).jpg,yellow,0.0986328125,0.1552734375,0.2685546875,0.2666015625,0.857421875,0.947265625,0.986328125
yellow (1082).jpg,yellow,0.1650390625,0.189453125,0.3291015625,0.3427734375,0.87890625,0.9990234375,1.0
yellow (1083).jpg,yellow,0.1650390625,0.189453125,0.3291015625,0.3427734375,0.87890625,0.9990234375,1.0
yellow (1084).jpg,yellow,0.1650390625,0.189453125,0.3291015625,0.3427734375,0.87890625,0.9990234375,1.0
yellow (1085).jpg,yellow,0.1650390625,0.189453125,0.3291015625,0.3427734375,0.87890625,0.9990234375,1.0
yellow (1086).jpg,yellow,0.1650390625,0.189453125,0.3291015625,0.3427734375,0.87890625,0.9990234375,1.0
yellow (1087).jpg,yellow,0.1650390625,0.189453125,0.3291015625,0.3427734375,0.87890625,0.9990234375,1.0
yellow (1088).jpg,yellow,0.1650390625,0.189453125,0.3291015625,0.3427734375,0.87890625,0.9990234375,1.0
yellow (1089).jpg,yellow,0.1650390625,0.189453125,0.3291015625,0.3427734375,0.87890625,0.9990234375,1.0
yellow (109).jpg,yellow,0.1650390625,0.189453125,0.3291015625,0.3427734375,0.87890625,0.9990234375,1.0
yellow (1090).jpg,yellow,0.1650390625,0.189453125,0.3291015625,0.3427734375,0.87890625,0.9990234375,1.0
yellow (1091).jpg,yellow,0.1650390625,0.189453125,0.3291015625,0.3427734375,0.87890625,0.9990234375,1.0
yellow (1092).jpg,yellow,0.1162109375,0.150390625,0.37109375,0.228515625,0.8466796875,0.8818359375,0.9912109375
yellow (1093).jpg,yellow,0.1650390625,0.189453125,0.3291015625,0.3427734375,0.87890625,0.9990234375,1.0
yellow (1094).jpg,yellow,0.1650390625,0.189453125,0.3291015625,0.3427734375,0.87890625,0.9990234375,1.0
yellow (1095).jpg,yellow,0.1650390625,0.189453125,0.3291015625,0.3427734375,0.87890625,0.9990234375,1.0
yellow (1096).jpg,yellow,0.1650390625,0.189453125,0.3291015625,0.3427734375,0.87890625,0.9990234375,1.0
yellow (1097).jpg,yellow,0.1650390625,0.189453125,0.3291015625,0.3427734375,0.87890625,0.9990234375,1.0
yellow (1098).jpg,yellow,0.171875,0.2041015625,0.3662109375,0.2421875,0.7890625,0.8505859375,0.98046875
yellow (1099).jpg,yellow,0.08984375,0.1884765625,0.40234375,0.2099609375,0.7568359375,0.8916015625,1.0
yellow (11).jpg,yellow,0.1650390625,0.189453125,0.3291015625,0.3427734375,0.87890625,0.9990234375,1.0
yellow (110).jpg,yellow,0.1650390625,0.189453125,0.3291015625,0.3427734375,0.87890625,0.9990234375,1.0
yellow (1100).jpg,yellow,0.2119140625,0.2822265625,0.4072265625,0.4189453125,0.9267578125,1.0,1.0
yellow (111).jpg,yellow,0.1650390625,0.189453125,0.3291015625,0.3427734375,0.87890625,0.9990234375,1.0
yellow (112).jpg,yellow,0.1650390625,0.189453125,0.3291015625,0.3427734375,0.87890625,0.9990234375,1.0
yellow (113).jpg,yellow,0.1650390625,0.189453125,0.3291015625,0.3427734375,0.87890625,0.9990234375,1.0
yellow (114).jpg,yellow,0.171875,0.2041015625,0.3662109375,0.2421875,0.7890625,0.8505859375,0.98046875
yellow (115).jpg,yellow,0.08984375,0.1884765625,0.40234375,0.2099609375,0.7568359375,0.8916015625,1.0
yellow (116).jpg,yellow,0.2119140625,0.2822265625,0.4072265625,0.4189453125,0.9267578125,1.0,1.0
yellow (117).jpg,yellow,0.4296875,0.490234375,0.578125,0.5234375,0.923828125,0.9912109375,0.9990234375
yellow (118).jpg,yellow,0.263671875,0.306640625,0.4208984375,0.4091796875,0.90625,1.0,1.0
yellow (119).jpg,yellow,0.1650390625,0.189453125,0.3291015625,0.3427734375,0.87890625,0.9990234375,1.0
yellow (12).jpg,yellow,0.1650390625,0.189453125,0.3291015625,0.3427734375,0.87890625,0.9990234375,1.0
yellow (120).jpg,yellow,0.1650390625,0.189453125,0.3291015625,0.3427734375,0.87890625,0.9990234375,1.0
yellow (121).jpg,yellow,0.0986328125,0.1552734375,0.2685546875,0.2666015625,0.857421875,0.947265625,0.986328125
yellow (122).jpg,yellow,0.1650390625,0.189453125,0.3291015625,0.3427734375,0.87890625,0.9990234375,1.0
yellow (123).jpg,yellow,0.1650390625,0.189453125,0.3291015625,0.3427734375,0.87890625,0.9990234375,1.0
yellow (124).jpg,yellow,0.1650390625,0.189453125,0.3291015625,0.3427734375,0.87890625,0.9990234375,1.0
yellow (125).jpg,yellow,0.1650390625,0.189453125,0.3291015625,0.3427734375,0.87890625,0.9990234375,1.0
yellow (126).jpg,yellow,0.1650390625,0.189453125,0.3291015625,0.3427734375,0.87890625,0.9990234375,1.0
yellow (127).jpg,yellow,0.1650390625,0.189453125,0.3291015625,0.3427734375,0.87890625,0.9990234375,1.0
yellow (128).jpg,yellow,0.1650390625,0.189453125,0.3291015625,0.3427734375,0.87890625,0.9990234375,1.0
yellow (129).jpg,yellow,0.1650390625,0.189453125,0.3291015625,0.3427734375,0.87890625,0.9990234375,1.0
yellow (13).jpg,yellow,0.1650390625,0.189453125,0.3291015625,0.3427734375,0.87890625,0.9990234375,1.0
yellow (130).jpg,yellow,0.1650390625,0.189453125,0.3291015625,0.3427734375,0.87890625,0.9990234375,1.0
yellow (131).jpg,yellow,0.1650390625,0.189453125,0.3291015625,0.3427734375,0.87890625,0.9990234375,1.0
yellow (132).jpg,yellow,0.1162109375,0.150390625,0.37109375,0.228515625,0.8466796875,0.8818359375,0.9912109375
yellow (133).jpg,yellow,0.1650390625,0.189453125,0.3291015625,0.3427734375,0.87890625,0.9990234375,1.0
yellow (134).jpg,yellow,0.1650390625,0.189453125,0.3291015625,0.3427734375,0.87890625,0.9990234375,1.0
yellow (135).jpg,yellow,0.1650390625,0.189453125,0.3291015625,0.3427734375,0.87890625,0.9990234375,1.0
yellow (136).jpg,yellow,0.1650390625,0.189453125,0.3291015625,0.3427734375,0.87890625,0.9990234375,1.0
yellow (137).jpg,yellow,0.1650390625,0.189453125,0.3291015625,0.3427734375,0.87890625,0.9990234375,1.0
yellow (138).jpg,yellow,0.171875,0.2041015625,0.3662109375,0.2421875,0.7890625,0.8505859375,0.98046875
yellow (139).jpg,yellow,0.08984375,0.1884765625,0.40234375,0.2099609375,0.7568359375,0.8916015625,1.0
yellow (14).jpg,yellow,0.1650390625,0.189453125,0.3291015625,0.3427734375,0.87890625,0.9990234375,1.0
yellow (140).jpg,yellow,0.2119140625,0.2822265625,0.4072265625,0.4189453125,0.9267578125,1.0,1.0
yellow (141).jpg,yellow,0.4296875,0.490234375,0.578125,0.5234375,0.923828125,0.9912109375,0.9990234375
yellow (142).jpg,yellow,0.263671875,0.306640625,0.4208984375,0.4091796875,0.90625,1.0,1.0
yellow (143).jpg,yellow,0.1650390625,0.189453125,0.3291015625,0.3427734375,0.87890625,0.9990234375,1.0
yellow (144).jpg,yellow,0.1650390625,0.189453125,0.3291015625,0.3427734375,0.87890625,0.9990234375,1.0
yellow (145).jpg,yellow,0.0986328125,0.1552734375,0.2685546875,0.2666015625,0.857421875,0.947265625,0.986328125
yellow (146).jpg,yellow,0.1650390625,0.189453125,0.3291015625,0.3427734375,0.87890625,0.9990234375,1.0
yellow (147).jpg,yellow,0.1650390625,0.189453125,0.3291015625,0.3427734375,0.87890625,0.9990234375,1.0
yellow (148).jpg,yellow,0.1650390625,0.189453125,0.3291015625,0.3427734375,0.87890625,0.9990234375,1.0
yellow (149).jpg,yellow,0.1650390625,0.189453125,0.3291015625,0.3427734375,0.87890625,0.9990234375,1.0
yellow (15).jpg,yellow,0.1650390625,0.189453125,0.3291015625,0.3427734375,0.87890625,0.9990234375,1.0
yellow (150).jpg,yellow,0.1650390625,0.189453125,0.3291015625,0.3427734375,0.87890625,0.9990234375,1.0
yellow (151).jpg,yellow,0.1650390625,0.189453125,0.3291015625,0.3427734375,0.87890625,0.9990234375,1.0
yellow (152).jpg,yellow,0.1650390625,0.189453125,0.3291015625,0.3427734375,0.87890625,0.9990234375,1.0
yellow (153).jpg,yellow,0.1650390625,0.189453125,0.3291015625,0.3427734375,0.87890625,0.9990234375,1.0
yellow (154).jpg,yellow,0.1650390625,0.189453125,0.3291015625,0.3427734375,0.87890625,0.9990234375,1.0
yellow (155).jpg,yellow,0.1650390625,0.189453125,0.3291015625,0.3427734375,0.87890625,0.9990234375,1.0
yellow (156).jpg,yellow,0.1162109375,0.150390625,0.37109375,0.228515625,0.8466796875,0.8818359375,0.9912109375
yellow (157).jpg,yellow,0.1650390625,0.189453125,0.3291015625,0.3427734375,0.87890625,0.9990234375,1.0
yellow (158).jpg,yellow,0.1650390625,0.189453125,0.3291015625,0.3427734375,0.87890625,0.9990234375,1.0
yellow (159).jpg,yellow,0.1650390625,0.189453125,0.3291015625,0.3427734375,0.87890625,0.9990234375,1.0
yellow (16).jpg,yellow,0.1650390625,0.189453125,0.3291015625,0.3427734375,0.87890625,0.9990234375,1.0
yellow (160).jpg,yellow,0.1650390625,0.189453125,0.3291015625,0.3427734375,0.87890625,0.9990234375,1.0
yellow (161).jpg,yellow,0.1650390625,0.189453125,0.3291015625,0.3427734375,0.87890625,0.9990234375,1.0
yellow (162).jpg,yellow,0.171875,0.2041015625,0.3662109375,0.2421875,0.7890625,0.8505859375,0.98046875
yellow (163).jpg,yellow,0.08984375,0.1884765625,0.40234375,0.2099609375,0.7568359375,0.8916015625,1.0
yellow (164).jpg,yellow,0.2119140625,0.2822265625,0.4072265625,0.4189453125,0.9267578125,1.0,1.0
yellow (165).jpg,yellow,0.4296875,0.490234375,0.578125,0.5234375,0.923828125,0.9912109375,0.9990234375
yellow (166).jpg,yellow,0.263671875,0.306640625,0.4208984375,0.4091796875,0.90625,1.0,1.0
yellow (167).jpg,yellow,0.1650390625,0.189453125,0.3291015625,0.3427734375,0.87890625,0.9990234375,1.0
yellow (168).jpg,yellow,0.1650390625,0.189453125,0.3291015625,0.3427734375,0.87890625,0.9990234375,1.0
yellow (169).jpg,yellow,0.0986328125,0.1552734375,0.2685546875,0.2666015625,0.857421875,0.947265625,0.986328125
yellow (17).jpg,yellow,0.1650390625,0.189453125,0.3291015625,0.3427734375,0.87890625,0.9990234375,1.0
yellow (170).jpg,yellow,0.1650390625,0.189453125,0.3291015625,0.3427734375,0.87890625,0.9990234375,1.0
yellow (171).jpg,yellow,0.1650390625,0.189453125,0.3291015625,0.3427734375,0.87890625,0.9990234375,1.0
yellow (172).jpg,yellow,0.1650390625,0.189453125,0.3291015625,0.3427734375,0.87890625,0.9990234375,1.0
yellow (173).jpg,yellow,0.1650390625,0.189453125,0.3291015625,0.3427734375,0.87890625,0.9990234375,1.0
yellow (174).jpg,yellow,0.1650390625,0.189453125,0.3291015625,0.3427734375,0.87890625,0.9990234375,1.0
yellow (175).jpg,yellow,0.1650390625,0.189453125,0.3291015625,0.3427734375,0.87890625,0.9990234375,1.0
yellow (176).jpg,yellow,0.1650390625,0.189453125,0.3291015625,0.3427734375,0.87890625,0.9990234375,1.0
yellow (177).jpg,yellow,0.1650390625,0.189453125,0.3291015625,0.3427734375,0.87890625,0.9990234375,1.0
yellow (178).jpg,yellow,0.1650390625,0.189453125,0.3291015625,0.3427734375,0.87890625,0.9990234375,1.0
yellow (179).jpg,yellow,0.1650390625,0.189453125,0.3291015625,0.3427734375,0.87890625,0.9990234375,1.0
yellow (18).jpg,yellow,0.1650390625,0.189453125,0.3291015625,0.3427734375,0.87890625,0.9990234375,1.0
yellow (180).jpg,yellow,0.1162109375,0.150390625,0.37109375,0.228515625,0.8466796875,0.8818359375,0.9912109375
yellow (181).jpg,yellow,0.1650390625,0.189453125,0.3291015625,0.3427734375,0.87890625,0.9990234375,1.0
yellow (182).jpg,yellow,0.1650390625,0.189453125,0.3291015625,0.3427734375,0.87890625,0.9990234375,1.0
yellow (183).jpg,yellow,0.1650390625,0.189453125,0.3291015625,0.3427734375,0.87890625,0.9990234375,1.0
yellow (184).jpg,yellow,0.1650390625,0.189453125,0.3291015625,0.3427734375,0.87890625,0.9990234375,1.0
yellow (185).jpg,yellow,0.1650390625,0.189453125,0.3291015625,0.3427734375,0.87890625,0.9990234375,1.0
yellow (186).jpg,yellow,0.171875,0.2041015625,0.3662109375,0.2421875,0.7890625,0.8505859375,0.98046875
yellow (187).jpg,yellow,0.08984375,0.1884765625,0.40234375,0.2099609375,0.7568359375,0.8916015625,1.0
yellow (188).jpg,yellow,0.2119140625,0.2822265625,0.4072265625,0.4189453125,0.9267578125,1.0,1.0
yellow (189).jpg,yellow,0.4296875,0.490234375,0.578125,0.5234375,0.923828125,0.9912109375,0.9990234375
yellow (19).jpg,yellow,0.1650390625,0.189453125,0.3291015625,0.3427734375,0.87890625,0.9990234375,1.0
yellow (190).jpg,yellow,0.263671875,0.306640625,0.4208984375,0.4091796875,0.90625,1.0,1.0
yellow (191).jpg,yellow,0.1650390625,0.189453125,0.3291015625,0.3427734375,0.87890625,0.9990234375,1.0
yellow (192).jpg,yellow,0.1650390625,0.189453125,0.3291015625,0.3427734375,0.87890625,0.9990234375,1.0
yellow (193).jpg,yellow,0.0986328125,0.1552734375,0.2685546875,0.2666015625,0.857421875,0.947265625,0.986328125
yellow (194).jpg,yellow,0.1650390625,0.189453125,0.3291015625,0.3427734375,0.87890625,0.9990234375,1.0
yellow (195).jpg,yellow,0.1650390625,0.189453125,0.3291015625,0.3427734375,0.87890625,0.9990234375,1.0
yellow (196).jpg,yellow,0.1650390625,0.189453125,0.3291015625,0.3427734375,0.87890625,0.9990234375,1.0
yellow (197).jpg,yellow,0.1650390625,0.189453125,0.3291015625,0.3427734375,0.87890625,0.9990234375,1.0
yellow (198).jpg,yellow,0.1650390625,0.189453125,0.3291015625,0.3427734375,0.87890625,0.9990234375,1.0
yellow (199).jpg,yellow,0.1650390625,0.189453125,0.3291015625,0.3427734375,0.87890625,0.9990234375,1.0
yellow (2).jpg,yellow,0.1162109375,0.150390625,0.37109375,0.228515625,0.8466796875,0.8818359375,0.9912109375
yellow (20).jpg,yellow,0.1650390625,0.189453125,0.3291015625,0.3427734375,0.87890625,0.9990234375,1.0
yellow (200).jpg,yellow,0.1650390625,0.189453125,0.3291015625,0.3427734375,0.87890625,0.9990234375,1.0
yellow (201).jpg,yellow,0.1650390625,0.189453125,0.3291015625,0.3427734375,0.87890625,0.9990234375,1.0
yellow (202).jpg,yellow,0.1650390625,0.189453125,0.3291015625,0.3427734375,0.87890625,0.9990234375,1.0
yellow (203).jpg,yellow,0.1650390625,0.189453125,0.3291015625,0.3427734375,0.87890625,0.9990234375,1.0
yellow (204).jpg,yellow,0.1162109375,0.150390625,0.37109375,0.228515625,0.8466796875,0.8818359375,0.9912109375
yellow (205).jpg,yellow,0.1650390625,0.189453125,0.3291015625,0.3427734375,0.87890625,0.9990234375,1.0
yellow (206).jpg,yellow,0.1650390625,0.189453125,0.3291015625,0.3427734375,0.87890625,0.9990234375,1.0
yellow (207).jpg,yellow,0.1650390625,0.189453125,0.3291015625,0.3427734375,0.87890625,0.9990234375,1.0
yellow (208).jpg,yellow,0.1650390625,0.189453125,0.3291015625,0.3427734375,0.87890625,0.9990234375,1.0
yellow (209).jpg,yellow,0.1650390625,0.189453125,0.3291015625,0.3427734375,0.87890625,0.9990234375,1.0
yellow (21).jpg,yellow,0.1650390625,0.189453125,0.3291015625,0.3427734375,0.87890625,0.9990234375,1.0
yellow (210).jpg,yellow,0.171875,0.2041015625,0.3662109375,0.2421875,0.7890625,0.8505859375,0.98046875
yellow (211).jpg,yellow,0.08984375,0.1884765625,0.40234375,0.2099609375,0.7568359375,0.8916015625,1.0
yellow (212).jpg,yellow,0.2119140625,0.2822265625,0.4072265625,0.4189453125,0.9267578125,1.0,1.0
yellow (213).jpg,yellow,0.4296875,0.490234375,0.578125,0.5234375,0.923828125,0.9912109375,0.9990234375
yellow (214).jpg,yellow,0.263671875,0.306640625,0.4208984375,0.4091796875,0.90625,1.0,1.0
yellow (215).jpg,yellow,0.1650390625,0.189453125,0.3291015625,0.3427734375,0.87890625,0.9990234375,1.0
yellow (216).jpg,yellow,0.1650390625,0.189453125,0.3291015625,0.3427734375,0.87890625,0.9990234375,1.0
yellow (217).jpg,yellow,0.0986328125,0.1552734375,0.2685546875,0.2666015625,0.857421875,0.947265625,0.986328125
yellow (218).jpg,yellow,0.1650390625,0.189453125,0.3291015625,0.3427734375,0.87890625,0.9990234375,1.0
yellow (219).jpg,yellow,0.1650390625,0.189453125,0.3291015625,0.3427734375,0.87890625,0.9990234375,1.0
yellow (22).jpg,yellow,0.1650390625,0.189453125,0.3291015625,0.3427734375,0.87890625,0.9990234375,1.0
yellow (220).jpg,yellow,0.1650390625,0.189453125,0.3291015625,0.3427734375,0.87890625,0.9990234375,1.0
yellow (221).jpg,yellow,0.1650390625,0.189453125,0.3291015625,0.3427734375,0.87890625,0.9990234375,1.0
yellow (222).jpg,yellow,0.1650390625,0.189453125,0.3291015625,0.3427734375,0.87890625,0.9990234375,1.0
yellow (223).jpg,yellow,0.1650390625,0.189453125,0.3291015625,0.3427734375,0.87890625,0.9990234375,1.0
yellow (224).jpg,yellow,0.1650390625,0.189453125,0.3291015625,0.3427734375,0.87890625,0.9990234375,1.0
yellow (225).jpg,yellow,0.1650390625,0.189453125,0.3291015625,0.3427734375,0.87890625,0.9990234375,1.0
yellow (226).jpg,yellow,0.1650390625,0.189453125,0.3291015625,0.3427734375,0.87890625,0.9990234375,1.0
yellow (227).jpg,yellow,0.1650390625,0.189453125,0.3291015625,0.3427734375,0.87890625,0.9990234375,1.0
yellow (228).jpg,yellow,0.1162109375,0.150390625,0.37109375,0.228515625,0.8466796875,0.8818359375,0.9912109375
yellow (229).jpg,yellow,0.1650390625,0.189453125,0.3291015625,0.3427734375,0.87890625,0.9990234375,1.0
yellow (23).jpg,yellow,0.1650390625,0.189453125,0.3291015625,0.3427734375,0.87890625,0.9990234375,1.0
yellow (230).jpg,yellow,0.1650390625,0.189453125,0.3291015625,0.3427734375,0.87890625,0.9990234375,1.0
yellow (231).jpg,yellow,0.1650390625,0.189453125,0.3291015625,0.3427734375,0.87890625,0.9990234375,1.0
yellow (232).jpg,yellow,0.1650390625,0.189453125,0.3291015625,0.3427734375,0.87890625,0.9990234375,1.0
yellow (233).jpg,yellow,0.1650390625,0.189453125,0.3291015625,0.3427734375,0.87890625,0.9990234375,1.0
yellow (234).jpg,yellow,0.171875,0.2041015625,0.3662109375,0.2421875,0.7890625,0.8505859375,0.98046875
yellow (235).jpg,yellow,0.08984375,0.1884765625,0.40234375,0.2099609375,0.7568359375,0.8916015625,1.0
yellow (236).jpg,yellow,0.2119140625,0.2822265625,0.4072265625,0.4189453125,0.9267578125,1.0,1.0
yellow (237).jpg,yellow,0.4296875,0.490234375,0.578125,0.5234375,0.923828125,0.9912109375,0.9990234375
yellow (238).jpg,yellow,0.263671875,0.306640625,0.4208984375,0.4091796875,0.90625,1.0,1.0
yellow (239).jpg,yellow,0.1650390625,0.189453125,0.3291015625,0.3427734375,0.87890625,0.9990234375,1.0
yellow (24).jpg,yellow,0.1650390625,0.189453125,0.3291015625,0.3427734375,0.87890625,0.9990234375,1.0
yellow (240).jpg,yellow,0.1650390625,0.189453125,0.3291015625,0.3427734375,0.87890625,0.9990234375,1.0
yellow (241).jpg,yellow,0.0986328125,0.1552734375,0.2685546875,0.2666015625,0.857421875,0.947265625,0.986328125
yellow (242).jpg,yellow,0.1650390625,0.189453125,0.3291015625,0.3427734375,0.87890625,0.9990234375,1.0
yellow (243).jpg,yellow,0.1650390625,0.189453125,0.3291015625,0.3427734375,0.87890625,0.9990234375,1.0
yellow (244).jpg,yellow,0.1650390625,0.189453125,0.3291015625,0.3427734375,0.87890625,0.9990234375,1.0
yellow (245).jpg,yellow,0.1650390625,0.189453125,0.3291015625,0.3427734375,0.87890625,0.9990234375,1.0
yellow (246).jpg,yellow,0.1650390625,0.189453125,0.3291015625,0.3427734375,0.87890625,0.9990234375,1.0
yellow (247).jpg,yellow,0.1650390625,0.189453125,0.3291015625,0.3427734375,0.87890625,0.9990234375,1.0
yellow (248).jpg,yellow,0.1650390625,0.189453125,0.3291015625,0.3427734375,0.87890625,0.9990234375,1.0
yellow (249).jpg,yellow,0.1650390625,0.189453125,0.3291015625,0.3427734375,0.87890625,0.9990234375,1.0
yellow (25).jpg,yellow,0.0986328125,0.1552734375,0.2685546875,0.2666015625,0.857421875,0.947265625,0.986328125
yellow (250).jpg,yellow,0.1650390625,0.189453125,0.3291015625,0.3427734375,0.87890625,0.9990234375,1.0
yellow (251).jpg,yellow,0.1650390625,0.189453125,0.3291015625,0.3427734375,0.87890625,0.9990234375,1.0
yellow (252).jpg,yellow,0.1162109375,0.150390625,0.37109375,0.228515625,0.8466796875,0.8818359375,0.9912109375
yellow (253).jpg,yellow,0.1650390625,0.189453125,0.3291015625,0.3427734375,0.87890625,0.9990234375,1.0
yellow (254).jpg,yellow,0.1650390625,0.189453125,0.3291015625,0.3427734375,0.87890625,0.9990234375,1.0
yellow (255).jpg,yellow,0.1650390625,0.189453125,0.3291015625,0.3427734375,0.87890625,0.9990234375,1.0
yellow (256).jpg,yellow,0.1650390625,0.189453125,0.3291015625,0.3427734375,0.87890625,0.9990234375,1.0
yellow (257).jpg,yellow,0.1650390625,0.189453125,0.3291015625,0.3427734375,0.87890625,0.9990234375,1.0
yellow (258).jpg,yellow,0.171875,0.2041015625,0.3662109375,0.2421875,0.7890625,0.8505859375,0.98046875
yellow (259).jpg,yellow,0.08984375,0.1884765625,0.40234375,0.2099609375,0.7568359375,0.8916015625,1.0
yellow (26).jpg,yellow,0.1650390625,0.189453125,0.3291015625,0.3427734375,0.87890625,0.9990234375,1.0
yellow (260).jpg,yellow,0.2119140625,0.2822265625,0.4072265625,0.4189453125,0.9267578125,1.0,1.0
yellow (261).jpg,yellow,0.4296875,0.490234375,0.578125,0.5234375,0.923828125,0.9912109375,0.9990234375
yellow (262).jpg,yellow,0.263671875,0.306640625,0.4208984375,0.4091796875,0.90625,1.0,1.0
yellow (263).jpg,yellow,0.1650390625,0.189453125,0.3291015625,0.3427734375,0.87890625,0.9990234375,1.0
yellow (264).jpg,yellow,0.1650390625,0.189453125,0.3291015625,0.3427734375,0.87890625,0.9990234375,1.0
yellow (265).jpg,yellow,0.0986328125,0.1552734375,0.2685546875,0.2666015625,0.857421875,0.947265625,0.986328125
yellow (266).jpg,yellow,0.1650390625,0.189453125,0.3291015625,0.3427734375,0.87890625,0.9990234375,1.0
yellow (267).jpg,yellow,0.1650390625,0.189453125,0.3291015625,0.3427734375,0.87890625,0.9990234375,1.0
yellow (268).jpg,yellow,0.1650390625,0.189453125,0.3291015625,0.3427734375,0.87890625,0.9990234375,1.0
yellow (269).jpg,yellow,0.1650390625,0.189453125,0.3291015625,0.3427734375,0.87890625,0.9990234375,1.0
yellow (27).jpg,yellow,0.1650390625,0.189453125,0.3291015625,0.3427734375,0.87890625,0.9990234375,1.0
yellow (270).jpg,yellow,0.1650390625,0.189453125,0.3291015625,0.3427734375,0.87890625,0.9990234375,1.0
yellow (271).jpg,yellow,0.1650390625,0.189453125,0.3291015625,0.3427734375,0.87890625,0.9990234375,1.0
yellow (272).jpg,yellow,0.1650390625,0.189453125,0.3291015625,0.3427734375,0.87890625,0.9990234375,1.0
yellow (273).jpg,yellow,0.1650390625,0.189453125,0.3291015625,0.3427734375,0.87890625,0.9990234375,1.0
yellow (274).jpg,yellow,0.1650390625,0.189453125,0.3291015625,0.3427734375,0.87890625,0.9990234375,1.0
yellow (275).jpg,yellow,0.1650390625,0.189453125,0.3291015625,0.3427734375,0.87890625,0.9990234375,1.0
yellow (276).jpg,yellow,0.1162109375,0.150390625,0.37109375,0.228515625,0.8466796875,0.8818359375,0.9912109375
yellow (277).jpg,yellow,0.1650390625,0.189453125,0.3291015625,0.3427734375,0.87890625,0.9990234375,1.0
yellow (278).jpg,yellow,0.1650390625,0.189453125,0.3291015625,0.3427734375,0.87890625,0.9990234375,1.0
yellow (279).jpg,yellow,0.1650390625,0.189453125,0.3291015625,0.3427734375,0.87890625,0.9990234375,1.0
yellow (28).jpg,yellow,0.1650390625,0.189453125,0.3291015625,0.3427734375,0.87890625,0.9990234375,1.0
yellow (280).jpg,yellow,0.1650390625,0.189453125,0.3291015625,0.3427734375,0.87890625,0.9990234375,1.0
yellow (281).jpg,yellow,0.1650390625,0.189453125,0.3291015625,0.3427734375,0.87890625,0.9990234375,1.0
yellow (282).jpg,yellow,0.171875,0.2041015625,0.3662109375,0.2421875,0.7890625,0.8505859375,0.98046875
yellow (283).jpg,yellow,0.08984375,0.1884765625,0.40234375,0.2099609375,0.7568359375,0.8916015625,1.0
yellow (284).jpg,yellow,0.2119140625,0.2822265625,0.4072265625,0.4189453125,0.9267578125,1.0,1.0
yellow (285).jpg,yellow,0.4296875,0.490234375,0.578125,0.5234375,0.923828125,0.9912109375,0.9990234375
yellow (286).jpg,yellow,0.263671875,0.306640625,0.4208984375,0.4091796875,0.90625,1.0,1.0
yellow (287).jpg,yellow,0.1650390625,0.189453125,0.3291015625,0.3427734375,0.87890625,0.9990234375,1.0
yellow (288).jpg,yellow,0.1650390625,0.189453125,0.3291015625,0.3427734375,0.87890625,0.9990234375,1.0
yellow (289).jpg,yellow,0.0986328125,0.1552734375,0.2685546875,0.2666015625,0.857421875,0.947265625,0.986328125
yellow (29).jpg,yellow,0.1650390625,0.189453125,0.3291015625,0.3427734375,0.87890625,0.9990234375,1.0
yellow (290).jpg,yellow,0.1650390625,0.189453125,0.3291015625,0.3427734375,0.87890625,0.9990234375,1.0
yellow (291).jpg,yellow,0.1650390625,0.189453125,0.3291015625,0.3427734375,0.87890625,0.9990234375,1.0
yellow (292).jpg,yellow,0.1650390625,0.189453125,0.3291015625,0.3427734375,0.87890625,0.9990234375,1.0
yellow (293).jpg,yellow,0.1650390625,0.189453125,0.3291015625,0.3427734375,0.87890625,0.9990234375,1.0
yellow (294).jpg,yellow,0.1650390625,0.189453125,0.3291015625,0.3427734375,0.87890625,0.9990234375,1.0
yellow (295).jpg,yellow,0.1650390625,0.189453125,0.3291015625,0.3427734375,0.87890625,0.9990234375,1.0
yellow (296).jpg,yellow,0.1650390625,0.189453125,0.3291015625,0.3427734375,0.87890625,0.9990234375,1.0
yellow (297).jpg,yellow,0.1650390625,0.189453125,0.3291015625,0.3427734375,0.87890625,0.9990234375,1.0
yellow (298).jpg,yellow,0.1650390625,0.189453125,0.3291015625,0.3427734375,0.87890625,0.9990234375,1.0
yellow (299).jpg,yellow,0.1650390625,0.189453125,0.3291015625,0.3427734375,0.87890625,0.9990234375,1.0
yellow (3).jpg,yellow,0.171875,0.2041015625,0.3662109375,0.2421875,0.7890625,0.8505859375,0.98046875
yellow (30).jpg,yellow,0.1650390625,0.189453125,0.3291015625,0.3427734375,0.87890625,0.9990234375,1.0
yellow (300).jpg,yellow,0.1162109375,0.150390625,0.37109375,0.228515625,0.8466796875,0.8818359375,0.9912109375
yellow (301).jpg,yellow,0.1650390625,0.189453125,0.3291015625,0.3427734375,0.87890625,0.9990234375,1.0
yellow (302).jpg,yellow,0.1650390625,0.189453125,0.3291015625,0.3427734375,0.87890625,0.9990234375,1.0
yellow (303).jpg,yellow,0.1650390625,0.189453125,0.3291015625,0.3427734375,0.87890625,0.9990234375,1.0
yellow (304).jpg,yellow,0.1650390625,0.189453125,0.3291015625,0.3427734375,0.87890625,0.9990234375,1.0
yellow (305).jpg,yellow,0.1650390625,0.189453125,0.3291015625,0.3427734375,0.87890625,0.9990234375,1.0
yellow (306).jpg,yellow,0.171875,0.2041015625,0.3662109375,0.2421875,0.7890625,0.8505859375,0.98046875
yellow (307).jpg,yellow,0.08984375,0.1884765625,0.40234375,0.2099609375,0.7568359375,0.8916015625,1.0
yellow (308).jpg,yellow,0.2119140625,0.2822265625,0.4072265625,0.4189453125,0.9267578125,1.0,1.0
yellow (309).jpg,yellow,0.4296875,0.490234375,0.578125,0.5234375,0.923828125,0.9912109375,0.9990234375
yellow (31).jpg,yellow,0.1650390625,0.189453125,0.3291015625,0.3427734375,0.87890625,0.9990234375,1.0
yellow (310).jpg,yellow,0.263671875,0.306640625,0.4208984375,0.4091796875,0.90625,1.0,1.0
yellow (311).jpg,yellow,0.1650390625,0.189453125,0.3291015625,0.3427734375,0.87890625,0.9990234375,1.0
yellow (312).jpg,yellow,0.1650390625,0.189453125,0.3291015625,0.3427734375,0.87890625,0.9990234375,1.0
yellow (313).jpg,yellow,0.0986328125,0.1552734375,0.2685546875,0.2666015625,0.857421875,0.947265625,0.986328125
yellow (314).jpg,yellow,0.1650390625,0.189453125,0.3291015625,0.3427734375,0.87890625,0.9990234375,1.0
yellow (315).jpg,yellow,0.1650390625,0.189453125,0.3291015625,0.3427734375,0.87890625,0.9990234375,1.0
yellow (316).jpg,yellow,0.1650390625,0.189453125,0.3291015625,0.3427734375,0.87890625,0.9990234375,1.0
yellow (317).jpg,yellow,0.1650390625,0.189453125,0.3291015625,0.3427734375,0.87890625,0.9990234375,1.0
yellow (318).jpg,yellow,0.1650390625,0.189453125,0.3291015625,0.3427734375,0.87890625,0.9990234375,1.0
yellow (319).jpg,yellow,0.1650390625,0.189453125,0.3291015625,0.3427734375,0.87890625,0.9990234375,1.0
yellow (32).jpg,yellow,0.1650390625,0.189453125,0.3291015625,0.3427734375,0.87890625,0.9990234375,1.0
yellow (320).jpg,yellow,0.1650390625,0.189453125,0.3291015625,0.3427734375,0.87890625,0.9990234375,1.0
yellow (321).jpg,yellow,0.1650390625,0.189453125,0.3291015625,0.3427734375,0.87890625,0.9990234375,1.0
yellow (322).jpg,yellow,0.1650390625,0.189453125,0.3291015625,0.3427734375,0.87890625,0.9990234375,1.0
yellow (323).jpg,yellow,0.1650390625,0.189453125,0.3291015625,0.3427734375,0.87890625,0.9990234375,1.0
yellow (324).jpg,yellow,0.1162109375,0.150390625,0.37109375,0.228515625,0.8466796875,0.8818359375,0.9912109375
yellow (325).jpg,yellow,0.1650390625,0.189453125,0.3291015625,0.3427734375,0.87890625,0.9990234375,1.0
yellow (326).jpg,yellow,0.1650390625,0.189453125,0.3291015625,0.3427734375,0.87890625,0.9990234375,1.0
yellow (327).jpg,yellow,0.1650390625,0.189453125,0.3291015625,0.3427734375,0.87890625,0.9990234375,1.0
yellow (328).jpg,yellow,0.1650390625,0.189453125,0.3291015625,0.3427734375,0.87890625,0.9990234375,1.0
yellow (329).jpg,yellow,0.1650390625,0.189453125,0.3291015625,0.3427734375,0.87890625,0.9990234375,1.0
yellow (33).jpg,yellow,0.1650390625,0.189453125,0.3291015625,0.3427734375,0.87890625,0.9990234375,1.0
yellow (330).jpg,yellow,0.171875,0.2041015625,0.3662109375,0.2421875,0.7890625,0.8505859375,0.98046875
yellow (331).jpg,yellow,0.08984375,0.1884765625,0.40234375,0.2099609375,0.7568359375,0.8916015625,1.0
yellow (332).jpg,yellow,0.2119140625,0.2822265625,0.4072265625,0.4189453125,0.9267578125,1.0,1.0
yellow (333).jpg,yellow,0.4296875,0.490234375,0.578125,0.5234375,0.923828125,0.9912109375,0.9990234375
yellow (334).jpg,yellow,0.263671875,0.306640625,0.4208984375,0.4091796875,0.90625,1.0,1.0
yellow (335).jpg,yellow,0.1650390625,0.189453125,0.3291015625,0.3427734375,0.87890625,0.9990234375,1.0
yellow (336).jpg,yellow,0.1650390625,0.189453125,0.3291015625,0.3427734375,0.87890625,0.9990234375,1.0
yellow (337).jpg,yellow,0.0986328125,0.1552734375,0.2685546875,0.2666015625,0.857421875,0.947265625,0.986328125
yellow (338).jpg,yellow,0.1650390625,0.189453125,0.3291015625,0.3427734375,0.87890625,0.9990234375,1.0
yellow (339).jpg,yellow,0.1650390625,0.189453125,0.3291015625,0.3427734375,0.87890625,0.9990234375,1.0
yellow (34).jpg,yellow,0.1650390625,0.189453125,0.3291015625,0.3427734375,0.87890625,0.9990234375,1.0
yellow (340).jpg,yellow,0.1650390625,0.189453125,0.3291015625,0.3427734375,0.87890625,0.9990234375,1.0
yellow (341).jpg,yellow,0.1650390625,0.189453125,0.3291015625,0.3427734375,0.87890625,0.9990234375,1.0
yellow (342).jpg,yellow,0.1650390625,0.189453125,0.3291015625,0.3427734375,0.87890625,0.9990234375,1.0
yellow (343).jpg,yellow,0.1650390625,0.189453125,0.3291015625,0.3427734375,0.87890625,0.9990234375,1.0
yellow (344).jpg,yellow,0.1650390625,0.189453125,0.3291015625,0.3427734375,0.87890625,0.9990234375,1.0
yellow (345).jpg,yellow,0.1650390625,0.189453125,0.3291015625,0.3427734375,0.87890625,0.9990234375,1.0
yellow (346).jpg,yellow,0.1650390625,0.189453125,0.3291015625,0.3427734375,0.87890625,0.9990234375,1.0
yellow (347).jpg,yellow,0.1650390625,0.189453125,0.3291015625,0.3427734375,0.87890625,0.9990234375,1.0
yellow (348).jpg,yellow,0.1162109375,0.150390625,0.37109375,0.228515625,0.8466796875,0.8818359375,0.9912109375
yellow (349).jpg,yellow,0.1650390625,0.189453125,0.3291015625,0.3427734375,0.87890625,0.9990234375,1.0
yellow (35).jpg,yellow,0.1650390625,0.189453125,0.3291015625,0.3427734375,0.87890625,0.9990234375,1.0
yellow (350).jpg,yellow,0.1650390625,0.189453125,0.3291015625,0.3427734375,0.87890625,0.9990234375,1.0
yellow (351).jpg,yellow,0.1650390625,0.189453125,0.3291015625,0.3427734375,0.87890625,0.9990234375,1.0
yellow (352).jpg,yellow,0.1650390625,0.189453125,0.3291015625,0.3427734375,0.87890625,0.9990234375,1.0
yellow (353).jpg,yellow,0.1650390625,0.189453125,0.3291015625,0.3427734375,0.87890625,0.9990234375,1.0
yellow (354).jpg,yellow,0.171875,0.2041015625,0.3662109375,0.2421875,0.7890625,0.8505859375,0.98046875
yellow (355).jpg,yellow,0.08984375,0.1884765625,0.40234375,0.2099609375,0.7568359375,0.8916015625,1.0
yellow (356).jpg,yellow,0.2119140625,0.2822265625,0.4072265625,0.4189453125,0.9267578125,1.0,1.0
yellow (357).jpg,yellow,0.4296875,0.490234375,0.578125,0.5234375,0.923828125,0.9912109375,0.9990234375
yellow (358).jpg,yellow,0.263671875,0.306640625,0.4208984375,0.4091796875,0.90625,1.0,1.0
yellow (359).jpg,yellow,0.1650390625,0.189453125,0.3291015625,0.3427734375,0.87890625,0.9990234375,1.0
yellow (36).jpg,yellow,0.1162109375,0.150390625,0.37109375,0.228515625,0.8466796875,0.8818359375,0.9912109375
yellow (360).jpg,yellow,0.1650390625,0.189453125,0.3291015625,0.3427734375,0.87890625,0.9990234375,1.0
yellow (361).jpg,yellow,0.0986328125,0.1552734375,0.2685546875,0.2666015625,0.857421875,0.947265625,0.986328125
yellow (362).jpg,yellow,0.1650390625,0.189453125,0.3291015625,0.3427734375,0.87890625,0.9990234375,1.0
yellow (363).jpg,yellow,0.1650390625,0.189453125,0.3291015625,0.3427734375,0.87890625,0.9990234375,1.0
yellow (364).jpg,yellow,0.1650390625,0.189453125,0.3291015625,0.3427734375,0.87890625,0.9990234375,1.0
yellow (365).jpg,yellow,0.1650390625,0.189453125,0.3291015625,0.3427734375,0.87890625,0.9990234375,1.0
yellow (366).jpg,yellow,0.1650390625,0.189453125,0.3291015625,0.3427734375,0.87890625,0.9990234375,1.0
yellow (367).jpg,yellow,0.1650390625,0.189453125,0.3291015625,0.3427734375,0.87890625,0.9990234375,1.0
yellow (368).jpg,yellow,0.1650390625,0.189453125,0.3291015625,0.3427734375,0.87890625,0.9990234375,1.0
yellow (369).jpg,yellow,0.1650390625,0.189453125,0.3291015625,0.3427734375,0.87890625,0.9990234375,1.0
yellow (37).jpg,yellow,0.1650390625,0.189453125,0.3291015625,0.3427734375,0.87890625,0.9990234375,1.0
yellow (370).jpg,yellow,0.1650390625,0.189453125,0.3291015625,0.3427734375,0.87890625,0.9990234375,1.0
yellow (371).jpg,yellow,0.1650390625,0.189453125,0.3291015625,0.3427734375,0.87890625,0.9990234375,1.0
yellow (372).jpg,yellow,0.1162109375,0.150390625,0.37109375,0.228515625,0.8466796875,0.8818359375,0.9912109375
yellow (373).jpg,yellow,0.1650390625,0.189453125,0.3291015625,0.3427734375,0.87890625,0.9990234375,1.0
yellow (374).jpg,yellow,0.1650390625,0.189453125,0.3291015625,0.3427734375,0.87890625,0.9990234375,1.0
yellow (375).jpg,yellow,0.1650390625,0.189453125,0.3291015625,0.3427734375,0.87890625,0.9990234375,1.0
yellow (376).jpg,yellow,0.1650390625,0.189453125,0.3291015625,0.3427734375,0.87890625,0.9990234375,1.0
yellow (377).jpg,yellow,0.1650390625,0.189453125,0.3291015625,0.3427734375,0.87890625,0.9990234375,1.0
yellow (378).jpg,yellow,0.171875,0.2041015625,0.3662109375,0.2421875,0.7890625,0.8505859375,0.98046875
yellow (379).jpg,yellow,0.08984375,0.1884765625,0.40234375,0.2099609375,0.7568359375,0.8916015625,1.0
yellow (38).jpg,yellow,0.1650390625,0.189453125,0.3291015625,0.3427734375,0.87890625,0.9990234375,1.0
yellow (380).jpg,yellow,0.2119140625,0.2822265625,0.4072265625,0.4189453125,0.9267578125,1.0,1.0
yellow (381).jpg,yellow,0.4296875,0.490234375,0.578125,0.5234375,0.923828125,0.9912109375,0.9990234375
yellow (382).jpg,yellow,0.263671875,0.306640625,0.4208984375,0.4091796875,0.90625,1.0,1.0
yellow (383).jpg,yellow,0.1650390625,0.189453125,0.3291015625,0.3427734375,0.87890625,0.9990234375,1.0
yellow (384).jpg,yellow,0.1650390625,0.189453125,0.3291015625,0.3427734375,0.87890625,0.9990234375,1.0
yellow (385).jpg,yellow,0.0986328125,0.1552734375,0.2685546875,0.2666015625,0.857421875,0.947265625,0.986328125
yellow (386).jpg,yellow,0.1650390625,0.189453125,0.3291015625,0.3427734375,0.87890625,0.9990234375,1.0
yellow (387).jpg,yellow,0.1650390625,0.189453125,0.3291015625,0.3427734375,0.87890625,0.9990234375,1.0
yellow (388).jpg,yellow,0.1650390625,0.189453125,0.3291015625,0.3427734375,0.87890625,0.9990234375,1.0
yellow (389).jpg,yellow,0.1650390625,0.189453125,0.3291015625,0.3427734375,0.87890625,0.9990234375,1.0
yellow (39).jpg,yellow,0.1650390625,0.189453125,0.3291015625,0.3427734375,0.87890625,0.9990234375,1.0
yellow (390).jpg,yellow,0.1650390625,0.189453125,0.3291015625,0.3427734375,0.87890625,0.9990234375,1.0
yellow (391).jpg,yellow,0.1650390625,0.189453125,0.3291015625,0.3427734375,0.87890625,0.9990234375,1.0
yellow (392).jpg,yellow,0.1650390625,0.189453125,0.3291015625,0.3427734375,0.87890625,0.9990234375,1.0
yellow (393).jpg,yellow,0.1650390625,0.189453125,0.3291015625,0.3427734375,0.87890625,0.9990234375,1.0
yellow (394).jpg,yellow,0.1650390625,0.189453125,0.3291015625,0.3427734375,0.87890625,0.9990234375,1.0
yellow (395).jpg,yellow,0.1650390625,0.189453125,0.3291015625,0.3427734375,0.87890625,0.9990234375,1.0
yellow (396).jpg,yellow,0.1162109375,0.150390625,0.37109375,0.228515625,0.8466796875,0.8818359375,0.9912109375
yellow (397).jpg,yellow,0.1650390625,0.189453125,0.3291015625,0.3427734375,0.87890625,0.9990234375,1.0
yellow (398).jpg,yellow,0.1650390625,0.189453125,0.3291015625,0.3427734375,0.87890625,0.9990234375,1.0
yellow (399).jpg,yellow,0.1650390625,0.189453125,0.3291015625,0.3427734375,0.87890625,0.9990234375,1.0
yellow (4).jpg,yellow,0.08984375,0.1884765625,0.40234375,0.2099609375,0.7568359375,0.8916015625,1.0
yellow (40).jpg,yellow,0.1650390625,0.189453125,0.3291015625,0.3427734375,0.87890625,0.9990234375,1.0
yellow (400).jpg,yellow,0.1650390625,0.189453125,0.3291015625,0.3427734375,0.87890625,0.9990234375,1.0
yellow (401).jpg,yellow,0.1650390625,0.189453125,0.3291015625,0.3427734375,0.87890625,0.9990234375,1.0
yellow (402).jpg,yellow,0.171875,0.2041015625,0.3662109375,0.2421875,0.7890625,0.8505859375,0.98046875
yellow (403).jpg,yellow,0.08984375,0.1884765625,0.40234375,0.2099609375,0.7568359375,0.8916015625,1.0
yellow (404).jpg,yellow,0.2119140625,0.2822265625,0.4072265625,0.4189453125,0.9267578125,1.0,1.0
yellow (405).jpg,yellow,0.4296875,0.490234375,0.578125,0.5234375,0.923828125,0.9912109375,0.9990234375
yellow (406).jpg,yellow,0.263671875,0.306640625,0.4208984375,0.4091796875,0.90625,1.0,1.0
yellow (407).jpg,yellow,0.1650390625,0.189453125,0.3291015625,0.3427734375,0.87890625,0.9990234375,1.0
yellow (408).jpg,yellow,0.1650390625,0.189453125,0.3291015625,0.3427734375,0.87890625,0.9990234375,1.0
yellow (409).jpg,yellow,0.0986328125,0.1552734375,0.2685546875,0.2666015625,0.857421875,0.947265625,0.986328125
yellow (41).jpg,yellow,0.1650390625,0.189453125,0.3291015625,0.3427734375,0.87890625,0.9990234375,1.0
yellow (410).jpg,yellow,0.1650390625,0.189453125,0.3291015625,0.3427734375,0.87890625,0.9990234375,1.0
yellow (411).jpg,yellow,0.1650390625,0.189453125,0.3291015625,0.3427734375,0.87890625,0.9990234375,1.0
yellow (412).jpg,yellow,0.1650390625,0.189453125,0.3291015625,0.3427734375,0.87890625,0.9990234375,1.0
yellow (413).jpg,yellow,0.1650390625,0.189453125,0.3291015625,0.3427734375,0.87890625,0.9990234375,1.0
yellow (414).jpg,yellow,0.1650390625,0.189453125,0.3291015625,0.3427734375,0.87890625,0.9990234375,1.0
yellow (415).jpg,yellow,0.1650390625,0.189453125,0.3291015625,0.3427734375,0.87890625,0.9990234375,1.0
yellow (416).jpg,yellow,0.1650390625,0.189453125,0.3291015625,0.3427734375,0.87890625,0.9990234375,1.0
yellow (417).jpg,yellow,0.1650390625,0.189453125,0.3291015625,0.3427734375,0.87890625,0.9990234375,1.0
yellow (418).jpg,yellow,0.1650390625,0.189453125,0.3291015625,0.3427734375,0.87890625,0.9990234375,1.0
yellow (419).jpg,yellow,0.1650390625,0.189453125,0.3291015625,0.3427734375,0.87890625,0.9990234375,1.0
yellow (42).jpg,yellow,0.171875,0.2041015625,0.3662109375,0.2421875,0.7890625,0.8505859375,0.98046875
yellow (420).jpg,yellow,0.1162109375,0.150390625,0.37109375,0.228515625,0.8466796875,0.8818359375,0.9912109375
yellow (421).jpg,yellow,0.1650390625,0.189453125,0.3291015625,0.3427734375,0.87890625,0.9990234375,1.0
yellow (422).jpg,yellow,0.1650390625,0.189453125,0.3291015625,0.3427734375,0.87890625,0.9990234375,1.0
yellow (423).jpg,yellow,0.1650390625,0.189453125,0.3291015625,0.3427734375,0.87890625,0.9990234375,1.0
yellow (424).jpg,yellow,0.1650390625,0.189453125,0.3291015625,0.3427734375,0.87890625,0.9990234375,1.0
yellow (425).jpg,yellow,0.1650390625,0.189453125,0.3291015625,0.3427734375,0.87890625,0.9990234375,1.0
yellow (426).jpg,yellow,0.171875,0.2041015625,0.3662109375,0.2421875,0.7890625,0.8505859375,0.98046875
yellow (427).jpg,yellow,0.08984375,0.1884765625,0.40234375,0.2099609375,0.7568359375,0.8916015625,1.0
yellow (428).jpg,yellow,0.2119140625,0.2822265625,0.4072265625,0.4189453125,0.9267578125,1.0,1.0
yellow (429).jpg,yellow,0.4296875,0.490234375,0.578125,0.5234375,0.923828125,0.9912109375,0.9990234375
yellow (43).jpg,yellow,0.08984375,0.1884765625,0.40234375,0.2099609375,0.7568359375,0.8916015625,1.0
yellow (430).jpg,yellow,0.263671875,0.306640625,0.4208984375,0.4091796875,0.90625,1.0,1.0
yellow (431).jpg,yellow,0.1650390625,0.189453125,0.3291015625,0.3427734375,0.87890625,0.9990234375,1.0
yellow (432).jpg,yellow,0.1650390625,0.189453125,0.3291015625,0.3427734375,0.87890625,0.9990234375,1.0
yellow (433).jpg,yellow,0.0986328125,0.1552734375,0.2685546875,0.2666015625,0.857421875,0.947265625,0.986328125
yellow (434).jpg,yellow,0.1650390625,0.189453125,0.3291015625,0.3427734375,0.87890625,0.9990234375,1.0
yellow (435).jpg,yellow,0.1650390625,0.189453125,0.3291015625,0.3427734375,0.87890625,0.9990234375,1.0
yellow (436).jpg,yellow,0.1650390625,0.189453125,0.3291015625,0.3427734375,0.87890625,0.9990234375,1.0
yellow (437).jpg,yellow,0.1650390625,0.189453125,0.3291015625,0.3427734375,0.87890625,0.9990234375,1.0
yellow (438).jpg,yellow,0.1650390625,0.189453125,0.3291015625,0.3427734375,0.87890625,0.9990234375,1.0
yellow (439).jpg,yellow,0.1650390625,0.189453125,0.3291015625,0.3427734375,0.87890625,0.9990234375,1.0
yellow (44).jpg,yellow,0.2119140625,0.2822265625,0.4072265625,0.4189453125,0.9267578125,1.0,1.0
yellow (440).jpg,yellow,0.1650390625,0.189453125,0.3291015625,0.3427734375,0.87890625,0.9990234375,1.0
yellow (441).jpg,yellow,0.1650390625,0.189453125,0.3291015625,0.3427734375,0.87890625,0.9990234375,1.0
yellow (442).jpg,yellow,0.1650390625,0.189453125,0.3291015625,0.3427734375,0.87890625,0.9990234375,1.0
yellow (443).jpg,yellow,0.1650390625,0.189453125,0.3291015625,0.3427734375,0.87890625,0.9990234375,1.0
yellow (444).jpg,yellow,0.1162109375,0.150390625,0.37109375,0.228515625,0.8466796875,0.8818359375,0.9912109375
yellow (445).jpg,yellow,0.1650390625,0.189453125,0.3291015625,0.3427734375,0.87890625,0.9990234375,1.0
yellow (446).jpg,yellow,0.1650390625,0.189453125,0.3291015625,0.3427734375,0.87890625,0.9990234375,1.0
yellow (447).jpg,yellow,0.1650390625,0.189453125,0.3291015625,0.3427734375,0.87890625,0.9990234375,1.0
yellow (448).jpg,yellow,0.1650390625,0.189453125,0.3291015625,0.3427734375,0.87890625,0.9990234375,1.0
yellow (449).jpg,yellow,0.1650390625,0.189453125,0.3291015625,0.3427734375,0.87890625,0.9990234375,1.0
yellow (45).jpg,yellow,0.4296875,0.490234375,0.578125,0.5234375,0.923828125,0.9912109375,0.9990234375
yellow (450).jpg,yellow,0.171875,0.2041015625,0.3662109375,0.2421875,0.7890625,0.8505859375,0.98046875
yellow (451).jpg,yellow,0.08984375,0.1884765625,0.40234375,0.2099609375,0.7568359375,0.8916015625,1.0
yellow (452).jpg,yellow,0.2119140625,0.2822265625,0.4072265625,0.4189453125,0.9267578125,1.0,1.0
yellow (453).jpg,yellow,0.4296875,0.490234375,0.578125,0.5234375,0.923828125,0.9912109375,0.9990234375
yellow (454).jpg,yellow,0.263671875,0.306640625,0.4208984375,0.4091796875,0.90625,1.0,1.0
yellow (455).jpg,yellow,0.1650390625,0.189453125,0.3291015625,0.3427734375,0.87890625,0.9990234375,1.0
yellow (456).jpg,yellow,0.1650390625,0.189453125,0.3291015625,0.3427734375,0.87890625,0.9990234375,1.0
yellow (457).jpg,yellow,0.0986328125,0.1552734375,0.2685546875,0.2666015625,0.857421875,0.947265625,0.986328125
yellow (458).jpg,yellow,0.1650390625,0.189453125,0.3291015625,0.3427734375,0.87890625,0.9990234375,1.0
yellow (459).jpg,yellow,0.1650390625,0.189453125,0.3291015625,0.3427734375,0.87890625,0.9990234375,1.0
yellow (46).jpg,yellow,0.263671875,0.306640625,0.4208984375,0.4091796875,0.90625,1.0,1.0
yellow (460).jpg,yellow,0.1650390625,0.189453125,0.3291015625,0.3427734375,0.87890625,0.9990234375,1.0
yellow (461).jpg,yellow,0.1650390625,0.189453125,0.3291015625,0.3427734375,0.87890625,0.9990234375,1.0
yellow (462).jpg,yellow,0.1650390625,0.189453125,0.3291015625,0.3427734375,0.87890625,0.9990234375,1.0
yellow (463).jpg,yellow,0.1650390625,0.189453125,0.3291015625,0.3427734375,0.87890625,0.9990234375,1.0
yellow (464).jpg,yellow,0.1650390625,0.189453125,0.3291015625,0.3427734375,0.87890625,0.9990234375,1.0
yellow (465).jpg,yellow,0.1650390625,0.189453125,0.3291015625,0.3427734375,0.87890625,0.9990234375,1.0
yellow (466).jpg,yellow,0.1650390625,0.189453125,0.3291015625,0.3427734375,0.87890625,0.9990234375,1.0
yellow (467).jpg,yellow,0.1650390625,0.189453125,0.3291015625,0.3427734375,0.87890625,0.9990234375,1.0
yellow (468).jpg,yellow,0.1162109375,0.150390625,0.37109375,0.228515625,0.8466796875,0.8818359375,0.9912109375
yellow (469).jpg,yellow,0.1650390625,0.189453125,0.3291015625,0.3427734375,0.87890625,0.9990234375,1.0
yellow (47).jpg,yellow,0.1650390625,0.189453125,0.3291015625,0.3427734375,0.87890625,0.9990234375,1.0
yellow (470).jpg,yellow,0.1650390625,0.189453125,0.3291015625,0.3427734375,0.87890625,0.9990234375,1.0
yellow (471).jpg,yellow,0.1650390625,0.189453125,0.3291015625,0.3427734375,0.87890625,0.9990234375,1.0
yellow (472).jpg,yellow,0.1650390625,0.189453125,0.3291015625,0.3427734375,0.87890625,0.9990234375,1.0
yellow (473).jpg,yellow,0.1650390625,0.189453125,0.3291015625,0.3427734375,0.87890625,0.9990234375,1.0
yellow (474).jpg,yellow,0.171875,0.2041015625,0.3662109375,0.2421875,0.7890625,0.8505859375,0.98046875
yellow (475).jpg,yellow,0.08984375,0.1884765625,0.40234375,0.2099609375,0.7568359375,0.8916015625,1.0
yellow (476).jpg,yellow,0.2119140625,0.2822265625,0.4072265625,0.4189453125,0.9267578125,1.0,1.0
yellow (477).jpg,yellow,0.4296875,0.490234375,0.578125,0.5234375,0.923828125,0.9912109375,0.9990234375
yellow (478).jpg,yellow,0.263671875,0.306640625,0.4208984375,0.4091796875,0.90625,1.0,1.0
yellow (479).jpg,yellow,0.1650390625,0.189453125,0.3291015625,0.3427734375,0.87890625,0.9990234375,1.0
yellow (48).jpg,yellow,0.1650390625,0.189453125,0.3291015625,0.3427734375,0.87890625,0.9990234375,1.0
yellow (480).jpg,yellow,0.1650390625,0.189453125,0.3291015625,0.3427734375,0.87890625,0.9990234375,1.0
yellow (481).jpg,yellow,0.0986328125,0.1552734375,0.2685546875,0.2666015625,0.857421875,0.947265625,0.986328125
yellow (482).jpg,yellow,0.1650390625,0.189453125,0.3291015625,0.3427734375,0.87890625,0.9990234375,1.0
yellow (483).jpg,yellow,0.1650390625,0.189453125,0.3291015625,0.3427734375,0.87890625,0.9990234375,1.0
yellow (484).jpg,yellow,0.1650390625,0.189453125,0.3291015625,0.3427734375,0.87890625,0.9990234375,1.0
yellow (485).jpg,yellow,0.1650390625,0.189453125,0.3291015625,0.3427734375,0.87890625,0.9990234375,1.0
yellow (486).jpg,yellow,0.1650390625,0.189453125,0.3291015625,0.3427734375,0.87890625,0.9990234375,1.0
yellow (487).jpg,yellow,0.1650390625,0.189453125,0.3291015625,0.3427734375,0.87890625,0.9990234375,1.0
yellow (488).jpg,yellow,0.1650390625,0.189453125,0.3291015625,0.3427734375,0.87890625,0.9990234375,1.0
yellow (489).jpg,yellow,0.1650390625,0.189453125,0.3291015625,0.3427734375,0.87890625,0.9990234375,1.0
yellow (49).jpg,yellow,0.0986328125,0.1552734375,0.2685546875,0.2666015625,0.857421875,0.947265625,0.986328125
yellow (490).jpg,yellow,0.1650390625,0.189453125,0.3291015625,0.3427734375,0.87890625,0.9990234375,1.0
yellow (491).jpg,yellow,0.1650390625,0.189453125,0.3291015625,0.3427734375,0.87890625,0.9990234375,1.0
yellow (492).jpg,yellow,0.1162109375,0.150390625,0.37109375,0.228515625,0.8466796875,0.8818359375,0.9912109375
yellow (493).jpg,yellow,0.1650390625,0.189453125,0.3291015625,0.3427734375,0.87890625,0.9990234375,1.0
yellow (494).jpg,yellow,0.1650390625,0.189453125,0.3291015625,0.3427734375,0.87890625,0.9990234375,1.0
yellow (495).jpg,yellow,0.1650390625,0.189453125,0.3291015625,0.3427734375,0.87890625,0.9990234375,1.0
yellow (496).jpg,yellow,0.1650390625,0.189453125,0.3291015625,0.3427734375,0.87890625,0.9990234375,1.0
yellow (497).jpg,yellow,0.1650390625,0.189453125,0.3291015625,0.3427734375,0.87890625,0.9990234375,1.0
yellow (498).jpg,yellow,0.171875,0.2041015625,0.3662109375,0.2421875,0.7890625,0.8505859375,0.98046875
yellow (499).jpg,yellow,0.08984375,0.1884765625,0.40234375,0.2099609375,0.7568359375,0.8916015625,1.0
yellow (5).jpg,yellow,0.2119140625,0.2822265625,0.4072265625,0.4189453125,0.9267578125,1.0,1.0
yellow (50).jpg,yellow,0.1650390625,0.189453125,0.3291015625,0.3427734375,0.87890625,0.9990234375,1.0
yellow (500).jpg,yellow,0.2119140625,0.2822265625,0.4072265625,0.4189453125,0.9267578125,1.0,1.0
yellow (501).jpg,yellow,0.4296875,0.490234375,0.578125,0.5234375,0.923828125,0.9912109375,0.9990234375
yellow (502).jpg,yellow,0.263671875,0.306640625,0.4208984375,0.4091796875,0.90625,1.0,1.0
yellow (503).jpg,yellow,0.1650390625,0.189453125,0.3291015625,0.3427734375,0.87890625,0.9990234375,1.0
yellow (504).jpg,yellow,0.1650390625,0.189453125,0.3291015625,0.3427734375,0.87890625,0.9990234375,1.0
yellow (505).jpg,yellow,0.0986328125,0.1552734375,0.2685546875,0.2666015625,0.857421875,0.947265625,0.986328125
yellow (506).jpg,yellow,0.1650390625,0.189453125,0.3291015625,0.3427734375,0.87890625,0.9990234375,1.0
yellow (507).jpg,yellow,0.1650390625,0.189453125,0.3291015625,0.3427734375,0.87890625,0.9990234375,1.0
yellow (508).jpg,yellow,0.1650390625,0.189453125,0.3291015625,0.3427734375,0.87890625,0.9990234375,1.0
yellow (509).jpg,yellow,0.1650390625,0.189453125,0.3291015625,0.3427734375,0.87890625,0.9990234375,1.0
yellow (51).jpg,yellow,0.1650390625,0.189453125,0.3291015625,0.3427734375,0.87890625,0.9990234375,1.0
yellow (510).jpg,yellow,0.1650390625,0.189453125,0.3291015625,0.3427734375,0.87890625,0.9990234375,1.0
yellow (511).jpg,yellow,0.1650390625,0.189453125,0.3291015625,0.3427734375,0.87890625,0.9990234375,1.0
yellow (512).jpg,yellow,0.1650390625,0.189453125,0.3291015625,0.3427734375,0.87890625,0.9990234375,1.0
yellow (513).jpg,yellow,0.1650390625,0.189453125,0.3291015625,0.3427734375,0.87890625,0.9990234375,1.0
yellow (514).jpg,yellow,0.1650390625,0.189453125,0.3291015625,0.3427734375,0.87890625,0.9990234375,1.0
yellow (515).jpg,yellow,0.1650390625,0.189453125,0.3291015625,0.3427734375,0.87890625,0.9990234375,1.0
yellow (516).jpg,yellow,0.1162109375,0.150390625,0.37109375,0.228515625,0.8466796875,0.8818359375,0.9912109375
yellow (517).jpg,yellow,0.1650390625,0.189453125,0.3291015625,0.3427734375,0.87890625,0.9990234375,1.0
yellow (518).jpg,yellow,0.1650390625,0.189453125,0.3291015625,0.3427734375,0.87890625,0.9990234375,1.0
yellow (519).jpg,yellow,0.1650390625,0.189453125,0.3291015625,0.3427734375,0.87890625,0.9990234375,1.0
yellow (52).jpg,yellow,0.1650390625,0.189453125,0.3291015625,0.3427734375,0.87890625,0.9990234375,1.0
yellow (520).jpg,yellow,0.1650390625,0.189453125,0.3291015625,0.3427734375,0.87890625,0.9990234375,1.0
yellow (521).jpg,yellow,0.1650390625,0.189453125,0.3291015625,0.3427734375,0.87890625,0.9990234375,1.0
yellow (522).jpg,yellow,0.171875,0.2041015625,0.3662109375,0.2421875,0.7890625,0.8505859375,0.98046875
yellow (523).jpg,yellow,0.08984375,0.1884765625,0.40234375,0.2099609375,0.7568359375,0.8916015625,1.0
yellow (524).jpg,yellow,0.2119140625,0.2822265625,0.4072265625,0.4189453125,0.9267578125,1.0,1.0
yellow (525).jpg,yellow,0.4296875,0.490234375,0.578125,0.5234375,0.923828125,0.9912109375,0.9990234375
yellow (526).jpg,yellow,0.263671875,0.306640625,0.4208984375,0.4091796875,0.90625,1.0,1.0
yellow (527).jpg,yellow,0.1650390625,0.189453125,0.3291015625,0.3427734375,0.87890625,0.9990234375,1.0
yellow (528).jpg,yellow,0.1650390625,0.189453125,0.3291015625,0.3427734375,0.87890625,0.9990234375,1.0
yellow (529).jpg,yellow,0.0986328125,0.1552734375,0.2685546875,0.2666015625,0.857421875,0.947265625,0.986328125
yellow (53).jpg,yellow,0.1650390625,0.189453125,0.3291015625,0.3427734375,0.87890625,0.9990234375,1.0
yellow (530).jpg,yellow,0.1650390625,0.189453125,0.3291015625,0.3427734375,0.87890625,0.9990234375,1.0
yellow (531).jpg,yellow,0.1650390625,0.189453125,0.3291015625,0.3427734375,0.87890625,0.9990234375,1.0
yellow (532).jpg,yellow,0.1650390625,0.189453125,0.3291015625,0.3427734375,0.87890625,0.9990234375,1.0
yellow (533).jpg,yellow,0.1650390625,0.189453125,0.3291015625,0.3427734375,0.87890625,0.9990234375,1.0
yellow (534).jpg,yellow,0.1650390625,0.189453125,0.3291015625,0.3427734375,0.87890625,0.9990234375,1.0
yellow (535).jpg,yellow,0.1650390625,0.189453125,0.3291015625,0.3427734375,0.87890625,0.9990234375,1.0
yellow (536).jpg,yellow,0.1650390625,0.189453125,0.3291015625,0.3427734375,0.87890625,0.9990234375,1.0
yellow (537).jpg,yellow,0.1650390625,0.189453125,0.3291015625,0.3427734375,0.87890625,0.9990234375,1.0
yellow (538).jpg,yellow,0.1650390625,0.189453125,0.3291015625,0.3427734375,0.87890625,0.9990234375,1.0
yellow (539).jpg,yellow,0.1650390625,0.189453125,0.3291015625,0.3427734375,0.87890625,0.9990234375,1.0
yellow (54).jpg,yellow,0.1650390625,0.189453125,0.3291015625,0.3427734375,0.87890625,0.9990234375,1.0
yellow (540).jpg,yellow,0.1162109375,0.150390625,0.37109375,0.228515625,0.8466796875,0.8818359375,0.9912109375
yellow (541).jpg,yellow,0.1650390625,0.189453125,0.3291015625,0.3427734375,0.87890625,0.9990234375,1.0
yellow (542).jpg,yellow,0.1650390625,0.189453125,0.3291015625,0.3427734375,0.87890625,0.9990234375,1.0
yellow (543).jpg,yellow,0.1650390625,0.189453125,0.3291015625,0.3427734375,0.87890625,0.9990234375,1.0
yellow (544).jpg,yellow,0.1650390625,0.189453125,0.3291015625,0.3427734375,0.87890625,0.9990234375,1.0
yellow (545).jpg,yellow,0.1650390625,0.189453125,0.3291015625,0.3427734375,0.87890625,0.9990234375,1.0
yellow (546).jpg,yellow,0.171875,0.2041015625,0.3662109375,0.2421875,0.7890625,0.8505859375,0.98046875
yellow (547).jpg,yellow,0.08984375,0.1884765625,0.40234375,0.2099609375,0.7568359375,0.8916015625,1.0
yellow (548).jpg,yellow,0.2119140625,0.2822265625,0.4072265625,0.4189453125,0.9267578125,1.0,1.0
yellow (549).jpg,yellow,0.4296875,0.490234375,0.578125,0.5234375,0.923828125,0.9912109375,0.9990234375
yellow (55).jpg,yellow,0.1650390625,0.189453125,0.3291015625,0.3427734375,0.87890625,0.9990234375,1.0
yellow (550).jpg,yellow,0.263671875,0.306640625,0.4208984375,0.4091796875,0.90625,1.0,1.0
yellow (551).jpg,yellow,0.1650390625,0.189453125,0.3291015625,0.3427734375,0.87890625,0.9990234375,1.0
yellow (552).jpg,yellow,0.1650390625,0.189453125,0.3291015625,0.3427734375,0.87890625,0.9990234375,1.0
yellow (553).jpg,yellow,0.0986328125,0.1552734375,0.2685546875,0.2666015625,0.857421875,0.947265625,0.986328125
yellow (554).jpg,yellow,0.1650390625,0.189453125,0.3291015625,0.3427734375,0.87890625,0.9990234375,1.0
yellow (555).jpg,yellow,0.1650390625,0.189453125,0.3291015625,0.3427734375,0.87890625,0.9990234375,1.0
yellow (556).jpg,yellow,0.1650390625,0.189453125,0.3291015625,0.3427734375,0.87890625,0.9990234375,1.0
yellow (557).jpg,yellow,0.1650390625,0.189453125,0.3291015625,0.3427734375,0.87890625,0.9990234375,1.0
yellow (558).jpg,yellow,0.1650390625,0.189453125,0.3291015625,0.3427734375,0.87890625,0.9990234375,1.0
yellow (559).jpg,yellow,0.1650390625,0.189453125,0.3291015625,0.3427734375,0.87890625,0.9990234375,1.0
yellow (56).jpg,yellow,0.1650390625,0.189453125,0.3291015625,0.3427734375,0.87890625,0.9990234375,1.0
yellow (560).jpg,yellow,0.1650390625,0.189453125,0.3291015625,0.3427734375,0.87890625,0.9990234375,1.0
yellow (561).jpg,yellow,0.1650390625,0.189453125,0.3291015625,0.3427734375,0.87890625,0.9990234375,1.0
yellow (562).jpg,yellow,0.1650390625,0.189453125,0.3291015625,0.3427734375,0.87890625,0.9990234375,1.0
yellow (563).jpg,yellow,0.1650390625,0.189453125,0.3291015625,0.3427734375,0.87890625,0.9990234375,1.0
yellow (564).jpg,yellow,0.1162109375,0.150390625,0.37109375,0.228515625,0.8466796875,0.8818359375,0.9912109375
yellow (565).jpg,yellow,0.1650390625,0.189453125,0.3291015625,0.3427734375,0.87890625,0.9990234375,1.0
yellow (566).jpg,yellow,0.1650390625,0.189453125,0.3291015625,0.3427734375,0.87890625,0.9990234375,1.0
yellow (567).jpg,yellow,0.1650390625,0.189453125,0.3291015625,0.3427734375,0.87890625,0.9990234375,1.0
yellow (568).jpg,yellow,0.1650390625,0.189453125,0.3291015625,0.3427734375,0.87890625,0.9990234375,1.0
yellow (569).jpg,yellow,0.1650390625,0.189453125,0.3291015625,0.3427734375,0.87890625,0.9990234375,1.0
yellow (57).jpg,yellow,0.1650390625,0.189453125,0.3291015625,0.3427734375,0.87890625,0.9990234375,1.0
yellow (570).jpg,yellow,0.171875,0.2041015625,0.3662109375,0.2421875,0.7890625,0.8505859375,0.98046875
yellow (571).jpg,yellow,0.08984375,0.1884765625,0.40234375,0.2099609375,0.7568359375,0.8916015625,1.0
yellow (572).jpg,yellow,0.2119140625,0.2822265625,0.4072265625,0.4189453125,0.9267578125,1.0,1.0
yellow (573).jpg,yellow,0.4296875,0.490234375,0.578125,0.5234375,0.923828125,0.9912109375,0.9990234375
yellow (574).jpg,yellow,0.263671875,0.306640625,0.4208984375,0.4091796875,0.90625,1.0,1.0
yellow (575).jpg,yellow,0.1650390625,0.189453125,0.3291015625,0.3427734375,0.87890625,0.9990234375,1.0
yellow (576).jpg,yellow,0.1650390625,0.189453125,0.3291015625,0.3427734375,0.87890625,0.9990234375,1.0
yellow (577).jpg,yellow,0.0986328125,0.1552734375,0.2685546875,0.2666015625,0.857421875,0.947265625,0.986328125
yellow (578).jpg,yellow,0.1650390625,0.189453125,0.3291015625,0.3427734375,0.87890625,0.9990234375,1.0
yellow (579).jpg,yellow,0.1650390625,0.189453125,0.3291015625,0.3427734375,0.87890625,0.9990234375,1.0
yellow (58).jpg,yellow,0.1650390625,0.189453125,0.3291015625,0.3427734375,0.87890625,0.9990234375,1.0
yellow (580).jpg,yellow,0.1650390625,0.189453125,0.3291015625,0.3427734375,0.87890625,0.9990234375,1.0
yellow (581).jpg,yellow,0.1650390625,0.189453125,0.3291015625,0.3427734375,0.87890625,0.9990234375,1.0
yellow (582).jpg,yellow,0.1650390625,0.189453125,0.3291015625,0.3427734375,0.87890625,0.9990234375,1.0
yellow (583).jpg,yellow,0.1650390625,0.189453125,0.3291015625,0.3427734375,0.87890625,0.9990234375,1.0
yellow (584).jpg,yellow,0.1650390625,0.189453125,0.3291015625,0.3427734375,0.87890625,0.9990234375,1.0
yellow (585).jpg,yellow,0.1650390625,0.189453125,0.3291015625,0.3427734375,0.87890625,0.9990234375,1.0
yellow (586).jpg,yellow,0.1650390625,0.189453125,0.3291015625,0.3427734375,0.87890625,0.9990234375,1.0
yellow (587).jpg,yellow,0.1650390625,0.189453125,0.3291015625,0.3427734375,0.87890625,0.9990234375,1.0
yellow (588).jpg,yellow,0.1162109375,0.150390625,0.37109375,0.228515625,0.8466796875,0.8818359375,0.9912109375
yellow (589).jpg,yellow,0.1650390625,0.189453125,0.3291015625,0.3427734375,0.87890625,0.9990234375,1.0
yellow (59).jpg,yellow,0.1650390625,0.189453125,0.3291015625,0.3427734375,0.87890625,0.9990234375,1.0
yellow (590).jpg,yellow,0.1650390625,0.189453125,0.3291015625,0.3427734375,0.87890625,0.9990234375,1.0
yellow (591).jpg,yellow,0.1650390625,0.189453125,0.3291015625,0.3427734375,0.87890625,0.9990234375,1.0
yellow (592).jpg,yellow,0.1650390625,0.189453125,0.3291015625,0.3427734375,0.87890625,0.9990234375,1.0
yellow (593).jpg,yellow,0.1650390625,0.189453125,0.3291015625,0.3427734375,0.87890625,0.9990234375,1.0
yellow (594).jpg,yellow,0.171875,0.2041015625,0.3662109375,0.2421875,0.7890625,0.8505859375,0.98046875
yellow (595).jpg,yellow,0.08984375,0.1884765625,0.40234375,0.2099609375,0.7568359375,0.8916015625,1.0
yellow (596).jpg,yellow,0.2119140625,0.2822265625,0.4072265625,0.4189453125,0.9267578125,1.0,1.0
yellow (597).jpg,yellow,0.4296875,0.490234375,0.578125,0.5234375,0.923828125,0.9912109375,0.9990234375
yellow (598).jpg,yellow,0.263671875,0.306640625,0.4208984375,0.4091796875,0.90625,1.0,1.0
yellow (599).jpg,yellow,0.1650390625,0.189453125,0.3291015625,0.3427734375,0.87890625,0.9990234375,1.0
yellow (6).jpg,yellow,0.4296875,0.490234375,0.578125,0.5234375,0.923828125,0.9912109375,0.9990234375
yellow (60).jpg,yellow,0.1162109375,0.150390625,0.37109375,0.228515625,0.8466796875,0.8818359375,0.9912109375
yellow (600).jpg,yellow,0.1650390625,0.189453125,0.3291015625,0.3427734375,0.87890625,0.9990234375,1.0
yellow (601).jpg,yellow,0.0986328125,0.1552734375,0.2685546875,0.2666015625,0.857421875,0.947265625,0.986328125
yellow (602).jpg,yellow,0.1650390625,0.189453125,0.3291015625,0.3427734375,0.87890625,0.9990234375,1.0
yellow (603).jpg,yellow,0.1650390625,0.189453125,0.3291015625,0.3427734375,0.87890625,0.9990234375,1.0
yellow (604).jpg,yellow,0.1650390625,0.189453125,0.3291015625,0.3427734375,0.87890625,0.9990234375,1.0
yellow (605).jpg,yellow,0.1650390625,0.189453125,0.3291015625,0.3427734375,0.87890625,0.9990234375,1.0
yellow (606).jpg,yellow,0.1650390625,0.189453125,0.3291015625,0.3427734375,0.87890625,0.9990234375,1.0
yellow (607).jpg,yellow,0.1650390625,0.189453125,0.3291015625,0.3427734375,0.87890625,0.9990234375,1.0
yellow (608).jpg,yellow,0.1650390625,0.189453125,0.3291015625,0.3427734375,0.87890625,0.9990234375,1.0
yellow (609).jpg,yellow,0.1650390625,0.189453125,0.3291015625,0.3427734375,0.87890625,0.9990234375,1.0
yellow (61).jpg,yellow,0.1650390625,0.189453125,0.3291015625,0.3427734375,0.87890625,0.9990234375,1.0
yellow (610).jpg,yellow,0.1650390625,0.189453125,0.3291015625,0.3427734375,0.87890625,0.9990234375,1.0
yellow (611).jpg,yellow,0.1650390625,0.189453125,0.3291015625,0.3427734375,0.87890625,0.9990234375,1.0
yellow (612).jpg,yellow,0.1162109375,0.150390625,0.37109375,0.228515625,0.8466796875,0.8818359375,0.9912109375
yellow (613).jpg,yellow,0.1650390625,0.189453125,0.3291015625,0.3427734375,0.87890625,0.9990234375,1.0
yellow (614).jpg,yellow,0.1650390625,0.189453125,0.3291015625,0.3427734375,0.87890625,0.9990234375,1.0
yellow (615).jpg,yellow,0.1650390625,0.189453125,0.3291015625,0.3427734375,0.87890625,0.9990234375,1.0
yellow (616).jpg,yellow,0.1650390625,0.189453125,0.3291015625,0.3427734375,0.87890625,0.9990234375,1.0
yellow (617).jpg,yellow,0.1650390625,0.189453125,0.3291015625,0.3427734375,0.87890625,0.9990234375,1.0
yellow (618).jpg,yellow,0.171875,0.2041015625,0.3662109375,0.2421875,0.7890625,0.8505859375,0.98046875
yellow (619).jpg,yellow,0.08984375,0.1884765625,0.40234375,0.2099609375,0.7568359375,0.8916015625,1.0
yellow (62).jpg,yellow,0.1650390625,0.189453125,0.3291015625,0.3427734375,0.87890625,0.9990234375,1.0
yellow (620).jpg,yellow,0.2119140625,0.2822265625,0.4072265625,0.4189453125,0.9267578125,1.0,1.0
yellow (621).jpg,yellow,0.4296875,0.490234375,0.578125,0.5234375,0.923828125,0.9912109375,0.9990234375
yellow (622).jpg,yellow,0.263671875,0.306640625,0.4208984375,0.4091796875,0.90625,1.0,1.0
yellow (623).jpg,yellow,0.1650390625,0.189453125,0.3291015625,0.3427734375,0.87890625,0.9990234375,1.0
yellow (624).jpg,yellow,0.1650390625,0.189453125,0.3291015625,0.3427734375,0.87890625,0.9990234375,1.0
yellow (625).jpg,yellow,0.0986328125,0.1552734375,0.2685546875,0.2666015625,0.857421875,0.947265625,0.986328125
yellow (626).jpg,yellow,0.1650390625,0.189453125,0.3291015625,0.3427734375,0.87890625,0.9990234375,1.0
yellow (627).jpg,yellow,0.1650390625,0.189453125,0.3291015625,0.3427734375,0.87890625,0.9990234375,1.0
yellow (628).jpg,yellow,0.1650390625,0.189453125,0.3291015625,0.3427734375,0.87890625,0.9990234375,1.0
yellow (629).jpg,yellow,0.1650390625,0.189453125,0.3291015625,0.3427734375,0.87890625,0.9990234375,1.0
yellow (63).jpg,yellow,0.1650390625,0.189453125,0.3291015625,0.3427734375,0.87890625,0.9990234375,1.0
yellow (630).jpg,yellow,0.1650390625,0.189453125,0.3291015625,0.3427734375,0.87890625,0.9990234375,1.0
yellow (631).jpg,yellow,0.1650390625,0.189453125,0.3291015625,0.3427734375,0.87890625,0.9990234375,1.0
yellow (632).jpg,yellow,0.1650390625,0.189453125,0.3291015625,0.3427734375,0.87890625,0.9990234375,1.0
yellow (633).jpg,yellow,0.1650390625,0.189453125,0.3291015625,0.3427734375,0.87890625,0.9990234375,1.0
yellow (634).jpg,yellow,0.1650390625,0.189453125,0.3291015625,0.3427734375,0.87890625,0.9990234375,1.0
yellow (635).jpg,yellow,0.1650390625,0.189453125,0.3291015625,0.3427734375,0.87890625,0.9990234375,1.0
yellow (636).jpg,yellow,0.1162109375,0.150390625,0.37109375,0.228515625,0.8466796875,0.8818359375,0.9912109375
yellow (637).jpg,yellow,0.1650390625,0.189453125,0.3291015625,0.3427734375,0.87890625,0.9990234375,1.0
yellow (638).jpg,yellow,0.1650390625,0.189453125,0.3291015625,0.3427734375,0.87890625,0.9990234375,1.0
yellow (639).jpg,yellow,0.1650390625,0.189453125,0.3291015625,0.3427734375,0.87890625,0.9990234375,1.0
yellow (64).jpg,yellow,0.1650390625,0.189453125,0.3291015625,0.3427734375,0.87890625,0.9990234375,1.0
yellow (640).jpg,yellow,0.1650390625,0.189453125,0.3291015625,0.3427734375,0.87890625,0.9990234375,1.0
yellow (641).jpg,yellow,0.1650390625,0.189453125,0.3291015625,0.3427734375,0.87890625,0.9990234375,1.0
yellow (642).jpg,yellow,0.171875,0.2041015625,0.3662109375,0.2421875,0.7890625,0.8505859375,0.98046875
yellow (643).jpg,yellow,0.08984375,0.1884765625,0.40234375,0.2099609375,0.7568359375,0.8916015625,1.0
yellow (644).jpg,yellow,0.2119140625,0.2822265625,0.4072265625,0.4189453125,0.9267578125,1.0,1.0
yellow (645).jpg,yellow,0.4296875,0.490234375,0.578125,0.5234375,0.923828125,0.9912109375,0.9990234375
yellow (646).jpg,yellow,0.263671875,0.306640625,0.4208984375,0.4091796875,0.90625,1.0,1.0
yellow (647).jpg,yellow,0.1650390625,0.189453125,0.3291015625,0.3427734375,0.87890625,0.9990234375,1.0
yellow (648).jpg,yellow,0.1650390625,0.189453125,0.3291015625,0.3427734375,0.87890625,0.9990234375,1.0
yellow (649).jpg,yellow,0.0986328125,0.1552734375,0.2685546875,0.2666015625,0.857421875,0.947265625,0.986328125
yellow (65).jpg,yellow,0.1650390625,0.189453125,0.3291015625,0.3427734375,0.87890625,0.9990234375,1.0
yellow (650).jpg,yellow,0.1650390625,0.189453125,0.3291015625,0.3427734375,0.87890625,0.9990234375,1.0
yellow (651).jpg,yellow,0.1650390625,0.189453125,0.3291015625,0.3427734375,0.87890625,0.9990234375,1.0
yellow (652).jpg,yellow,0.1650390625,0.189453125,0.3291015625,0.3427734375,0.87890625,0.9990234375,1.0
yellow (653).jpg,yellow,0.1650390625,0.189453125,0.3291015625,0.3427734375,0.87890625,0.9990234375,1.0
yellow (654).jpg,yellow,0.1650390625,0.189453125,0.3291015625,0.3427734375,0.87890625,0.9990234375,1.0
yellow (655).jpg,yellow,0.1650390625,0.189453125,0.3291015625,0.3427734375,0.87890625,0.9990234375,1.0
yellow (656).jpg,yellow,0.1650390625,0.189453125,0.3291015625,0.3427734375,0.87890625,0.9990234375,1.0
yellow (657).jpg,yellow,0.1650390625,0.189453125,0.3291015625,0.3427734375,0.87890625,0.9990234375,1.0
yellow (658).jpg,yellow,0.1650390625,0.189453125,0.3291015625,0.3427734375,0.87890625,0.9990234375,1.0
yellow (659).jpg,yellow,0.1650390625,0.189453125,0.3291015625,0.3427734375,0.87890625,0.9990234375,1.0
yellow (66).jpg,yellow,0.171875,0.2041015625,0.3662109375,0.2421875,0.7890625,0.8505859375,0.98046875
yellow (660).jpg,yellow,0.1162109375,0.150390625,0.37109375,0.228515625,0.8466796875,0.8818359375,0.9912109375
yellow (661).jpg,yellow,0.1650390625,0.189453125,0.3291015625,0.3427734375,0.87890625,0.9990234375,1.0
yellow (662).jpg,yellow,0.1650390625,0.189453125,0.3291015625,0.3427734375,0.87890625,0.9990234375,1.0
yellow (663).jpg,yellow,0.1650390625,0.189453125,0.3291015625,0.3427734375,0.87890625,0.9990234375,1.0
yellow (664).jpg,yellow,0.1650390625,0.189453125,0.3291015625,0.3427734375,0.87890625,0.9990234375,1.0
yellow (665).jpg,yellow,0.1650390625,0.189453125,0.3291015625,0.3427734375,0.87890625,0.9990234375,1.0
yellow (666).jpg,yellow,0.171875,0.2041015625,0.3662109375,0.2421875,0.7890625,0.8505859375,0.98046875
yellow (667).jpg,yellow,0.08984375,0.1884765625,0.40234375,0.2099609375,0.7568359375,0.8916015625,1.0
yellow (668).jpg,yellow,0.2119140625,0.2822265625,0.4072265625,0.4189453125,0.9267578125,1.0,1.0
yellow (669).jpg,yellow,0.4296875,0.490234375,0.578125,0.5234375,0.923828125,0.9912109375,0.9990234375
yellow (67).jpg,yellow,0.08984375,0.1884765625,0.40234375,0.2099609375,0.7568359375,0.8916015625,1.0
yellow (670).jpg,yellow,0.263671875,0.306640625,0.4208984375,0.4091796875,0.90625,1.0,1.0
yellow (671).jpg,yellow,0.1650390625,0.189453125,0.3291015625,0.3427734375,0.87890625,0.9990234375,1.0
yellow (672).jpg,yellow,0.1650390625,0.189453125,0.3291015625,0.3427734375,0.87890625,0.9990234375,1.0
yellow (673).jpg,yellow,0.0986328125,0.1552734375,0.2685546875,0.2666015625,0.857421875,0.947265625,0.986328125
yellow (674).jpg,yellow,0.1650390625,0.189453125,0.3291015625,0.3427734375,0.87890625,0.9990234375,1.0
yellow (675).jpg,yellow,0.1650390625,0.189453125,0.3291015625,0.3427734375,0.87890625,0.9990234375,1.0
yellow (676).jpg,yellow,0.1650390625,0.189453125,0.3291015625,0.3427734375,0.87890625,0.9990234375,1.0
yellow (677).jpg,yellow,0.1650390625,0.189453125,0.3291015625,0.3427734375,0.87890625,0.9990234375,1.0
yellow (678).jpg,yellow,0.1650390625,0.189453125,0.3291015625,0.3427734375,0.87890625,0.9990234375,1.0
yellow (679).jpg,yellow,0.1650390625,0.189453125,0.3291015625,0.3427734375,0.87890625,0.9990234375,1.0
yellow (68).jpg,yellow,0.2119140625,0.2822265625,0.4072265625,0.4189453125,0.9267578125,1.0,1.0
yellow (680).jpg,yellow,0.1650390625,0.189453125,0.3291015625,0.3427734375,0.87890625,0.9990234375,1.0
yellow (681).jpg,yellow,0.1650390625,0.189453125,0.3291015625,0.3427734375,0.87890625,0.9990234375,1.0
yellow (682).jpg,yellow,0.1650390625,0.189453125,0.3291015625,0.3427734375,0.87890625,0.9990234375,1.0
yellow (683).jpg,yellow,0.1650390625,0.189453125,0.3291015625,0.3427734375,0.87890625,0.9990234375,1.0
yellow (684).jpg,yellow,0.1162109375,0.150390625,0.37109375,0.228515625,0.8466796875,0.8818359375,0.9912109375
yellow (685).jpg,yellow,0.1650390625,0.189453125,0.3291015625,0.3427734375,0.87890625,0.9990234375,1.0
yellow (686).jpg,yellow,0.1650390625,0.189453125,0.3291015625,0.3427734375,0.87890625,0.9990234375,1.0
yellow (687).jpg,yellow,0.1650390625,0.189453125,0.3291015625,0.3427734375,0.87890625,0.9990234375,1.0
yellow (688).jpg,yellow,0.1650390625,0.189453125,0.3291015625,0.3427734375,0.87890625,0.9990234375,1.0
yellow (689).jpg,yellow,0.1650390625,0.189453125,0.3291015625,0.3427734375,0.87890625,0.9990234375,1.0
yellow (69).jpg,yellow,0.4296875,0.490234375,0.578125,0.5234375,0.923828125,0.9912109375,0.9990234375
yellow (690).jpg,yellow,0.171875,0.2041015625,0.3662109375,0.2421875,0.7890625,0.8505859375,0.98046875
yellow (691).jpg,yellow,0.08984375,0.1884765625,0.40234375,0.2099609375,0.7568359375,0.8916015625,1.0
yellow (692).jpg,yellow,0.2119140625,0.2822265625,0.4072265625,0.4189453125,0.9267578125,1.0,1.0
yellow (693).jpg,yellow,0.4296875,0.490234375,0.578125,0.5234375,0.923828125,0.9912109375,0.9990234375
yellow (694).jpg,yellow,0.263671875,0.306640625,0.4208984375,0.4091796875,0.90625,1.0,1.0
yellow (695).jpg,yellow,0.1650390625,0.189453125,0.3291015625,0.3427734375,0.87890625,0.9990234375,1.0
yellow (696).jpg,yellow,0.1650390625,0.189453125,0.3291015625,0.3427734375,0.87890625,0.9990234375,1.0
yellow (697).jpg,yellow,0.0986328125,0.1552734375,0.2685546875,0.2666015625,0.857421875,0.947265625,0.986328125
yellow (698).jpg,yellow,0.1650390625,0.189453125,0.3291015625,0.3427734375,0.87890625,0.9990234375,1.0
yellow (699).jpg,yellow,0.1650390625,0.189453125,0.3291015625,0.3427734375,0.87890625,0.9990234375,1.0
yellow (7).jpg,yellow,0.263671875,0.306640625,0.4208984375,0.4091796875,0.90625,1.0,1.0
yellow (70).jpg,yellow,0.263671875,0.306640625,0.4208984375,0.4091796875,0.90625,1.0,1.0
yellow (700).jpg,yellow,0.1650390625,0.189453125,0.3291015625,0.3427734375,0.87890625,0.9990234375,1.0
yellow (701).jpg,yellow,0.1650390625,0.189453125,0.3291015625,0.3427734375,0.87890625,0.9990234375,1.0
yellow (702).jpg,yellow,0.1650390625,0.189453125,0.3291015625,0.3427734375,0.87890625,0.9990234375,1.0
yellow (703).jpg,yellow,0.1650390625,0.189453125,0.3291015625,0.3427734375,0.87890625,0.9990234375,1.0
yellow (704).jpg,yellow,0.1650390625,0.189453125,0.3291015625,0.3427734375,0.87890625,0.9990234375,1.0
yellow (705).jpg,yellow,0.1650390625,0.189453125,0.3291015625,0.3427734375,0.87890625,0.9990234375,1.0
yellow (706).jpg,yellow,0.1650390625,0.189453125,0.3291015625,0.3427734375,0.87890625,0.9990234375,1.0
yellow (707).jpg,yellow,0.1650390625,0.189453125,0.3291015625,0.3427734375,0.87890625,0.9990234375,1.0
yellow (708).jpg,yellow,0.1162109375,0.150390625,0.37109375,0.228515625,0.8466796875,0.8818359375,0.9912109375
yellow (709).jpg,yellow,0.1650390625,0.189453125,0.3291015625,0.3427734375,0.87890625,0.9990234375,1.0
yellow (71).jpg,yellow,0.1650390625,0.189453125,0.3291015625,0.3427734375,0.87890625,0.9990234375,1.0
yellow (710).jpg,yellow,0.1650390625,0.189453125,0.3291015625,0.3427734375,0.87890625,0.9990234375,1.0
yellow (711).jpg,yellow,0.1650390625,0.189453125,0.3291015625,0.3427734375,0.87890625,0.9990234375,1.0
yellow (712).jpg,yellow,0.1650390625,0.189453125,0.3291015625,0.3427734375,0.87890625,0.9990234375,1.0
yellow (713).jpg,yellow,0.1650390625,0.189453125,0.3291015625,0.3427734375,0.87890625,0.9990234375,1.0
yellow (714).jpg,yellow,0.171875,0.2041015625,0.3662109375,0.2421875,0.7890625,0.8505859375,0.98046875
yellow (715).jpg,yellow,0.08984375,0.1884765625,0.40234375,0.2099609375,0.7568359375,0.8916015625,1.0
yellow (716).jpg,yellow,0.2119140625,0.2822265625,0.4072265625,0.4189453125,0.9267578125,1.0,1.0
yellow (717).jpg,yellow,0.4296875,0.490234375,0.578125,0.5234375,0.923828125,0.9912109375,0.9990234375
yellow (718).jpg,yellow,0.263671875,0.306640625,0.4208984375,0.4091796875,0.90625,1.0,1.0
yellow (719).jpg,yellow,0.1650390625,0.189453125,0.3291015625,0.3427734375,0.87890625,0.9990234375,1.0
yellow (72).jpg,yellow,0.1650390625,0.189453125,0.3291015625,0.3427734375,0.87890625,0.9990234375,1.0
yellow (720).jpg,yellow,0.1650390625,0.189453125,0.3291015625,0.3427734375,0.87890625,0.9990234375,1.0
yellow (721).jpg,yellow,0.0986328125,0.1552734375,0.2685546875,0.2666015625,0.857421875,0.947265625,0.986328125
yellow (722).jpg,yellow,0.1650390625,0.189453125,0.3291015625,0.3427734375,0.87890625,0.9990234375,1.0
yellow (723).jpg,yellow,0.1650390625,0.189453125,0.3291015625,0.3427734375,0.87890625,0.9990234375,1.0
yellow (724).jpg,yellow,0.1650390625,0.189453125,0.3291015625,0.3427734375,0.87890625,0.9990234375,1.0
yellow (725).jpg,yellow,0.1650390625,0.189453125,0.3291015625,0.3427734375,0.87890625,0.9990234375,1.0
yellow (726).jpg,yellow,0.1650390625,0.189453125,0.3291015625,0.3427734375,0.87890625,0.9990234375,1.0
yellow (727).jpg,yellow,0.1650390625,0.189453125,0.3291015625,0.3427734375,0.87890625,0.9990234375,1.0
yellow (728).jpg,yellow,0.1650390625,0.189453125,0.3291015625,0.3427734375,0.87890625,0.9990234375,1.0
yellow (729).jpg,yellow,0.1650390625,0.189453125,0.3291015625,0.3427734375,0.87890625,0.9990234375,1.0
yellow (73).jpg,yellow,0.0986328125,0.1552734375,0.2685546875,0.2666015625,0.857421875,0.947265625,0.986328125
yellow (730).jpg,yellow,0.1650390625,0.189453125,0.3291015625,0.3427734375,0.87890625,0.9990234375,1.0
yellow (731).jpg,yellow,0.1650390625,0.189453125,0.3291015625,0.3427734375,0.87890625,0.9990234375,1.0
yellow (732).jpg,yellow,0.1162109375,0.150390625,0.37109375,0.228515625,0.8466796875,0.8818359375,0.9912109375
yellow (733).jpg,yellow,0.1650390625,0.189453125,0.3291015625,0.3427734375,0.87890625,0.9990234375,1.0
yellow (734).jpg,yellow,0.1650390625,0.189453125,0.3291015625,0.3427734375,0.87890625,0.9990234375,1.0
yellow (735).jpg,yellow,0.1650390625,0.189453125,0.3291015625,0.3427734375,0.87890625,0.9990234375,1.0
yellow (736).jpg,yellow,0.1650390625,0.189453125,0.3291015625,0.3427734375,0.87890625,0.9990234375,1.0
yellow (737).jpg,yellow,0.1650390625,0.189453125,0.3291015625,0.3427734375,0.87890625,0.9990234375,1.0
yellow (738).jpg,yellow,0.171875,0.2041015625,0.3662109375,0.2421875,0.7890625,0.8505859375,0.98046875
yellow (739).jpg,yellow,0.08984375,0.1884765625,0.40234375,0.2099609375,0.7568359375,0.8916015625,1.0
yellow (74).jpg,yellow,0.1650390625,0.189453125,0.3291015625,0.3427734375,0.87890625,0.9990234375,1.0
yellow (740).jpg,yellow,0.2119140625,0.2822265625,0.4072265625,0.4189453125,0.9267578125,1.0,1.0
yellow (741).jpg,yellow,0.4296875,0.490234375,0.578125,0.5234375,0.923828125,0.9912109375,0.9990234375
yellow (742).jpg,yellow,0.263671875,0.306640625,0.4208984375,0.4091796875,0.90625,1.0,1.0
yellow (743).jpg,yellow,0.1650390625,0.189453125,0.3291015625,0.3427734375,0.87890625,0.9990234375,1.0
yellow (744).jpg,yellow,0.1650390625,0.189453125,0.3291015625,0.3427734375,0.87890625,0.9990234375,1.0
yellow (745).jpg,yellow,0.0986328125,0.1552734375,0.2685546875,0.2666015625,0.857421875,0.947265625,0.986328125
yellow (746).jpg,yellow,0.1650390625,0.189453125,0.3291015625,0.3427734375,0.87890625,0.9990234375,1.0
yellow (747).jpg,yellow,0.1650390625,0.189453125,0.3291015625,0.3427734375,0.87890625,0.9990234375,1.0
yellow (748).jpg,yellow,0.1650390625,0.189453125,0.3291015625,0.3427734375,0.87890625,0.9990234375,1.0
yellow (749).jpg,yellow,0.1650390625,0.189453125,0.3291015625,0.3427734375,0.87890625,0.9990234375,1.0
yellow (75).jpg,yellow,0.1650390625,0.189453125,0.3291015625,0.3427734375,0.87890625,0.9990234375,1.0
yellow (750).jpg,yellow,0.1650390625,0.189453125,0.3291015625,0.3427734375,0.87890625,0.9990234375,1.0
yellow (751).jpg,yellow,0.1650390625,0.189453125,0.3291015625,0.3427734375,0.87890625,0.9990234375,1.0
yellow (752).jpg,yellow,0.1650390625,0.189453125,0.3291015625,0.3427734375,0.87890625,0.9990234375,1.0
yellow (753).jpg,yellow,0.1650390625,0.189453125,0.3291015625,0.3427734375,0.87890625,0.9990234375,1.0
yellow (754).jpg,yellow,0.1650390625,0.189453125,0.3291015625,0.3427734375,0.87890625,0.9990234375,1.0
yellow (755).jpg,yellow,0.1650390625,0.189453125,0.3291015625,0.3427734375,0.87890625,0.9990234375,1.0
yellow (756).jpg,yellow,0.1162109375,0.150390625,0.37109375,0.228515625,0.8466796875,0.8818359375,0.9912109375
yellow (757).jpg,yellow,0.1650390625,0.189453125,0.3291015625,0.3427734375,0.87890625,0.9990234375,1.0
yellow (758).jpg,yellow,0.1650390625,0.189453125,0.3291015625,0.3427734375,0.87890625,0.9990234375,1.0
yellow (759).jpg,yellow,0.1650390625,0.189453125,0.3291015625,0.3427734375,0.87890625,0.9990234375,1.0
yellow (76).jpg,yellow,0.1650390625,0.189453125,0.3291015625,0.3427734375,0.87890625,0.9990234375,1.0
yellow (760).jpg,yellow,0.1650390625,0.189453125,0.3291015625,0.3427734375,0.87890625,0.9990234375,1.0
yellow (761).jpg,yellow,0.1650390625,0.189453125,0.3291015625,0.3427734375,0.87890625,0.9990234375,1.0
yellow (762).jpg,yellow,0.171875,0.2041015625,0.3662109375,0.2421875,0.7890625,0.8505859375,0.98046875
yellow (763).jpg,yellow,0.08984375,0.1884765625,0.40234375,0.2099609375,0.7568359375,0.8916015625,1.0
yellow (764).jpg,yellow,0.2119140625,0.2822265625,0.4072265625,0.4189453125,0.9267578125,1.0,1.0
yellow (765).jpg,yellow,0.4296875,0.490234375,0.578125,0.5234375,0.923828125,0.9912109375,0.9990234375
yellow (766).jpg,yellow,0.263671875,0.306640625,0.4208984375,0.4091796875,0.90625,1.0,1.0
yellow (767).jpg,yellow,0.1650390625,0.189453125,0.3291015625,0.3427734375,0.87890625,0.9990234375,1.0
yellow (768).jpg,yellow,0.1650390625,0.189453125,0.3291015625,0.3427734375,0.87890625,0.9990234375,1.0
yellow (769).jpg,yellow,0.0986328125,0.1552734375,0.2685546875,0.2666015625,0.857421875,0.947265625,0.986328125
yellow (77).jpg,yellow,0.1650390625,0.189453125,0.3291015625,0.3427734375,0.87890625,0.9990234375,1.0
yellow (770).jpg,yellow,0.1650390625,0.189453125,0.3291015625,0.3427734375,0.87890625,0.9990234375,1.0
yellow (771).jpg,yellow,0.1650390625,0.189453125,0.3291015625,0.3427734375,0.87890625,0.9990234375,1.0
yellow (772).jpg,yellow,0.1650390625,0.189453125,0.3291015625,0.3427734375,0.87890625,0.9990234375,1.0
yellow (773).jpg,yellow,0.1650390625,0.189453125,0.3291015625,0.3427734375,0.87890625,0.9990234375,1.0
yellow (774).jpg,yellow,0.1650390625,0.189453125,0.3291015625,0.3427734375,0.87890625,0.9990234375,1.0
yellow (775).jpg,yellow,0.1650390625,0.189453125,0.3291015625,0.3427734375,0.87890625,0.9990234375,1.0
yellow (776).jpg,yellow,0.1650390625,0.189453125,0.3291015625,0.3427734375,0.87890625,0.9990234375,1.0
yellow (777).jpg,yellow,0.1650390625,0.189453125,0.3291015625,0.3427734375,0.87890625,0.9990234375,1.0
yellow (778).jpg,yellow,0.1650390625,0.189453125,0.3291015625,0.3427734375,0.87890625,0.9990234375,1.0
yellow (779).jpg,yellow,0.1650390625,0.189453125,0.3291015625,0.3427734375,0.87890625,0.9990234375,1.0
yellow (78).jpg,yellow,0.1650390625,0.189453125,0.3291015625,0.3427734375,0.87890625,0.9990234375,1.0
yellow (780).jpg,yellow,0.1162109375,0.150390625,0.37109375,0.228515625,0.8466796875,0.8818359375,0.9912109375
yellow (781).jpg,yellow,0.1650390625,0.189453125,0.3291015625,0.3427734375,0.87890625,0.9990234375,1.0
yellow (782).jpg,yellow,0.1650390625,0.189453125,0.3291015625,0.3427734375,0.87890625,0.9990234375,1.0
yellow (783).jpg,yellow,0.1650390625,0.189453125,0.3291015625,0.3427734375,0.87890625,0.9990234375,1.0
yellow (784).jpg,yellow,0.1650390625,0.189453125,0.3291015625,0.3427734375,0.87890625,0.9990234375,1.0
yellow (785).jpg,yellow,0.1650390625,0.189453125,0.3291015625,0.3427734375,0.87890625,0.9990234375,1.0
yellow (786).jpg,yellow,0.171875,0.2041015625,0.3662109375,0.2421875,0.7890625,0.8505859375,0.98046875
yellow (787).jpg,yellow,0.08984375,0.1884765625,0.40234375,0.2099609375,0.7568359375,0.8916015625,1.0
yellow (788).jpg,yellow,0.2119140625,0.2822265625,0.4072265625,0.4189453125,0.9267578125,1.0,1.0
yellow (789).jpg,yellow,0.4296875,0.490234375,0.578125,0.5234375,0.923828125,0.9912109375,0.9990234375
yellow (79).jpg,yellow,0.1650390625,0.189453125,0.3291015625,0.3427734375,0.87890625,0.9990234375,1.0
yellow (790).jpg,yellow,0.263671875,0.306640625,0.4208984375,0.4091796875,0.90625,1.0,1.0
yellow (791).jpg,yellow,0.1650390625,0.189453125,0.3291015625,0.3427734375,0.87890625,0.9990234375,1.0
yellow (792).jpg,yellow,0.1650390625,0.189453125,0.3291015625,0.3427734375,0.87890625,0.9990234375,1.0
yellow (793).jpg,yellow,0.0986328125,0.1552734375,0.2685546875,0.2666015625,0.857421875,0.947265625,0.986328125
yellow (794).jpg,yellow,0.1650390625,0.189453125,0.3291015625,0.3427734375,0.87890625,0.9990234375,1.0
yellow (795).jpg,yellow,0.1650390625,0.189453125,0.3291015625,0.3427734375,0.87890625,0.9990234375,1.0
yellow (796).jpg,yellow,0.1650390625,0.189453125,0.3291015625,0.3427734375,0.87890625,0.9990234375,1.0
yellow (797).jpg,yellow,0.1650390625,0.189453125,0.3291015625,0.3427734375,0.87890625,0.9990234375,1.0
yellow (798).jpg,yellow,0.1650390625,0.189453125,0.3291015625,0.3427734375,0.87890625,0.9990234375,1.0
yellow (799).jpg,yellow,0.1650390625,0.189453125,0.3291015625,0.3427734375,0.87890625,0.9990234375,1.0
yellow (8).jpg,yellow,0.1650390625,0.189453125,0.3291015625,0.3427734375,0.87890625,0.9990234375,1.0
yellow (80).jpg,yellow,0.1650390625,0.189453125,0.3291015625,0.3427734375,0.87890625,0.9990234375,1.0
yellow (800).jpg,yellow,0.1650390625,0.189453125,0.3291015625,0.3427734375,0.87890625,0.9990234375,1.0
yellow (801).jpg,yellow,0.1650390625,0.189453125,0.3291015625,0.3427734375,0.87890625,0.9990234375,1.0
yellow (802).jpg,yellow,0.1650390625,0.189453125,0.3291015625,0.3427734375,0.87890625,0.9990234375,1.0
yellow (803).jpg,yellow,0.1650390625,0.189453125,0.3291015625,0.3427734375,0.87890625,0.9990234375,1.0
yellow (804).jpg,yellow,0.1162109375,0.150390625,0.37109375,0.228515625,0.8466796875,0.8818359375,0.9912109375
yellow (805).jpg,yellow,0.1650390625,0.189453125,0.3291015625,0.3427734375,0.87890625,0.9990234375,1.0
yellow (806).jpg,yellow,0.1650390625,0.189453125,0.3291015625,0.3427734375,0.87890625,0.9990234375,1.0
yellow (807).jpg,yellow,0.1650390625,0.189453125,0.3291015625,0.3427734375,0.87890625,0.9990234375,1.0
yellow (808).jpg,yellow,0.1650390625,0.189453125,0.3291015625,0.3427734375,0.87890625,0.9990234375,1.0
yellow (809).jpg,yellow,0.1650390625,0.189453125,0.3291015625,0.3427734375,0.87890625,0.9990234375,1.0
yellow (81).jpg,yellow,0.1650390625,0.189453125,0.3291015625,0.3427734375,0.87890625,0.9990234375,1.0
yellow (810).jpg,yellow,0.171875,0.2041015625,0.3662109375,0.2421875,0.7890625,0.8505859375,0.98046875
yellow (811).jpg,yellow,0.08984375,0.1884765625,0.40234375,0.2099609375,0.7568359375,0.8916015625,1.0
yellow (812).jpg,yellow,0.2119140625,0.2822265625,0.4072265625,0.4189453125,0.9267578125,1.0,1.0
yellow (813).jpg,yellow,0.4296875,0.490234375,0.578125,0.5234375,0.923828125,0.9912109375,0.9990234375
yellow (814).jpg,yellow,0.263671875,0.306640625,0.4208984375,0.4091796875,0.90625,1.0,1.0
yellow (815).jpg,yellow,0.1650390625,0.189453125,0.3291015625,0.3427734375,0.87890625,0.9990234375,1.0
yellow (816).jpg,yellow,0.1650390625,0.189453125,0.3291015625,0.3427734375,0.87890625,0.9990234375,1.0
yellow (817).jpg,yellow,0.0986328125,0.1552734375,0.2685546875,0.2666015625,0.857421875,0.947265625,0.986328125
yellow (818).jpg,yellow,0.1650390625,0.189453125,0.3291015625,0.3427734375,0.87890625,0.9990234375,1.0
yellow (819).jpg,yellow,0.1650390625,0.189453125,0.3291015625,0.3427734375,0.87890625,0.9990234375,1.0
yellow (82).jpg,yellow,0.1650390625,0.189453125,0.3291015625,0.3427734375,0.87890625,0.9990234375,1.0
yellow (820).jpg,yellow,0.1650390625,0.189453125,0.3291015625,0.3427734375,0.87890625,0.9990234375,1.0
yellow (821).jpg,yellow,0.1650390625,0.189453125,0.3291015625,0.3427734375,0.87890625,0.9990234375,1.0
yellow (822).jpg,yellow,0.1650390625,0.189453125,0.3291015625,0.3427734375,0.87890625,0.9990234375,1.0
yellow (823).jpg,yellow,0.1650390625,0.189453125,0.3291015625,0.3427734375,0.87890625,0.9990234375,1.0
yellow (824).jpg,yellow,0.1650390625,0.189453125,0.3291015625,0.3427734375,0.87890625,0.9990234375,1.0
yellow (825).jpg,yellow,0.1650390625,0.189453125,0.3291015625,0.3427734375,0.87890625,0.9990234375,1.0
yellow (826).jpg,yellow,0.1650390625,0.189453125,0.3291015625,0.3427734375,0.87890625,0.9990234375,1.0
yellow (827).jpg,yellow,0.1650390625,0.189453125,0.3291015625,0.3427734375,0.87890625,0.9990234375,1.0
yellow (828).jpg,yellow,0.1162109375,0.150390625,0.37109375,0.228515625,0.8466796875,0.8818359375,0.9912109375
yellow (829).jpg,yellow,0.1650390625,0.189453125,0.3291015625,0.3427734375,0.87890625,0.9990234375,1.0
yellow (83).jpg,yellow,0.1650390625,0.189453125,0.3291015625,0.3427734375,0.87890625,0.9990234375,1.0
yellow (830).jpg,yellow,0.1650390625,0.189453125,0.3291015625,0.3427734375,0.87890625,0.9990234375,1.0
yellow (831).jpg,yellow,0.1650390625,0.189453125,0.3291015625,0.3427734375,0.87890625,0.9990234375,1.0
yellow (832).jpg,yellow,0.1650390625,0.189453125,0.3291015625,0.3427734375,0.87890625,0.9990234375,1.0
yellow (833).jpg,yellow,0.1650390625,0.189453125,0.3291015625,0.3427734375,0.87890625,0.9990234375,1.0
yellow (834).jpg,yellow,0.171875,0.2041015625,0.3662109375,0.2421875,0.7890625,0.8505859375,0.98046875
yellow (835).jpg,yellow,0.08984375,0.1884765625,0.40234375,0.2099609375,0.7568359375,0.8916015625,1.0
yellow (836).jpg,yellow,0.2119140625,0.2822265625,0.4072265625,0.4189453125,0.9267578125,1.0,1.0
yellow (837).jpg,yellow,0.4296875,0.490234375,0.578125,0.5234375,0.923828125,0.9912109375,0.9990234375
yellow (838).jpg,yellow,0.263671875,0.306640625,0.4208984375,0.4091796875,0.90625,1.0,1.0
yellow (839).jpg,yellow,0.1650390625,0.189453125,0.3291015625,0.3427734375,0.87890625,0.9990234375,1.0
yellow (84).jpg,yellow,0.1162109375,0.150390625,0.37109375,0.228515625,0.8466796875,0.8818359375,0.9912109375
yellow (840).jpg,yellow,0.1650390625,0.189453125,0.3291015625,0.3427734375,0.87890625,0.9990234375,1.0
yellow (841).jpg,yellow,0.0986328125,0.1552734375,0.2685546875,0.2666015625,0.857421875,0.947265625,0.986328125
yellow (842).jpg,yellow,0.1650390625,0.189453125,0.3291015625,0.3427734375,0.87890625,0.9990234375,1.0
yellow (843).jpg,yellow,0.1650390625,0.189453125,0.3291015625,0.3427734375,0.87890625,0.9990234375,1.0
yellow (844).jpg,yellow,0.1650390625,0.189453125,0.3291015625,0.3427734375,0.87890625,0.9990234375,1.0
yellow (845).jpg,yellow,0.1650390625,0.189453125,0.3291015625,0.3427734375,0.87890625,0.9990234375,1.0
yellow (846).jpg,yellow,0.1650390625,0.189453125,0.3291015625,0.3427734375,0.87890625,0.9990234375,1.0
yellow (847).jpg,yellow,0.1650390625,0.189453125,0.3291015625,0.3427734375,0.87890625,0.9990234375,1.0
yellow (848).jpg,yellow,0.1650390625,0.189453125,0.3291015625,0.3427734375,0.87890625,0.9990234375,1.0
yellow (849).jpg,yellow,0.1650390625,0.189453125,0.3291015625,0.3427734375,0.87890625,0.9990234375,1.0
yellow (85).jpg,yellow,0.1650390625,0.189453125,0.3291015625,0.3427734375,0.87890625,0.9990234375,1.0
yellow (850).jpg,yellow,0.1650390625,0.189453125,0.3291015625,0.3427734375,0.87890625,0.9990234375,1.0
yellow (851).jpg,yellow,0.1650390625,0.189453125,0.3291015625,0.3427734375,0.87890625,0.9990234375,1.0
yellow (852).jpg,yellow,0.1162109375,0.150390625,0.37109375,0.228515625,0.8466796875,0.8818359375,0.9912109375
yellow (853).jpg,yellow,0.1650390625,0.189453125,0.3291015625,0.3427734375,0.87890625,0.9990234375,1.0
yellow (854).jpg,yellow,0.1650390625,0.189453125,0.3291015625,0.3427734375,0.87890625,0.9990234375,1.0
yellow (855).jpg,yellow,0.1650390625,0.189453125,0.3291015625,0.3427734375,0.87890625,0.9990234375,1.0
yellow (856).jpg,yellow,0.1650390625,0.189453125,0.3291015625,0.3427734375,0.87890625,0.9990234375,1.0
yellow (857).jpg,yellow,0.1650390625,0.189453125,0.3291015625,0.3427734375,0.87890625,0.9990234375,1.0
yellow (858).jpg,yellow,0.171875,0.2041015625,0.3662109375,0.2421875,0.7890625,0.8505859375,0.98046875
yellow (859).jpg,yellow,0.08984375,0.1884765625,0.40234375,0.2099609375,0.7568359375,0.8916015625,1.0
yellow (86).jpg,yellow,0.1650390625,0.189453125,0.3291015625,0.3427734375,0.87890625,0.9990234375,1.0
yellow (860).jpg,yellow,0.2119140625,0.2822265625,0.4072265625,0.4189453125,0.9267578125,1.0,1.0
yellow (861).jpg,yellow,0.4296875,0.490234375,0.578125,0.5234375,0.923828125,0.9912109375,0.9990234375
yellow (862).jpg,yellow,0.263671875,0.306640625,0.4208984375,0.4091796875,0.90625,1.0,1.0
yellow (863).jpg,yellow,0.1650390625,0.189453125,0.3291015625,0.3427734375,0.87890625,0.9990234375,1.0
yellow (864).jpg,yellow,0.1650390625,0.189453125,0.3291015625,0.3427734375,0.87890625,0.9990234375,1.0
yellow (865).jpg,yellow,0.0986328125,0.1552734375,0.2685546875,0.2666015625,0.857421875,0.947265625,0.986328125
yellow (866).jpg,yellow,0.1650390625,0.189453125,0.3291015625,0.3427734375,0.87890625,0.9990234375,1.0
yellow (867).jpg,yellow,0.1650390625,0.189453125,0.3291015625,0.3427734375,0.87890625,0.9990234375,1.0
yellow (868).jpg,yellow,0.1650390625,0.189453125,0.3291015625,0.3427734375,0.87890625,0.9990234375,1.0
yellow (869).jpg,yellow,0.1650390625,0.189453125,0.3291015625,0.3427734375,0.87890625,0.9990234375,1.0
yellow (87).jpg,yellow,0.1650390625,0.189453125,0.3291015625,0.3427734375,0.87890625,0.9990234375,1.0
yellow (870).jpg,yellow,0.1650390625,0.189453125,0.3291015625,0.3427734375,0.87890625,0.9990234375,1.0
yellow (871).jpg,yellow,0.1650390625,0.189453125,0.3291015625,0.3427734375,0.87890625,0.9990234375,1.0
yellow (872).jpg,yellow,0.1650390625,0.189453125,0.3291015625,0.3427734375,0.87890625,0.9990234375,1.0
yellow (873).jpg,yellow,0.1650390625,0.189453125,0.3291015625,0.3427734375,0.87890625,0.9990234375,1.0
yellow (874).jpg,yellow,0.1650390625,0.189453125,0.3291015625,0.3427734375,0.87890625,0.9990234375,1.0
yellow (875).jpg,yellow,0.1650390625,0.189453125,0.3291015625,0.3427734375,0.87890625,0.9990234375,1.0
yellow (876).jpg,yellow,0.1162109375,0.150390625,0.37109375,0.228515625,0.8466796875,0.8818359375,0.9912109375
yellow (877).jpg,yellow,0.1650390625,0.189453125,0.3291015625,0.3427734375,0.87890625,0.9990234375,1.0
yellow (878).jpg,yellow,0.1650390625,0.189453125,0.3291015625,0.3427734375,0.87890625,0.9990234375,1.0
yellow (879).jpg,yellow,0.1650390625,0.189453125,0.3291015625,0.3427734375,0.87890625,0.9990234375,1.0
yellow (88).jpg,yellow,0.1650390625,0.189453125,0.3291015625,0.3427734375,0.87890625,0.9990234375,1.0
yellow (880).jpg,yellow,0.1650390625,0.189453125,0.3291015625,0.3427734375,0.87890625,0.9990234375,1.0
yellow (881).jpg,yellow,0.1650390625,0.189453125,0.3291015625,0.3427734375,0.87890625,0.9990234375,1.0
yellow (882).jpg,yellow,0.171875,0.2041015625,0.3662109375,0.2421875,0.7890625,0.8505859375,0.98046875
yellow (883).jpg,yellow,0.08984375,0.1884765625,0.40234375,0.2099609375,0.7568359375,0.8916015625,1.0
yellow (884).jpg,yellow,0.2119140625,0.2822265625,0.4072265625,0.4189453125,0.9267578125,1.0,1.0
yellow (885).jpg,yellow,0.4296875,0.490234375,0.578125,0.5234375,0.923828125,0.9912109375,0.9990234375
yellow (886).jpg,yellow,0.263671875,0.306640625,0.4208984375,0.4091796875,0.90625,1.0,1.0
yellow (887).jpg,yellow,0.1650390625,0.189453125,0.3291015625,0.3427734375,0.87890625,0.9990234375,1.0
yellow (888).jpg,yellow,0.1650390625,0.189453125,0.3291015625,0.3427734375,0.87890625,0.9990234375,1.0
yellow (889).jpg,yellow,0.0986328125,0.1552734375,0.2685546875,0.2666015625,0.857421875,0.947265625,0.986328125
yellow (89).jpg,yellow,0.1650390625,0.189453125,0.3291015625,0.3427734375,0.87890625,0.9990234375,1.0
yellow (890).jpg,yellow,0.1650390625,0.189453125,0.3291015625,0.3427734375,0.87890625,0.9990234375,1.0
yellow (891).jpg,yellow,0.1650390625,0.189453125,0.3291015625,0.3427734375,0.87890625,0.9990234375,1.0
yellow (892).jpg,yellow,0.1650390625,0.189453125,0.3291015625,0.3427734375,0.87890625,0.9990234375,1.0
yellow (893).jpg,yellow,0.1650390625,0.189453125,0.3291015625,0.3427734375,0.87890625,0.9990234375,1.0
yellow (894).jpg,yellow,0.1650390625,0.189453125,0.3291015625,0.3427734375,0.87890625,0.9990234375,1.0
yellow (895).jpg,yellow,0.1650390625,0.189453125,0.3291015625,0.3427734375,0.87890625,0.9990234375,1.0
yellow (896).jpg,yellow,0.1650390625,0.189453125,0.3291015625,0.3427734375,0.87890625,0.9990234375,1.0
yellow (897).jpg,yellow,0.1650390625,0.189453125,0.3291015625,0.3427734375,0.87890625,0.9990234375,1.0
yellow (898).jpg,yellow,0.1650390625,0.189453125,0.3291015625,0.3427734375,0.87890625,0.9990234375,1.0
yellow (899).jpg,yellow,0.1650390625,0.189453125,0.3291015625,0.3427734375,0.87890625,0.9990234375,1.0
yellow (9).jpg,yellow,0.1650390625,0.189453125,0.3291015625,0.3427734375,0.87890625,0.9990234375,1.0
yellow (90).jpg,yellow,0.171875,0.2041015625,0.3662109375,0.2421875,0.7890625,0.8505859375,0.98046875
yellow (900).jpg,yellow,0.1162109375,0.150390625,0.37109375,0.228515625,0.8466796875,0.8818359375,0.9912109375
yellow (901).jpg,yellow,0.1650390625,0.189453125,0.3291015625,0.3427734375,0.87890625,0.9990234375,1.0
yellow (902).jpg,yellow,0.1650390625,0.189453125,0.3291015625,0.3427734375,0.87890625,0.9990234375,1.0
yellow (903).jpg,yellow,0.1650390625,0.189453125,0.3291015625,0.3427734375,0.87890625,0.9990234375,1.0
yellow (904).jpg,yellow,0.1650390625,0.189453125,0.3291015625,0.3427734375,0.87890625,0.9990234375,1.0
yellow (905).jpg,yellow,0.1650390625,0.189453125,0.3291015625,0.3427734375,0.87890625,0.9990234375,1.0
yellow (906).jpg,yellow,0.171875,0.2041015625,0.3662109375,0.2421875,0.7890625,0.8505859375,0.98046875
yellow (907).jpg,yellow,0.08984375,0.1884765625,0.40234375,0.2099609375,0.7568359375,0.8916015625,1.0
yellow (908).jpg,yellow,0.2119140625,0.2822265625,0.4072265625,0.4189453125,0.9267578125,1.0,1.0
yellow (909).jpg,yellow,0.4296875,0.490234375,0.578125,0.5234375,0.923828125,0.9912109375,0.9990234375
yellow (91).jpg,yellow,0.08984375,0.1884765625,0.40234375,0.2099609375,0.7568359375,0.8916015625,1.0
yellow (910).jpg,yellow,0.263671875,0.306640625,0.4208984375,0.4091796875,0.90625,1.0,1.0
yellow (911).jpg,yellow,0.1650390625,0.189453125,0.3291015625,0.3427734375,0.87890625,0.9990234375,1.0
yellow (912).jpg,yellow,0.1650390625,0.189453125,0.3291015625,0.3427734375,0.87890625,0.9990234375,1.0
yellow (913).jpg,yellow,0.0986328125,0.1552734375,0.2685546875,0.2666015625,0.857421875,0.947265625,0.986328125
yellow (914).jpg,yellow,0.1650390625,0.189453125,0.3291015625,0.3427734375,0.87890625,0.9990234375,1.0
yellow (915).jpg,yellow,0.1650390625,0.189453125,0.3291015625,0.3427734375,0.87890625,0.9990234375,1.0
yellow (916).jpg,yellow,0.1650390625,0.189453125,0.3291015625,0.3427734375,0.87890625,0.9990234375,1.0
yellow (917).jpg,yellow,0.1650390625,0.189453125,0.3291015625,0.3427734375,0.87890625,0.9990234375,1.0
yellow (918).jpg,yellow,0.1650390625,0.189453125,0.3291015625,0.3427734375,0.87890625,0.9990234375,1.0
yellow (919).jpg,yellow,0.1650390625,0.189453125,0.3291015625,0.3427734375,0.87890625,0.9990234375,1.0
yellow (92).jpg,yellow,0.2119140625,0.2822265625,0.4072265625,0.4189453125,0.9267578125,1.0,1.0
yellow (920).jpg,yellow,0.1650390625,0.189453125,0.3291015625,0.3427734375,0.87890625,0.9990234375,1.0
yellow (921).jpg,yellow,0.1650390625,0.189453125,0.3291015625,0.3427734375,0.87890625,0.9990234375,1.0
yellow (922).jpg,yellow,0.1650390625,0.189453125,0.3291015625,0.3427734375,0.87890625,0.9990234375,1.0
yellow (923).jpg,yellow,0.1650390625,0.189453125,0.3291015625,0.3427734375,0.87890625,0.9990234375,1.0
yellow (924).jpg,yellow,0.1162109375,0.150390625,0.37109375,0.228515625,0.8466796875,0.8818359375,0.9912109375
yellow (925).jpg,yellow,0.1650390625,0.189453125,0.3291015625,0.3427734375,0.87890625,0.9990234375,1.0
yellow (926).jpg,yellow,0.1650390625,0.189453125,0.3291015625,0.3427734375,0.87890625,0.9990234375,1.0
yellow (927).jpg,yellow,0.1650390625,0.189453125,0.3291015625,0.3427734375,0.87890625,0.9990234375,1.0
yellow (928).jpg,yellow,0.1650390625,0.189453125,0.3291015625,0.3427734375,0.87890625,0.9990234375,1.0
yellow (929).jpg,yellow,0.1650390625,0.189453125,0.3291015625,0.3427734375,0.87890625,0.9990234375,1.0
yellow (93).jpg,yellow,0.4296875,0.490234375,0.578125,0.5234375,0.923828125,0.9912109375,0.9990234375
yellow (930).jpg,yellow,0.171875,0.2041015625,0.3662109375,0.2421875,0.7890625,0.8505859375,0.98046875
yellow (931).jpg,yellow,0.08984375,0.1884765625,0.40234375,0.2099609375,0.7568359375,0.8916015625,1.0
yellow (932).jpg,yellow,0.2119140625,0.2822265625,0.4072265625,0.4189453125,0.9267578125,1.0,1.0
yellow (933).jpg,yellow,0.4296875,0.490234375,0.578125,0.5234375,0.923828125,0.9912109375,0.9990234375
yellow (934).jpg,yellow,0.263671875,0.306640625,0.4208984375,0.4091796875,0.90625,1.0,1.0
yellow (935).jpg,yellow,0.1650390625,0.189453125,0.3291015625,0.3427734375,0.87890625,0.9990234375,1.0
yellow (936).jpg,yellow,0.1650390625,0.189453125,0.3291015625,0.3427734375,0.87890625,0.9990234375,1.0
yellow (937).jpg,yellow,0.0986328125,0.1552734375,0.2685546875,0.2666015625,0.857421875,0.947265625,0.986328125
yellow (938).jpg,yellow,0.1650390625,0.189453125,0.3291015625,0.3427734375,0.87890625,0.9990234375,1.0
yellow (939).jpg,yellow,0.1650390625,0.189453125,0.3291015625,0.3427734375,0.87890625,0.9990234375,1.0
yellow (94).jpg,yellow,0.263671875,0.306640625,0.4208984375,0.4091796875,0.90625,1.0,1.0
yellow (940).jpg,yellow,0.1650390625,0.189453125,0.3291015625,0.3427734375,0.87890625,0.9990234375,1.0
yellow (941).jpg,yellow,0.1650390625,0.189453125,0.3291015625,0.3427734375,0.87890625,0.9990234375,1.0
yellow (942).jpg,yellow,0.1650390625,0.189453125,0.3291015625,0.3427734375,0.87890625,0.9990234375,1.0
yellow (943).jpg,yellow,0.1650390625,0.189453125,0.3291015625,0.3427734375,0.87890625,0.9990234375,1.0
yellow (944).jpg,yellow,0.1650390625,0.189453125,0.3291015625,0.3427734375,0.87890625,0.9990234375,1.0
yellow (945).jpg,yellow,0.1650390625,0.189453125,0.3291015625,0.3427734375,0.87890625,0.9990234375,1.0
yellow (946).jpg,yellow,0.1650390625,0.189453125,0.3291015625,0.3427734375,0.87890625,0.9990234375,1.0
yellow (947).jpg,yellow,0.1650390625,0.189453125,0.3291015625,0.3427734375,0.87890625,0.9990234375,1.0
yellow (948).jpg,yellow,0.1162109375,0.150390625,0.37109375,0.228515625,0.8466796875,0.8818359375,0.9912109375
yellow (949).jpg,yellow,0.1650390625,0.189453125,0.3291015625,0.3427734375,0.87890625,0.9990234375,1.0
yellow (95).jpg,yellow,0.1650390625,0.189453125,0.3291015625,0.3427734375,0.87890625,0.9990234375,1.0
yellow (950).jpg,yellow,0.1650390625,0.189453125,0.3291015625,0.3427734375,0.87890625,0.9990234375,1.0
yellow (951).jpg,yellow,0.1650390625,0.189453125,0.3291015625,0.3427734375,0.87890625,0.9990234375,1.0
yellow (952).jpg,yellow,0.1650390625,0.189453125,0.3291015625,0.3427734375,0.87890625,0.9990234375,1.0
yellow (953).jpg,yellow,0.1650390625,0.189453125,0.3291015625,0.3427734375,0.87890625,0.9990234375,1.0
yellow (954).jpg,yellow,0.171875,0.2041015625,0.3662109375,0.2421875,0.7890625,0.8505859375,0.98046875
yellow (955).jpg,yellow,0.08984375,0.1884765625,0.40234375,0.2099609375,0.7568359375,0.8916015625,1.0
yellow (956).jpg,yellow,0.2119140625,0.2822265625,0.4072265625,0.4189453125,0.9267578125,1.0,1.0
yellow (957).jpg,yellow,0.4296875,0.490234375,0.578125,0.5234375,0.923828125,0.9912109375,0.9990234375
yellow (958).jpg,yellow,0.263671875,0.306640625,0.4208984375,0.4091796875,0.90625,1.0,1.0
yellow (959).jpg,yellow,0.1650390625,0.189453125,0.3291015625,0.3427734375,0.87890625,0.9990234375,1.0
yellow (96).jpg,yellow,0.1650390625,0.189453125,0.3291015625,0.3427734375,0.87890625,0.9990234375,1.0
yellow (960).jpg,yellow,0.1650390625,0.189453125,0.3291015625,0.3427734375,0.87890625,0.9990234375,1.0
yellow (961).jpg,yellow,0.0986328125,0.1552734375,0.2685546875,0.2666015625,0.857421875,0.947265625,0.986328125
yellow (962).jpg,yellow,0.1650390625,0.189453125,0.3291015625,0.3427734375,0.87890625,0.9990234375,1.0
yellow (963).jpg,yellow,0.1650390625,0.189453125,0.3291015625,0.3427734375,0.87890625,0.9990234375,1.0
yellow (964).jpg,yellow,0.1650390625,0.189453125,0.3291015625,0.3427734375,0.87890625,0.9990234375,1.0
yellow (965).jpg,yellow,0.1650390625,0.189453125,0.3291015625,0.3427734375,0.87890625,0.9990234375,1.0
yellow (966).jpg,yellow,0.1650390625,0.189453125,0.3291015625,0.3427734375,0.87890625,0.9990234375,1.0
yellow (967).jpg,yellow,0.1650390625,0.189453125,0.3291015625,0.3427734375,0.87890625,0.9990234375,1.0
yellow (968).jpg,yellow,0.1650390625,0.189453125,0.3291015625,0.3427734375,0.87890625,0.9990234375,1.0
yellow (969).jpg,yellow,0.1650390625,0.189453125,0.3291015625,0.3427734375,0.87890625,0.9990234375,1.0
yellow (97).jpg,yellow,0.0986328125,0.1552734375,0.2685546875,0.2666015625,0.857421875,0.947265625,0.986328125
yellow (970).jpg,yellow,0.1650390625,0.189453125,0.3291015625,0.3427734375,0.87890625,0.9990234375,1.0
yellow (971).jpg,yellow,0.1650390625,0.189453125,0.3291015625,0.3427734375,0.87890625,0.9990234375,1.0
yellow (972).jpg,yellow,0.1162109375,0.150390625,0.37109375,0.228515625,0.8466796875,0.8818359375,0.9912109375
yellow (973).jpg,yellow,0.1650390625,0.189453125,0.3291015625,0.3427734375,0.87890625,0.9990234375,1.0
yellow (974).jpg,yellow,0.1650390625,0.189453125,0.3291015625,0.3427734375,0.87890625,0.9990234375,1.0
yellow (975).jpg,yellow,0.1650390625,0.189453125,0.3291015625,0.3427734375,0.87890625,0.9990234375,1.0
yellow (976).jpg,yellow,0.1650390625,0.189453125,0.3291015625,0.3427734375,0.87890625,0.9990234375,1.0
yellow (977).jpg,yellow,0.1650390625,0.189453125,0.3291015625,0.3427734375,0.87890625,0.9990234375,1.0
yellow (978).jpg,yellow,0.171875,0.2041015625,0.3662109375,0.2421875,0.7890625,0.8505859375,0.98046875
yellow (979).jpg,yellow,0.08984375,0.1884765625,0.40234375,0.2099609375,0.7568359375,0.8916015625,1.0
yellow (98).jpg,yellow,0.1650390625,0.189453125,0.3291015625,0.3427734375,0.87890625,0.9990234375,1.0
yellow (980).jpg,yellow,0.2119140625,0.2822265625,0.4072265625,0.4189453125,0.9267578125,1.0,1.0
yellow (981).jpg,yellow,0.4296875,0.490234375,0.578125,0.5234375,0.923828125,0.9912109375,0.9990234375
yellow (982).jpg,yellow,0.263671875,0.306640625,0.4208984375,0.4091796875,0.90625,1.0,1.0
yellow (983).jpg,yellow,0.1650390625,0.189453125,0.3291015625,0.3427734375,0.87890625,0.9990234375,1.0
yellow (984).jpg,yellow,0.1650390625,0.189453125,0.3291015625,0.3427734375,0.87890625,0.9990234375,1.0
yellow (985).jpg,yellow,0.0986328125,0.1552734375,0.2685546875,0.2666015625,0.857421875,0.947265625,0.986328125
yellow (986).jpg,yellow,0.1650390625,0.189453125,0.3291015625,0.3427734375,0.87890625,0.9990234375,1.0
yellow (987).jpg,yellow,0.1650390625,0.189453125,0.3291015625,0.3427734375,0.87890625,0.9990234375,1.0
yellow (988).jpg,yellow,0.1650390625,0.189453125,0.3291015625,0.3427734375,0.87890625,0.9990234375,1.0
yellow (989).jpg,yellow,0.1650390625,0.189453125,0.3291015625,0.3427734375,0.87890625,0.9990234375,1.0
yellow (99).jpg,yellow,0.1650390625,0.189453125,0.3291015625,0.3427734375,0.87890625,0.9990234375,1.0
yellow (990).jpg,yellow,0.1650390625,0.189453125,0.3291015625,0.3427734375,0.87890625,0.9990234375,1.0
yellow (991).jpg,yellow,0.1650390625,0.189453125,0.3291015625,0.3427734375,0.87890625,0.9990234375,1.0
yellow (992).jpg,yellow,0.1650390625,0.189453125,0.3291015625,0.3427734375,0.87890625,0.9990234375,1.0
yellow (993).jpg,yellow,0.1650390625,0.189453125,0.3291015625,0.3427734375,0.87890625,0.9990234375,1.0
yellow (994).jpg,yellow,0.1650390625,0.189453125,0.3291015625,0.3427734375,0.87890625,0.9990234375,1.0
yellow (995).jpg,yellow,0.1650390625,0.189453125,0.3291015625,0.3427734375,0.87890625,0.9990234375,1.0
yellow (996).jpg,yellow,0.1162109375,0.150390625,0.37109375,0.228515625,0.8466796875,0.8818359375,0.9912109375
yellow (997).jpg,yellow,0.1650390625,0.189453125,0.3291015625,0.3427734375,0.87890625,0.9990234375,1.0
yellow (998).jpg,yellow,0.1650390625,0.189453125,0.3291015625,0.3427734375,0.87890625,0.9990234375,1.0
yellow (999).jpg,yellow,0.1650390625,0.189453125,0.3291015625,0.3427734375,0.87890625,0.9990234375,1.0
